id,major_category,label,prefecture,admin2,prefecture_coordinate_terrain,admin2_coordinate_terrain,terrain_changed,distortion_type,prefecture_coordinate_dist_water_km,admin2_dist_water_km,delta_water_km,prefecture_coordinate_dist_coast_km,admin2_dist_coast_km,delta_coast_km,support_area_reduction_ratio,place_description_categories,strict_interface_types
0640005,その他,Other,新潟県,佐渡市,coastal,coastal,False,same_class,0.334,0.31,-0.024,2.178,7.982,5.804,0.93231,mobility,mountain_route
0640037,テング,Tengu,静岡県,川根町,coastal,inland_water,True,coastal_to_inland_water,1.85,0.098,-1.752,5.119,21.062,15.943,0.98423,boundary;hydrology;taboo_time_weather,waterside_boundary;water_danger_norm;mountain_boundary
0640047_003,カッパ,Kappa,熊本県,天草市,plain,coastal,True,plain_to_coastal,0.698,0.256,-0.442,12.221,6.277,-5.944,0.89333,hydrology,
0640047_004,カッパ,Kappa,長崎県,対馬市,coastal,coastal,False,same_class,0.115,0.007,-0.108,2.658,1.425,-1.233,0.82543,hydrology;livelihood;taboo_time_weather,water_danger_norm;water_livelihood
0640053_001,イヌガミ,Inugami,徳島県,阿波市,coastal,inland_water,True,coastal_to_inland_water,0.087,0.035,-0.052,3.822,15.139,11.317,0.9524,,
0640065,タヌキ,Tanuki,新潟県,佐渡市,coastal,coastal,False,same_class,0.334,0.31,-0.024,2.178,7.982,5.804,0.93231,mobility,mountain_route
0640071_002,その他,Other,長野県,松本市,valley,valley,False,same_class,0.121,0.7,0.579,51.74,72.63,20.89,0.93045,boundary;hydrology;livelihood;mobility;taboo_time_weather,water_crossing;waterside_boundary;water_danger_norm;mountain_route;mountain_boundary;water_livelihood
0640084,タヌキ,Tanuki,愛媛県,松山市,coastal,coastal,False,same_class,0.717,0.72,0.003,6.315,7.285,0.97,0.92332,,
0640129_005,キツネ,Kitsune,愛知県,豊川市,plain,coastal,True,plain_to_coastal,1.099,0.544,-0.555,10.163,9.093,-1.07,0.98027,hydrology;livelihood,water_livelihood
0640162,その他,Other,徳島県,阿波市,coastal,inland_water,True,coastal_to_inland_water,0.087,0.035,-0.052,3.822,15.139,11.317,0.9524,hydrology,
0640174,その他,Other,愛媛県,松山市,coastal,coastal,False,same_class,0.717,0.72,0.003,6.315,7.285,0.97,0.92332,boundary;death_ritual;dwelling;hydrology,waterside_boundary;mountain_boundary;domestic_threshold;mortuary_boundary
0640175,その他,Other,愛媛県,松山市,coastal,coastal,False,same_class,0.717,0.72,0.003,6.315,7.285,0.97,0.92332,death_ritual;hydrology;taboo_time_weather,water_danger_norm
0640203,その他,Other,栃木県,足利市,valley,valley,False,same_class,0.346,0.79,0.444,66.5,83.266,16.766,0.97244,hydrology,
0640238,その他,Other,新潟県,佐渡市,coastal,coastal,False,same_class,0.334,0.31,-0.024,2.178,7.982,5.804,0.93231,livelihood;mobility,coastal_landing
0640310,タヌキ,Tanuki,新潟県,佐渡市,coastal,coastal,False,same_class,0.334,0.31,-0.024,2.178,7.982,5.804,0.93231,mobility,mountain_route
1490016,その他,Other,和歌山県,和歌山市,coastal,coastal,False,same_class,0.708,0.01,-0.698,2.822,8.731,5.909,0.95481,dwelling;hydrology,
2400001,その他,Other,島根県,出雲市,coastal,coastal,False,same_class,0.07,0.125,0.055,8.304,7.158,-1.146,0.91995,livelihood;taboo_time_weather,
0690212,テング,Tengu,静岡県,大井川町,coastal,coastal,False,same_class,1.85,0.214,-1.636,5.119,1.979,-3.14,0.99732,hydrology;taboo_time_weather,water_danger_norm
0690035,その他,Other,京都府,京都市,inland_water,inland_water,False,same_class,0.322,0.213,-0.109,48.255,40.922,-7.333,0.81776,dwelling;taboo_time_weather,
0690040,ヘビ・リュウ,Snake/Dragon,和歌山県,日高川町,coastal,inland_water,True,coastal_to_inland_water,0.708,0.41,-0.298,2.822,20.029,17.207,0.92839,boundary;hydrology;mobility,water_crossing;waterside_boundary;mountain_route;mountain_boundary
0690064,その他,Other,京都府,京都市,inland_water,inland_water,False,same_class,0.322,0.213,-0.109,48.255,40.922,-7.333,0.81776,hydrology;mobility,water_crossing;coastal_landing
0690071,その他,Other,鹿児島県,阿久根市,coastal,coastal,False,same_class,0.913,0.238,-0.675,0.301,3.142,2.841,0.98343,hydrology;livelihood;mobility,water_crossing;mountain_route;water_livelihood
1300007,その他,Other,長崎県,島原市,coastal,coastal,False,same_class,0.115,0.506,0.391,2.658,3.739,1.081,0.97844,mobility,mountain_route;coastal_landing
1300009,その他,Other,長崎県,島原市,coastal,coastal,False,same_class,0.115,0.506,0.391,2.658,3.739,1.081,0.97844,hydrology;mobility,water_crossing;mountain_route;coastal_landing
1300010,その他,Other,長崎県,島原市,coastal,coastal,False,same_class,0.115,0.506,0.391,2.658,3.739,1.081,0.97844,mobility,coastal_landing
1300012,その他,Other,長崎県,島原市,coastal,coastal,False,same_class,0.115,0.506,0.391,2.658,3.739,1.081,0.97844,mobility;taboo_time_weather,mountain_route;coastal_landing
2400016,その他,Other,鹿児島県,鹿児島市,coastal,coastal,False,water_proximity_lost,0.913,3.684,2.771,0.301,3.671,3.37,0.94441,taboo_time_weather,
0690223_001,その他,Other,茨城県,茨城町,plain,plain,False,same_class,1.062,0.915,-0.147,12.361,14.174,1.813,0.98185,,
0690231,その他,Other,香川県,高松市,coastal,inland_water,True,coastal_to_inland_water,0.779,0.202,-0.577,1.632,10.573,8.941,0.77596,,
1300043,オニ,Oni,徳島県,徳島市,coastal,coastal,False,same_class,0.087,0.162,0.075,3.822,7.566,3.744,0.95468,,
1300083,その他,Other,大阪府,大阪市,coastal,coastal,False,same_class,0.559,0.029,-0.53,9.858,9.231,-0.627,0.88369,boundary;mobility,
1300110,その他,Other,静岡県,大井川町,coastal,coastal,False,same_class,1.85,0.214,-1.636,5.119,1.979,-3.14,0.99732,boundary;dwelling;hydrology;livelihood,waterside_boundary;domestic_threshold;water_livelihood
2400021,カッパ,Kappa,福岡県,柳川市,coastal,coastal,False,same_class,0.833,0.128,-0.705,2.057,4.499,2.442,0.98631,boundary;death_ritual;hydrology,waterside_boundary;mortuary_boundary
2400028,カッパ,Kappa,山口県,防府市,inland_water,coastal,True,inland_water_to_coastal,0.192,0.302,0.11,17.248,5.787,-11.461,0.96997,boundary;hydrology,waterside_boundary
2400041,キツネ,Kitsune,岡山県,美作市,coastal,inland_water,True,coastal_to_inland_water,0.159,0.411,0.252,7.431,34.84,27.409,0.94136,dwelling,
2400043,ユウレイ,Yurei,福岡県,豊前市,coastal,coastal,False,same_class,0.833,0.497,-0.336,2.057,6.557,4.5,0.97749,death_ritual,
2400047,キツネ,Kitsune,大阪府,大阪市,coastal,coastal,False,same_class,0.559,0.029,-0.53,9.858,9.231,-0.627,0.88369,livelihood,
2400053,その他,Other,大阪府,大阪市,coastal,coastal,False,same_class,0.559,0.029,-0.53,9.858,9.231,-0.627,0.88369,livelihood,
2400074,キツネ,Kitsune,島根県,出雲市,coastal,coastal,False,same_class,0.07,0.125,0.055,8.304,7.158,-1.146,0.91995,livelihood,
2400075,キツネ,Kitsune,島根県,出雲市,coastal,coastal,False,same_class,0.07,0.125,0.055,8.304,7.158,-1.146,0.91995,dwelling,
2400084,キツネ,Kitsune,島根県,江津市,coastal,coastal,False,same_class,0.07,0.36,0.29,8.304,6.541,-1.763,0.95814,boundary;dwelling,domestic_threshold
2400113,タヌキ,Tanuki,徳島県,小松島市,coastal,coastal,False,same_class,0.087,0.005,-0.082,3.822,2.333,-1.489,0.98906,boundary;livelihood,mountain_boundary
2400114,キツネ,Kitsune,兵庫県,淡路市,coastal,coastal,False,same_class,0.266,0.359,0.093,1.854,3.831,1.977,0.97761,boundary;livelihood;mobility,
2400122,その他,Other,徳島県,阿波市,coastal,inland_water,True,coastal_to_inland_water,0.087,0.035,-0.052,3.822,15.139,11.317,0.9524,dwelling;mobility,
2400125,その他,Other,佐賀県,鹿島市,coastal,coastal,False,same_class,0.052,0.414,0.362,8.731,4.86,-3.871,0.95467,dwelling;taboo_time_weather,
2400145,その他,Other,徳島県,阿波市,coastal,inland_water,True,coastal_to_inland_water,0.087,0.035,-0.052,3.822,15.139,11.317,0.9524,death_ritual;dwelling;taboo_time_weather,
2400149,オニ,Oni,愛知県,豊橋市,plain,coastal,True,plain_to_coastal,1.099,0.106,-0.993,10.163,6.045,-4.118,0.94967,boundary;hydrology;mobility,water_crossing;waterside_boundary
0690162,カッパ,Kappa,京都府,木津川市,inland_water,plain,True,inland_water_to_plain,0.322,0.514,0.192,48.255,40.827,-7.428,0.98162,hydrology,
1550025,その他,Other,鳥取県,鳥取市,coastal,plain,True,coastal_to_plain,0.551,0.61,0.059,4.715,12.789,8.074,0.77904,,
1550026,その他,Other,鳥取県,鳥取市,coastal,plain,True,coastal_to_plain,0.551,0.61,0.059,4.715,12.789,8.074,0.77904,death_ritual,
1550027,その他,Other,鳥取県,鳥取市,coastal,plain,True,coastal_to_plain,0.551,0.61,0.059,4.715,12.789,8.074,0.77904,dwelling;hydrology,
0690258,ユウレイ,Yurei,静岡県,静岡市,coastal,inland_water,True,coastal_to_inland_water,1.85,0.369,-1.481,5.119,33.099,27.98,0.82235,death_ritual,
0690170,その他,Other,奈良県,吉野町,inland_water,inland_water,False,same_class,0.312,0.382,0.07,38.579,45.655,7.076,0.97349,mobility,
2240237,その他,Other,兵庫県,伊丹市,coastal,inland_water,True,coastal_to_inland_water,0.266,0.451,0.185,1.854,10.511,8.657,0.99623,boundary,
2240243,その他,Other,兵庫県,神戸市,coastal,inland_water,True,coastal_to_inland_water,0.266,0.262,-0.004,1.854,11.162,9.308,0.9333,boundary;dwelling;livelihood,domestic_threshold
2240244,その他,Other,兵庫県,明石,coastal,coastal,False,same_class,0.266,0.369,0.103,1.854,1.005,-0.849,0.99378,boundary,
2240256,その他,Other,三重県,伊勢市,coastal,coastal,False,same_class,0.512,0.194,-0.318,1.843,5.295,3.452,0.96382,hydrology,
2240264,その他,Other,東京都,八王子市,coastal,inland_water,True,coastal_to_inland_water,0.759,0.052,-0.707,7.763,39.165,31.402,0.91297,boundary,
2240268,その他,Other,石川県,白山市,coastal,plain,True,coastal_to_plain,0.585,0.904,0.319,3.456,25.218,21.762,0.82028,mobility,mountain_route
2240275,その他,Other,愛知県,甚目寺町,plain,plain,False,same_class,1.099,0.537,-0.562,10.163,11.849,1.686,0.99763,boundary,
2240277,その他,Other,千葉県,印旛村,coastal,inland_water,True,coastal_to_inland_water,0.071,0.024,-0.047,3.934,20.955,17.021,0.99065,boundary;death_ritual,mortuary_boundary
2240278,その他,Other,千葉県,印旛村,coastal,inland_water,True,coastal_to_inland_water,0.071,0.024,-0.047,3.934,20.955,17.021,0.99065,boundary,
2240013,その他,Other,沖縄県,読谷村,coastal,coastal,False,same_class,0.294,1.104,0.81,1.663,3.066,1.403,0.9864,,
2240022,その他,Other,秋田県,秋田市,coastal,plain,True,coastal_to_plain,0.83,0.875,0.045,3.702,11.837,8.135,0.9166,death_ritual;livelihood,
2240300,その他,Other,東京都,墨田区,coastal,coastal,False,same_class,0.759,0.652,-0.107,7.763,8.289,0.526,0.9941,boundary;hydrology;livelihood,waterside_boundary;water_livelihood
2320002,その他,Other,奈良県,大和郡山市,inland_water,inland_water,False,same_class,0.312,0.365,0.053,38.579,34.156,-4.423,0.98974,death_ritual;dwelling;mobility;taboo_time_weather,mountain_route
1231372,その他,Other,新潟県,柏崎市,coastal,coastal,False,same_class,0.334,0.057,-0.277,2.178,5.259,3.081,0.96227,,
1231377,その他,Other,兵庫県,西宮市,coastal,coastal,False,same_class,0.266,0.31,0.044,1.854,7.141,5.287,0.98915,boundary;dwelling;livelihood;taboo_time_weather,domestic_threshold
1231381,その他,Other,愛媛県,伊予市,coastal,coastal,False,same_class,0.717,0.479,-0.238,6.315,3.871,-2.444,0.9649,,
1231384,その他,Other,秋田県,秋田市,coastal,plain,True,coastal_to_plain,0.83,0.875,0.045,3.702,11.837,8.135,0.9166,livelihood,
1231389,ユウレイ,Yurei,福島県,磐梯町,inland_water,valley,True,inland_water_to_valley,0.112,0.003,-0.109,43.792,81.493,37.701,0.99526,boundary,
1231430,カッパ,Kappa,愛知県,名古屋市,plain,coastal,True,plain_to_coastal,1.099,1.218,0.119,10.163,6.979,-3.184,0.94089,hydrology,
1231464,ヘビ・リュウ,Snake/Dragon,福井県,敦賀市,plain,coastal,True,plain_to_coastal,0.72,0.042,-0.678,15.763,2.066,-13.697,0.93981,boundary;death_ritual;mobility;taboo_time_weather,coastal_landing;mortuary_boundary
1231493,その他,Other,鹿児島県,徳之島町,coastal,coastal,False,same_class,0.913,0.467,-0.446,0.301,1.515,1.214,0.99003,,
1231507,その他,Other,福岡県,太宰府市,coastal,inland_water,True,coastal_to_inland_water,0.833,0.105,-0.728,2.057,16.318,14.261,0.99424,boundary;mobility,
1231518,その他,Other,長崎県,平戸市,coastal,coastal,False,same_class,0.115,0.457,0.342,2.658,2.661,0.003,0.94164,boundary;dwelling;mobility,coastal_landing;domestic_threshold
1231524,その他,Other,鹿児島県,徳之島町,coastal,coastal,False,same_class,0.913,0.467,-0.446,0.301,1.515,1.214,0.99003,dwelling;hydrology;mobility,water_crossing;coastal_landing
1231525,ヤマノカミ,Yama-no-kami,鹿児島県,徳之島町,coastal,coastal,False,same_class,0.913,0.467,-0.446,0.301,1.515,1.214,0.99003,dwelling;hydrology;mobility,water_crossing;coastal_landing
1231552,オニ,Oni,大阪府,摂津市,coastal,inland_water,True,coastal_to_inland_water,0.559,0.04,-0.519,9.858,17.898,8.04,0.99115,,
1231575,その他,Other,岩手県,遠野市,valley,inland_water,True,valley_to_inland_water,0.257,0.167,-0.09,70.061,36.52,-33.541,0.94668,hydrology;mobility,water_crossing;mountain_route
1231613,その他,Other,岩手県,岩手町,valley,valley,False,same_class,0.257,0.32,0.063,70.061,51.698,-18.363,0.97675,dwelling;mobility,mountain_route;coastal_landing
1231612,ユウレイ,Yurei,岩手県,宮古市,valley,inland_water,True,valley_to_inland_water,0.257,0.255,-0.002,70.061,13.328,-56.733,0.95429,boundary;death_ritual;mobility;taboo_time_weather,mountain_route;mountain_boundary;coastal_landing;mortuary_boundary
1231619,ヘビ・リュウ,Snake/Dragon,兵庫県,加古川市,coastal,coastal,False,same_class,0.266,0.043,-0.223,1.854,7.977,6.123,0.98437,hydrology;taboo_time_weather,water_danger_norm
1231624,その他,Other,茨城県,水戸市,plain,plain,False,same_class,1.062,0.962,-0.1,12.361,17.768,5.407,0.96511,boundary;dwelling;hydrology,waterside_boundary;domestic_threshold
1231634,その他,Other,長野県,信濃町,valley,inland_water,True,valley_to_inland_water,0.121,0.095,-0.026,51.74,37.277,-14.463,0.98993,hydrology,
1231664,ヘビ・リュウ,Snake/Dragon,長崎県,島原市,coastal,coastal,False,same_class,0.115,0.506,0.391,2.658,3.739,1.081,0.97844,livelihood;taboo_time_weather,
1231681,ユウレイ,Yurei,宮城県,登米市,plain,inland_water,True,plain_to_inland_water,0.929,0.138,-0.791,12.244,21.288,9.044,0.9285,boundary;death_ritual,mortuary_boundary
1231688,その他,Other,鹿児島県,喜界町,coastal,coastal,False,water_proximity_lost,0.913,27.857,26.944,0.301,0.682,0.381,0.99351,hydrology,
1231697,その他,Other,愛媛県,松山市,coastal,coastal,False,same_class,0.717,0.72,0.003,6.315,7.285,0.97,0.92332,dwelling;hydrology,
1231726_001,その他,Other,岩手県,雫石町,valley,valley,False,same_class,0.257,0.609,0.352,70.061,73.679,3.618,0.96039,death_ritual,
1231726_002,その他,Other,岩手県,雫石町,valley,valley,False,same_class,0.257,0.609,0.352,70.061,73.679,3.618,0.96039,,
1231758,その他,Other,兵庫県,宝塚市,coastal,inland_water,True,coastal_to_inland_water,0.266,0.301,0.035,1.854,18.605,16.751,0.9883,,
1231770,その他,Other,長崎県,雲仙市,coastal,coastal,False,same_class,0.115,0.13,0.015,2.658,2.629,-0.029,0.95051,taboo_time_weather,
1231795,その他,Other,宮城県,仙台市,plain,inland_water,True,plain_to_inland_water,0.929,0.006,-0.923,12.244,24.813,12.569,0.89071,,
1231816,ユウレイ,Yurei,愛媛県,伊予市,coastal,coastal,False,same_class,0.717,0.479,-0.238,6.315,3.871,-2.444,0.9649,death_ritual;hydrology,
1231832,ユウレイ,Yurei,福岡県,豊前市,coastal,coastal,False,same_class,0.833,0.497,-0.336,2.057,6.557,4.5,0.97749,death_ritual;dwelling;hydrology,
1231852,その他,Other,岩手県,盛岡市,valley,valley,False,same_class,0.257,0.326,0.069,70.061,61.023,-9.038,0.9422,livelihood;taboo_time_weather,
1231888,ヘビ・リュウ,Snake/Dragon,長崎県,島原市,coastal,coastal,False,same_class,0.115,0.506,0.391,2.658,3.739,1.081,0.97844,dwelling;livelihood;mobility;taboo_time_weather,mountain_route;coastal_landing
1231899,その他,Other,長崎県,雲仙市,coastal,coastal,False,same_class,0.115,0.13,0.015,2.658,2.629,-0.029,0.95051,hydrology,
1231901,その他,Other,長崎県,島原市,coastal,coastal,False,same_class,0.115,0.506,0.391,2.658,3.739,1.081,0.97844,dwelling;taboo_time_weather,
1230086,その他,Other,山口県,周防大島町,inland_water,coastal,True,inland_water_to_coastal,0.192,0.642,0.45,17.248,4.285,-12.963,0.97715,mobility,coastal_landing
1230103_001,テング,Tengu,奈良県,奈良市,inland_water,inland_water,False,same_class,0.312,0.229,-0.083,38.579,42.65,4.071,0.92526,,
1230103_002,テング,Tengu,大阪府,大阪市,coastal,coastal,False,same_class,0.559,0.029,-0.53,9.858,9.231,-0.627,0.88369,,
1230105,その他,Other,岩手県,盛岡市,valley,valley,False,same_class,0.257,0.326,0.069,70.061,61.023,-9.038,0.9422,death_ritual;dwelling,
1230107,その他,Other,山口県,周防大島町,inland_water,coastal,True,inland_water_to_coastal,0.192,0.642,0.45,17.248,4.285,-12.963,0.97715,dwelling,
1230110,カッパ,Kappa,北海道,松前町,plain,coastal,True,plain_to_coastal,0.749,0.373,-0.376,13.868,6.573,-7.295,0.99626,,
1230114,その他,Other,北海道,函館市,plain,coastal,True,plain_to_coastal,0.749,0.087,-0.662,13.868,6.651,-7.217,0.9915,taboo_time_weather,
1230116,ヤマノカミ,Yama-no-kami,北海道,長沼町,plain,inland_water,True,plain_to_inland_water,0.749,0.174,-0.575,13.868,37.876,24.008,0.99783,hydrology,
2260094,ユウレイ,Yurei,長崎県,平戸市,coastal,coastal,False,same_class,0.115,0.457,0.342,2.658,2.661,0.003,0.94164,boundary;death_ritual;dwelling;livelihood,domestic_threshold;mortuary_boundary
2260151,その他,Other,石川県,七尾市,coastal,coastal,False,same_class,0.585,0.219,-0.366,3.456,1.747,-1.709,0.92441,livelihood;mobility;taboo_time_weather,
2260161,タヌキ,Tanuki,兵庫県,洲本市,coastal,coastal,False,same_class,0.266,0.25,-0.016,1.854,3.068,1.214,0.97735,boundary,
2260162,タヌキ,Tanuki,兵庫県,洲本市,coastal,coastal,False,same_class,0.266,0.25,-0.016,1.854,3.068,1.214,0.97735,death_ritual;taboo_time_weather,
1231939,その他,Other,沖縄県,沖縄市,coastal,coastal,False,same_class,0.294,0.24,-0.054,1.663,5.02,3.357,0.97991,mobility,coastal_landing
1231949,ネコ,Neko,兵庫県,姫路,coastal,inland_water,True,coastal_to_inland_water,0.266,0.082,-0.184,1.854,16.599,14.745,0.93791,mobility,mountain_route
1231993,その他,Other,長野県,信濃町,valley,inland_water,True,valley_to_inland_water,0.121,0.095,-0.026,51.74,37.277,-14.463,0.98993,boundary;death_ritual;taboo_time_weather,mortuary_boundary
0610024,その他,Other,長野県,佐久市,valley,valley,False,same_class,0.121,0.277,0.156,51.74,107.724,55.984,0.96883,death_ritual;dwelling,
0640324,タヌキ,Tanuki,東京都,青梅市,coastal,inland_water,True,coastal_to_inland_water,0.759,0.38,-0.379,7.763,49.56,41.797,0.94943,,
0640356_004,キツネ,Kitsune,沖縄県,那覇市,coastal,coastal,False,same_class,0.294,0.134,-0.16,1.663,2.622,0.959,0.98192,dwelling,
2260190,その他,Other,長野県,白馬村,valley,inland_water,True,valley_to_inland_water,0.121,0.002,-0.119,51.74,35.557,-16.183,0.9861,hydrology;livelihood,water_livelihood
1232015,その他,Other,沖縄県,沖縄市,coastal,coastal,False,same_class,0.294,0.24,-0.054,1.663,5.02,3.357,0.97991,,
1232023,その他,Other,栃木県,那珂川町,valley,inland_water,True,valley_to_inland_water,0.346,0.472,0.126,66.5,48.094,-18.406,0.97055,boundary;hydrology;livelihood,waterside_boundary;mountain_boundary;water_livelihood
1232025,キツネ,Kitsune,群馬県,館林市,valley,valley,False,same_class,0.144,0.003,-0.141,103.572,68.613,-34.959,0.99065,death_ritual;livelihood;taboo_time_weather,
1232027,その他,Other,京都府,京都市,inland_water,inland_water,False,same_class,0.322,0.213,-0.109,48.255,40.922,-7.333,0.81776,hydrology,
1232031,その他,Other,福井県,若狭町,plain,coastal,True,plain_to_coastal,0.72,0.223,-0.497,15.763,6.179,-9.584,0.95746,boundary,
1232045,その他,Other,沖縄県,糸満市,coastal,coastal,False,water_proximity_lost,0.294,2.044,1.75,1.663,3.164,1.501,0.97948,boundary;livelihood;taboo_time_weather,mountain_boundary
1232113,その他,Other,岐阜県,美濃市,plain,valley,True,plain_to_valley,0.575,0.66,0.085,35.777,54.063,18.286,0.98895,hydrology,
1232122,その他,Other,岩手県,盛岡市,valley,valley,False,same_class,0.257,0.326,0.069,70.061,61.023,-9.038,0.9422,dwelling;hydrology;livelihood,water_livelihood
1232163,その他,Other,山梨県,韮崎市,valley,valley,False,same_class,0.11,0.023,-0.087,59.395,68.641,9.246,0.96766,boundary;death_ritual,mortuary_boundary
0610048,テング,Tengu,長野県,立科町,valley,valley,False,same_class,0.121,0.047,-0.074,51.74,101.467,49.727,0.99467,,
0610050,カッパ,Kappa,長野県,諏訪市,valley,valley,False,same_class,0.121,0.6,0.479,51.74,108.379,56.639,0.99186,hydrology;livelihood;taboo_time_weather,water_danger_norm;water_livelihood
1230140,テング,Tengu,埼玉県,秩父市,plain,valley,True,plain_to_valley,0.918,0.218,-0.7,24.899,86.731,61.832,0.84678,boundary;hydrology,waterside_boundary;mountain_boundary
1230143,テング,Tengu,鳥取県,鳥取市,coastal,plain,True,coastal_to_plain,0.551,0.61,0.059,4.715,12.789,8.074,0.77904,dwelling;taboo_time_weather,
1230147,テング,Tengu,徳島県,阿波市,coastal,inland_water,True,coastal_to_inland_water,0.087,0.035,-0.052,3.822,15.139,11.317,0.9524,boundary;dwelling,mountain_boundary;domestic_threshold
1230149,ユウレイ,Yurei,千葉県,九十九里町,coastal,coastal,False,same_class,0.071,0.093,0.022,3.934,1.347,-2.587,0.99603,death_ritual;mobility,coastal_landing
1230150,その他,Other,三重県,伊勢市,coastal,coastal,False,same_class,0.512,0.194,-0.318,1.843,5.295,3.452,0.96382,death_ritual;mobility,coastal_landing
1230151,ユウレイ,Yurei,三重県,伊勢市,coastal,coastal,False,same_class,0.512,0.194,-0.318,1.843,5.295,3.452,0.96382,boundary;taboo_time_weather,
1230157,カッパ,Kappa,熊本県,南関町,plain,plain,False,same_class,0.698,0.742,0.044,12.221,11.897,-0.324,0.9902,boundary;hydrology,waterside_boundary;mountain_boundary
1230177_002,ユウレイ,Yurei,長崎県,平戸市,coastal,coastal,False,same_class,0.115,0.457,0.342,2.658,2.661,0.003,0.94164,dwelling;mobility;taboo_time_weather,coastal_landing
1232175_002,その他,Other,大阪府,大阪市,coastal,coastal,False,same_class,0.559,0.029,-0.53,9.858,9.231,-0.627,0.88369,hydrology,
2570013,キツネ,Kitsune,長野県,諏訪市,valley,valley,False,same_class,0.121,0.6,0.479,51.74,108.379,56.639,0.99186,death_ritual;mobility,mountain_route
2570025,その他,Other,香川県,高松市,coastal,inland_water,True,coastal_to_inland_water,0.779,0.202,-0.577,1.632,10.573,8.941,0.77596,boundary;dwelling;hydrology;mobility;taboo_time_weather,water_crossing;waterside_boundary;water_danger_norm;mountain_route;mountain_boundary;coastal_landing;domestic_threshold
1232210,タヌキ,Tanuki,兵庫県,洲本市,coastal,coastal,False,same_class,0.266,0.25,-0.016,1.854,3.068,1.214,0.97735,boundary;death_ritual;mobility,mountain_route;mountain_boundary;coastal_landing;mortuary_boundary
1232212_001,タヌキ,Tanuki,兵庫県,洲本市,coastal,coastal,False,same_class,0.266,0.25,-0.016,1.854,3.068,1.214,0.97735,dwelling;taboo_time_weather,
1232240,テング,Tengu,奈良県,奈良市,inland_water,inland_water,False,same_class,0.312,0.229,-0.083,38.579,42.65,4.071,0.92526,taboo_time_weather,
0550046,その他,Other,京都府,京都市,inland_water,inland_water,False,same_class,0.322,0.213,-0.109,48.255,40.922,-7.333,0.81776,death_ritual;hydrology,
0550062,その他,Other,大阪府,大阪市,coastal,coastal,False,same_class,0.559,0.029,-0.53,9.858,9.231,-0.627,0.88369,,
0640477,キツネ,Kitsune,岡山県,岡山市,coastal,plain,True,coastal_to_plain,0.159,0.887,0.728,7.431,16.994,9.563,0.89691,boundary;dwelling;taboo_time_weather,mountain_boundary;domestic_threshold
0640517,その他,Other,福島県,鮫川村,inland_water,plain,True,inland_water_to_plain,0.112,0.727,0.615,43.792,28.439,-15.353,0.99019,dwelling;hydrology;livelihood;mobility,water_crossing;water_livelihood
1230188,ヘビ・リュウ,Snake/Dragon,栃木県,宇都宮市,valley,valley,False,same_class,0.346,0.05,-0.296,66.5,65.988,-0.512,0.93408,boundary,mountain_boundary
1230212,その他,Other,埼玉県,秩父市,plain,valley,True,plain_to_valley,0.918,0.218,-0.7,24.899,86.731,61.832,0.84678,boundary;taboo_time_weather,
1520006,オニ,Oni,大阪府,大阪市,coastal,coastal,False,same_class,0.559,0.029,-0.53,9.858,9.231,-0.627,0.88369,boundary,
2260246,ヘビ・リュウ,Snake/Dragon,神奈川県,横須賀市,coastal,coastal,False,same_class,0.347,1.092,0.745,0.641,1.195,0.554,0.95844,boundary,mountain_boundary
2570015,その他,Other,長崎県,平戸市,coastal,coastal,False,same_class,0.115,0.457,0.342,2.658,2.661,0.003,0.94164,death_ritual;dwelling;mobility,coastal_landing
0550231,その他,Other,大阪府,茨木市,coastal,plain,True,coastal_to_plain,0.559,0.574,0.015,9.858,22.357,12.499,0.96575,dwelling;hydrology,
0550244,その他,Other,大阪府,松原市,coastal,inland_water,True,coastal_to_inland_water,0.559,0.243,-0.316,9.858,13.035,3.177,0.99232,death_ritual;taboo_time_weather,
1232259,その他,Other,佐賀県,佐賀市,coastal,inland_water,True,coastal_to_inland_water,0.052,0.034,-0.018,8.731,15.494,6.763,0.8209,hydrology;livelihood,water_livelihood
1232298,その他,Other,秋田県,秋田市,coastal,plain,True,coastal_to_plain,0.83,0.875,0.045,3.702,11.837,8.135,0.9166,death_ritual;livelihood,
1232299,キツネ,Kitsune,秋田県,秋田市,coastal,plain,True,coastal_to_plain,0.83,0.875,0.045,3.702,11.837,8.135,0.9166,death_ritual;livelihood,
1232300,その他,Other,秋田県,秋田市,coastal,plain,True,coastal_to_plain,0.83,0.875,0.045,3.702,11.837,8.135,0.9166,death_ritual;dwelling;livelihood,
1232342,その他,Other,長野県,青木村,valley,valley,False,same_class,0.121,0.132,0.011,51.74,79.623,27.883,0.99624,death_ritual,
1232506,その他,Other,京都府,舞鶴市,inland_water,coastal,True,inland_water_to_coastal,0.322,0.4,0.078,48.255,4.418,-43.837,0.92643,boundary;hydrology,waterside_boundary
1232562_004,ヘビ・リュウ,Snake/Dragon,千葉県,印旛村,coastal,inland_water,True,coastal_to_inland_water,0.071,0.024,-0.047,3.934,20.955,17.021,0.99065,hydrology;taboo_time_weather,water_danger_norm
1232562_006,ヘビ・リュウ,Snake/Dragon,千葉県,千葉市,coastal,coastal,False,same_class,0.071,0.293,0.222,3.934,8.594,4.66,0.94544,,
0170022,その他,Other,大阪府,大阪市,coastal,coastal,False,same_class,0.559,0.029,-0.53,9.858,9.231,-0.627,0.88369,hydrology,
0910002,キツネ,Kitsune,長野県,諏訪市,valley,valley,False,same_class,0.121,0.6,0.479,51.74,108.379,56.639,0.99186,boundary;livelihood;taboo_time_weather,
0920048,その他,Other,福岡県,筑前町,coastal,inland_water,True,coastal_to_inland_water,0.833,0.014,-0.819,2.057,27.642,25.585,0.98598,death_ritual;mobility,coastal_landing
1230217_002,その他,Other,徳島県,徳島市,coastal,coastal,False,same_class,0.087,0.162,0.075,3.822,7.566,3.744,0.95468,,
1230217_001,その他,Other,沖縄県,沖縄市,coastal,coastal,False,same_class,0.294,0.24,-0.054,1.663,5.02,3.357,0.97991,,
1232605,その他,Other,静岡県,大井川町,coastal,coastal,False,same_class,1.85,0.214,-1.636,5.119,1.979,-3.14,0.99732,death_ritual;dwelling;hydrology,
1232631,その他,Other,三重県,伊勢市,coastal,coastal,False,same_class,0.512,0.194,-0.318,1.843,5.295,3.452,0.96382,boundary;death_ritual;dwelling;hydrology;taboo_time_weather,waterside_boundary;water_danger_norm;mountain_boundary;domestic_threshold;mortuary_boundary
0170028,カッパ,Kappa,奈良県,下北山村,inland_water,inland_water,False,same_class,0.312,0.258,-0.054,38.579,21.633,-16.946,0.96281,dwelling;hydrology,
1230277_001,キツネ,Kitsune,奈良県,奈良市,inland_water,inland_water,False,same_class,0.312,0.229,-0.083,38.579,42.65,4.071,0.92526,,
1230277_005,その他,Other,大阪府,泉南市,coastal,coastal,False,same_class,0.559,0.094,-0.465,9.858,5.442,-4.416,0.97337,boundary;hydrology,waterside_boundary
1232718,その他,Other,三重県,熊野市,coastal,coastal,False,same_class,0.512,0.639,0.127,1.843,8.585,6.742,0.92487,death_ritual,
1232717,その他,Other,三重県,熊野市,coastal,coastal,False,same_class,0.512,0.639,0.127,1.843,8.585,6.742,0.92487,,
1232727,その他,Other,富山県,立山町,coastal,inland_water,True,coastal_to_inland_water,0.098,0.375,0.277,7.094,17.859,10.765,0.92909,,
1232773,その他,Other,奈良県,奈良市,inland_water,inland_water,False,same_class,0.312,0.229,-0.083,38.579,42.65,4.071,0.92526,,
1232778,その他,Other,奈良県,奈良市,inland_water,inland_water,False,same_class,0.312,0.229,-0.083,38.579,42.65,4.071,0.92526,boundary,mountain_boundary
1232775,その他,Other,奈良県,奈良市,inland_water,inland_water,False,same_class,0.312,0.229,-0.083,38.579,42.65,4.071,0.92526,death_ritual,
1232783,その他,Other,奈良県,奈良市,inland_water,inland_water,False,same_class,0.312,0.229,-0.083,38.579,42.65,4.071,0.92526,boundary;hydrology,waterside_boundary;mountain_boundary
1232831,その他,Other,熊本県,高森町,plain,valley,True,plain_to_valley,0.698,0.255,-0.443,12.221,53.373,41.152,0.97753,boundary;taboo_time_weather,mountain_boundary
1232844_001,その他,Other,宮崎県,延岡市,coastal,plain,True,coastal_to_plain,0.618,0.507,-0.111,3.341,12.151,8.81,0.88855,hydrology,
1232844_004,その他,Other,宮崎県,高千穂町,coastal,inland_water,True,coastal_to_inland_water,0.618,0.412,-0.206,3.341,40.953,37.612,0.97299,hydrology,
1232851,その他,Other,和歌山県,和歌山市,coastal,coastal,False,same_class,0.708,0.01,-0.698,2.822,8.731,5.909,0.95481,livelihood,
1232878,その他,Other,東京都,渋谷区,coastal,coastal,False,same_class,0.759,0.592,-0.167,7.763,5.59,-2.173,0.99354,boundary;death_ritual;dwelling;hydrology;taboo_time_weather,waterside_boundary;water_danger_norm;mountain_boundary;domestic_threshold;mortuary_boundary
1232885,ヘビ・リュウ,Snake/Dragon,長野県,長野市,valley,valley,False,same_class,0.121,0.759,0.638,51.74,51.282,-0.458,0.9456,boundary;death_ritual;livelihood,mountain_boundary;mortuary_boundary
1232887,カッパ,Kappa,静岡県,静岡市,coastal,inland_water,True,coastal_to_inland_water,1.85,0.369,-1.481,5.119,33.099,27.98,0.82235,hydrology;livelihood;taboo_time_weather,water_danger_norm;water_livelihood
1232894,タヌキ,Tanuki,三重県,四日市市,coastal,plain,True,coastal_to_plain,0.512,0.518,0.006,1.843,10.095,8.252,0.96518,boundary;dwelling;mobility,mountain_route;mountain_boundary;domestic_threshold
1232892,その他,Other,三重県,伊勢市,coastal,coastal,False,same_class,0.512,0.194,-0.318,1.843,5.295,3.452,0.96382,boundary;livelihood,
1232900,その他,Other,兵庫県,神戸市,coastal,inland_water,True,coastal_to_inland_water,0.266,0.262,-0.004,1.854,11.162,9.308,0.9333,dwelling,
1232910,ユウレイ,Yurei,広島県,尾道市,coastal,coastal,False,same_class,0.591,0.841,0.25,5.041,8.892,3.851,0.96525,boundary;death_ritual;livelihood;mobility,coastal_landing;mortuary_boundary
1232920,タヌキ,Tanuki,香川県,高松市,coastal,inland_water,True,coastal_to_inland_water,0.779,0.202,-0.577,1.632,10.573,8.941,0.77596,boundary,
1232915,その他,Other,香川県,高松市,coastal,inland_water,True,coastal_to_inland_water,0.779,0.202,-0.577,1.632,10.573,8.941,0.77596,,
1232916,その他,Other,香川県,高松市,coastal,inland_water,True,coastal_to_inland_water,0.779,0.202,-0.577,1.632,10.573,8.941,0.77596,hydrology;livelihood;taboo_time_weather,water_danger_norm;water_livelihood
1232929,その他,Other,福岡県,久留米市,coastal,inland_water,True,coastal_to_inland_water,0.833,0.377,-0.456,2.057,29.021,26.964,0.9549,,
1232928,テング,Tengu,福岡県,久留米市,coastal,inland_water,True,coastal_to_inland_water,0.833,0.377,-0.456,2.057,29.021,26.964,0.9549,hydrology;taboo_time_weather,water_danger_norm
1232933,カッパ,Kappa,福岡県,豊前市,coastal,coastal,False,same_class,0.833,0.497,-0.336,2.057,6.557,4.5,0.97749,hydrology;livelihood,water_livelihood
1232932,カッパ,Kappa,福岡県,久留米市,coastal,inland_water,True,coastal_to_inland_water,0.833,0.377,-0.456,2.057,29.021,26.964,0.9549,hydrology,
1232951,その他,Other,岩手県,陸前高田市,valley,coastal,True,valley_to_coastal,0.257,0.431,0.174,70.061,6.692,-63.369,0.98551,dwelling;livelihood,
1232956,カッパ,Kappa,福岡県,筑後市,coastal,inland_water,True,coastal_to_inland_water,0.833,0.234,-0.599,2.057,13.612,11.555,0.99057,hydrology,
1232961,その他,Other,新潟県,佐渡市,coastal,coastal,False,same_class,0.334,0.31,-0.024,2.178,7.982,5.804,0.93231,boundary;death_ritual;dwelling;hydrology;livelihood;mobility;taboo_time_weather,water_crossing;waterside_boundary;water_danger_norm;mountain_route;mountain_boundary;domestic_threshold;mortuary_boundary;water_livelihood
1233000,その他,Other,山梨県,増穂町,valley,valley,False,same_class,0.11,0.032,-0.078,59.395,50.586,-8.809,0.98603,boundary;dwelling,mountain_boundary;domestic_threshold
1232995,オニ,Oni,秋田県,男鹿市,coastal,coastal,False,same_class,0.83,0.739,-0.091,3.702,2.328,-1.374,0.97936,,
1233004,その他,Other,山梨県,身延町,valley,inland_water,True,valley_to_inland_water,0.11,0.273,0.163,59.395,33.911,-25.484,0.93307,,
1233020,その他,Other,東京都,渋谷区,coastal,coastal,False,same_class,0.759,0.592,-0.167,7.763,5.59,-2.173,0.99354,dwelling;mobility;taboo_time_weather,mountain_route
0240006,ヘビ・リュウ,Snake/Dragon,鳥取県,若桜町,coastal,plain,True,coastal_to_plain,0.551,0.786,0.235,4.715,29.612,24.897,0.94178,death_ritual;dwelling;hydrology;mobility,water_crossing;mountain_route
0240007,オニ,Oni,鳥取県,若桜町,coastal,plain,True,coastal_to_plain,0.551,0.786,0.235,4.715,29.612,24.897,0.94178,taboo_time_weather,
2290003,その他,Other,鹿児島県,鹿児島市,coastal,coastal,False,water_proximity_lost,0.913,3.684,2.771,0.301,3.671,3.37,0.94441,,
1233053,その他,Other,兵庫県,西宮市,coastal,coastal,False,same_class,0.266,0.31,0.044,1.854,7.141,5.287,0.98915,boundary;hydrology;livelihood;mobility,water_crossing;waterside_boundary;mountain_route;mountain_boundary;water_livelihood
1233061,その他,Other,山口県,下関市,inland_water,coastal,True,inland_water_to_coastal,0.192,0.396,0.204,17.248,7.145,-10.103,0.88168,boundary;dwelling;taboo_time_weather,domestic_threshold
1233066,ネコ,Neko,香川県,高松市,coastal,inland_water,True,coastal_to_inland_water,0.779,0.202,-0.577,1.632,10.573,8.941,0.77596,death_ritual;livelihood;taboo_time_weather,
2180680,その他,Other,青森県,八戸市,coastal,coastal,False,same_class,1.172,0.254,-0.918,1.529,7.45,5.921,0.96774,dwelling,
0240056,キツネ,Kitsune,鳥取県,智頭町,coastal,plain,True,coastal_to_plain,0.551,1.372,0.821,4.715,34.13,29.415,0.93557,taboo_time_weather,
0240057,ヘビ・リュウ,Snake/Dragon,鳥取県,鳥取市,coastal,plain,True,coastal_to_plain,0.551,0.61,0.059,4.715,12.789,8.074,0.77904,dwelling;hydrology,
0550167,キツネ,Kitsune,大阪府,大阪市,coastal,coastal,False,same_class,0.559,0.029,-0.53,9.858,9.231,-0.627,0.88369,,
0550169,キツネ,Kitsune,徳島県,徳島市,coastal,coastal,False,same_class,0.087,0.162,0.075,3.822,7.566,3.744,0.95468,hydrology,
0780065,その他,Other,新潟県,糸魚川市,coastal,inland_water,True,coastal_to_inland_water,0.334,0.278,-0.056,2.178,10.46,8.282,0.93891,hydrology;mobility,water_crossing;coastal_landing
1230436,その他,Other,栃木県,日光市,valley,valley,False,same_class,0.346,0.413,0.067,66.5,101.887,35.387,0.77425,,
1230486,その他,Other,長崎県,長崎市,coastal,coastal,False,same_class,0.115,0.678,0.563,2.658,5.827,3.169,0.9066,boundary;mobility;taboo_time_weather,mountain_route;mountain_boundary;coastal_landing
1230513,その他,Other,鹿児島県,鹿児島市,coastal,coastal,False,water_proximity_lost,0.913,3.684,2.771,0.301,3.671,3.37,0.94441,death_ritual,
1230572,ヘビ・リュウ,Snake/Dragon,京都府,亀岡市,inland_water,inland_water,False,same_class,0.322,0.059,-0.263,48.255,36.952,-11.303,0.95074,hydrology,
1230577_002,その他,Other,奈良県,大和郡山市,inland_water,inland_water,False,same_class,0.312,0.365,0.053,38.579,34.156,-4.423,0.98974,death_ritual;dwelling;taboo_time_weather,
1230591,ヘビ・リュウ,Snake/Dragon,京都府,亀岡市,inland_water,inland_water,False,same_class,0.322,0.059,-0.263,48.255,36.952,-11.303,0.95074,boundary;hydrology;mobility,water_crossing;waterside_boundary;mountain_route;mountain_boundary
1230607,ヒノタマ,Hitodama,京都府,亀岡市,inland_water,inland_water,False,same_class,0.322,0.059,-0.263,48.255,36.952,-11.303,0.95074,boundary;dwelling;hydrology;taboo_time_weather,waterside_boundary;water_danger_norm;mountain_boundary;domestic_threshold
1700004,その他,Other,奈良県,奈良市,inland_water,inland_water,False,same_class,0.312,0.229,-0.083,38.579,42.65,4.071,0.92526,death_ritual,
2180006,その他,Other,鳥取県,鳥取市,coastal,plain,True,coastal_to_plain,0.551,0.61,0.059,4.715,12.789,8.074,0.77904,boundary,
0550261,その他,Other,大阪府,大阪市,coastal,coastal,False,same_class,0.559,0.029,-0.53,9.858,9.231,-0.627,0.88369,mobility;taboo_time_weather,
1230669_003,その他,Other,青森県,十和田市,coastal,inland_water,True,coastal_to_inland_water,1.172,0.054,-1.118,1.529,33.035,31.506,0.92367,boundary;dwelling;hydrology;livelihood,waterside_boundary;mountain_boundary;domestic_threshold;water_livelihood
1230677,その他,Other,秋田県,秋田市,coastal,plain,True,coastal_to_plain,0.83,0.875,0.045,3.702,11.837,8.135,0.9166,livelihood;mobility;taboo_time_weather,
1230734,キツネ,Kitsune,長野県,長野市,valley,valley,False,same_class,0.121,0.759,0.638,51.74,51.282,-0.458,0.9456,hydrology;mobility,water_crossing
2180043,その他,Other,大阪府,大阪市,coastal,coastal,False,same_class,0.559,0.029,-0.53,9.858,9.231,-0.627,0.88369,taboo_time_weather,
2180045,その他,Other,兵庫県,西宮市,coastal,coastal,False,same_class,0.266,0.31,0.044,1.854,7.141,5.287,0.98915,dwelling;mobility,
2180705,その他,Other,和歌山県,和歌山市,coastal,coastal,False,same_class,0.708,0.01,-0.698,2.822,8.731,5.909,0.95481,taboo_time_weather,
2180727,その他,Other,沖縄県,沖縄市,coastal,coastal,False,same_class,0.294,0.24,-0.054,1.663,5.02,3.357,0.97991,taboo_time_weather,
2180773,その他,Other,岡山県,備前市,coastal,coastal,False,same_class,0.159,0.61,0.451,7.431,9.97,2.539,0.96331,livelihood;mobility,
2180792,その他,Other,徳島県,徳島市,coastal,coastal,False,same_class,0.087,0.162,0.075,3.822,7.566,3.744,0.95468,mobility,coastal_landing
2180840,その他,Other,三重県,伊勢市,coastal,coastal,False,same_class,0.512,0.194,-0.318,1.843,5.295,3.452,0.96382,,
0780105,その他,Other,新潟県,新潟市,coastal,coastal,False,same_class,0.334,0.183,-0.151,2.178,8.162,5.984,0.93863,livelihood;mobility,
0950018,オニ,Oni,島根県,出雲市,coastal,coastal,False,same_class,0.07,0.125,0.055,8.304,7.158,-1.146,0.91995,dwelling;livelihood,
1230888,キツネ,Kitsune,青森県,青森市,coastal,coastal,False,same_class,1.172,0.149,-1.023,1.529,6.031,4.502,0.91447,,
2180052,その他,Other,香川県,多度津町,coastal,coastal,False,same_class,0.779,0.124,-0.655,1.632,0.653,-0.979,0.98589,mobility,
2180061,その他,Other,大分県,臼杵市,coastal,coastal,False,same_class,0.897,0.12,-0.777,1.665,9.424,7.759,0.95407,dwelling;livelihood,
2180915,その他,Other,岐阜県,高山市,plain,valley,True,plain_to_valley,0.575,0.07,-0.505,35.777,68.067,32.29,0.79499,dwelling;hydrology,
2180917,その他,Other,和歌山県,九度山町,coastal,inland_water,True,coastal_to_inland_water,0.708,0.13,-0.578,2.822,30.683,27.861,0.98998,hydrology;taboo_time_weather,water_danger_norm
2180970,その他,Other,島根県,出雲市,coastal,coastal,False,same_class,0.07,0.125,0.055,8.304,7.158,-1.146,0.91995,,
2180977,その他,Other,大分県,中津市,coastal,inland_water,True,coastal_to_inland_water,0.897,0.032,-0.865,1.665,16.763,15.098,0.92444,hydrology;mobility;taboo_time_weather,water_crossing;water_danger_norm
2181066,ヤマノカミ,Yama-no-kami,長野県,原村,valley,valley,False,same_class,0.121,0.007,-0.114,51.74,98.314,46.574,0.99712,dwelling,
2180068,その他,Other,大阪府,摂津市,coastal,inland_water,True,coastal_to_inland_water,0.559,0.04,-0.519,9.858,17.898,8.04,0.99115,boundary;death_ritual;hydrology;taboo_time_weather,waterside_boundary;water_danger_norm;mountain_boundary;mortuary_boundary
2180069,その他,Other,大阪府,豊中市,coastal,plain,True,coastal_to_plain,0.559,0.695,0.136,9.858,10.814,0.956,0.98109,livelihood;mobility;taboo_time_weather,mountain_route
2180073,その他,Other,大阪府,摂津市,coastal,inland_water,True,coastal_to_inland_water,0.559,0.04,-0.519,9.858,17.898,8.04,0.99115,hydrology,
2180077,ヘビ・リュウ,Snake/Dragon,三重県,伊勢市,coastal,coastal,False,same_class,0.512,0.194,-0.318,1.843,5.295,3.452,0.96382,mobility,
2181119_001,その他,Other,三重県,志摩市,coastal,coastal,False,same_class,0.512,0.057,-0.455,1.843,3.314,1.471,0.96744,boundary,
2181110_002,その他,Other,千葉県,酒々井町,coastal,plain,True,coastal_to_plain,0.071,0.825,0.754,3.934,22.127,18.193,0.99674,dwelling;hydrology,
2181110_004,その他,Other,千葉県,印西市,coastal,inland_water,True,coastal_to_inland_water,0.071,0.262,0.191,3.934,20.11,16.176,0.9908,boundary;hydrology,waterside_boundary;mountain_boundary
2181120_003,その他,Other,三重県,志摩市,coastal,coastal,False,same_class,0.512,0.057,-0.455,1.843,3.314,1.471,0.96744,taboo_time_weather,
2181120_001,その他,Other,三重県,志摩市,coastal,coastal,False,same_class,0.512,0.057,-0.455,1.843,3.314,1.471,0.96744,death_ritual;dwelling;mobility,
2181120_002,その他,Other,三重県,志摩市,coastal,coastal,False,same_class,0.512,0.057,-0.455,1.843,3.314,1.471,0.96744,dwelling,
2181120_004,その他,Other,三重県,志摩市,coastal,coastal,False,same_class,0.512,0.057,-0.455,1.843,3.314,1.471,0.96744,death_ritual,
2181119_004,その他,Other,三重県,志摩市,coastal,coastal,False,same_class,0.512,0.057,-0.455,1.843,3.314,1.471,0.96744,boundary;death_ritual;dwelling,domestic_threshold;mortuary_boundary
2181119_002,その他,Other,三重県,志摩市,coastal,coastal,False,same_class,0.512,0.057,-0.455,1.843,3.314,1.471,0.96744,,
2181119_003,キツネ,Kitsune,三重県,志摩市,coastal,coastal,False,same_class,0.512,0.057,-0.455,1.843,3.314,1.471,0.96744,,
2181134_002,その他,Other,三重県,志摩市,coastal,coastal,False,same_class,0.512,0.057,-0.455,1.843,3.314,1.471,0.96744,livelihood,
2181134_003,その他,Other,三重県,志摩市,coastal,coastal,False,same_class,0.512,0.057,-0.455,1.843,3.314,1.471,0.96744,death_ritual;taboo_time_weather,
2181134_006,オニ,Oni,三重県,志摩市,coastal,coastal,False,same_class,0.512,0.057,-0.455,1.843,3.314,1.471,0.96744,death_ritual,
2181134_001,その他,Other,三重県,志摩市,coastal,coastal,False,same_class,0.512,0.057,-0.455,1.843,3.314,1.471,0.96744,dwelling,
2181134_004,その他,Other,三重県,志摩市,coastal,coastal,False,same_class,0.512,0.057,-0.455,1.843,3.314,1.471,0.96744,boundary;death_ritual;dwelling,domestic_threshold;mortuary_boundary
2181134_005,その他,Other,三重県,志摩市,coastal,coastal,False,same_class,0.512,0.057,-0.455,1.843,3.314,1.471,0.96744,,
1830072,その他,Other,大分県,臼杵市,coastal,coastal,False,same_class,0.897,0.12,-0.777,1.665,9.424,7.759,0.95407,dwelling;livelihood,
0550265,ヘビ・リュウ,Snake/Dragon,大阪府,箕面市,coastal,inland_water,True,coastal_to_inland_water,0.559,0.245,-0.314,9.858,19.719,9.861,0.9697,boundary;dwelling;hydrology,waterside_boundary;domestic_threshold
2181259,その他,Other,山梨県,甲州市,valley,valley,False,same_class,0.11,0.331,0.221,59.395,63.431,4.036,0.9399,,
2181288,その他,Other,福島県,郡山市,inland_water,valley,True,inland_water_to_valley,0.112,0.33,0.218,43.792,64.958,21.166,0.94623,,
1830112,その他,Other,岐阜県,高山市,plain,valley,True,plain_to_valley,0.575,0.07,-0.505,35.777,68.067,32.29,0.79499,dwelling;taboo_time_weather,
1231201,その他,Other,徳島県,阿波市,coastal,inland_water,True,coastal_to_inland_water,0.087,0.035,-0.052,3.822,15.139,11.317,0.9524,,
1231215_004,その他,Other,高知県,高知市,coastal,inland_water,True,coastal_to_inland_water,0.389,0.281,-0.108,8.098,10.356,2.258,0.9635,,
2181347,その他,Other,岩手県,遠野市,valley,inland_water,True,valley_to_inland_water,0.257,0.167,-0.09,70.061,36.52,-33.541,0.94668,,
2181354,その他,Other,高知県,本山町,coastal,plain,True,coastal_to_plain,0.389,0.709,0.32,8.098,20.03,11.932,0.97899,hydrology;livelihood,water_livelihood
1231252_002,その他,Other,高知県,宿毛市,coastal,coastal,False,same_class,0.389,0.242,-0.147,8.098,8.455,0.357,0.96151,death_ritual;dwelling,
1231287,その他,Other,岐阜県,多治見市,plain,inland_water,True,plain_to_inland_water,0.575,0.186,-0.389,35.777,33.996,-1.781,0.99094,,
1231286,その他,Other,岐阜県,多治見市,plain,inland_water,True,plain_to_inland_water,0.575,0.186,-0.389,35.777,33.996,-1.781,0.99094,,
2181718,その他,Other,島根県,出雲市,coastal,coastal,False,same_class,0.07,0.125,0.055,8.304,7.158,-1.146,0.91995,boundary;dwelling;taboo_time_weather,domestic_threshold
2181742,その他,Other,石川県,白山市,coastal,plain,True,coastal_to_plain,0.585,0.904,0.319,3.456,25.218,21.762,0.82028,,
2181766,その他,Other,長崎県,長崎市,coastal,coastal,False,same_class,0.115,0.678,0.563,2.658,5.827,3.169,0.9066,boundary;taboo_time_weather,
2180128,その他,Other,新潟県,新潟市,coastal,coastal,False,same_class,0.334,0.183,-0.151,2.178,8.162,5.984,0.93863,,
0110029,イヌガミ,Inugami,徳島県,阿波市,coastal,inland_water,True,coastal_to_inland_water,0.087,0.035,-0.052,3.822,15.139,11.317,0.9524,,
2181968,テング,Tengu,群馬県,片品村,valley,valley,False,same_class,0.144,0.206,0.062,103.572,88.268,-15.304,0.9395,dwelling;hydrology,
0780239,その他,Other,新潟県,新潟市,coastal,coastal,False,same_class,0.334,0.183,-0.151,2.178,8.162,5.984,0.93863,,
2180219,その他,Other,神奈川県,横浜市,coastal,coastal,False,same_class,0.347,0.816,0.469,0.641,7.264,6.623,0.82253,boundary;dwelling;mobility,coastal_landing;domestic_threshold
2180220,その他,Other,神奈川県,横浜市,coastal,coastal,False,same_class,0.347,0.816,0.469,0.641,7.264,6.623,0.82253,mobility;taboo_time_weather,coastal_landing
2180221,その他,Other,神奈川県,川崎市,coastal,inland_water,True,coastal_to_inland_water,0.347,0.296,-0.051,0.641,11.396,10.755,0.93928,dwelling;hydrology,
2180641,キツネ,Kitsune,長野県,箕輪町,valley,valley,False,same_class,0.121,0.079,-0.042,51.74,104.79,53.05,0.99389,dwelling;hydrology;mobility,water_crossing
2181978_001,その他,Other,千葉県,市川市,coastal,coastal,False,same_class,0.071,0.477,0.406,3.934,5.36,1.426,0.99271,hydrology,
2182034,その他,Other,東京都,大田区,coastal,coastal,False,same_class,0.759,0.014,-0.745,7.763,5.82,-1.943,0.97924,dwelling;livelihood,
2182045,ヘビ・リュウ,Snake/Dragon,鹿児島県,志布志市,coastal,coastal,False,same_class,0.913,0.031,-0.882,0.301,8.243,7.942,0.96889,hydrology;mobility;taboo_time_weather,water_crossing;water_danger_norm;coastal_landing
0030033,テング,Tengu,栃木県,那須町,valley,valley,False,same_class,0.346,0.115,-0.231,66.5,64.357,-2.143,0.94059,livelihood,
0030039,テング,Tengu,長崎県,長崎市,coastal,coastal,False,same_class,0.115,0.678,0.563,2.658,5.827,3.169,0.9066,,
0030037,テング,Tengu,埼玉県,秩父市,plain,valley,True,plain_to_valley,0.918,0.218,-0.7,24.899,86.731,61.832,0.84678,dwelling;mobility,mountain_route;coastal_landing
0030036,テング,Tengu,福島県,南会津町,inland_water,valley,True,inland_water_to_valley,0.112,0.126,0.014,43.792,94.636,50.844,0.93498,livelihood,
0150002,ユウレイ,Yurei,三重県,桑名市,coastal,coastal,False,same_class,0.512,0.176,-0.336,1.843,9.971,8.128,0.97667,boundary;death_ritual;dwelling;livelihood,domestic_threshold;mortuary_boundary
0150003,その他,Other,三重県,桑名市,coastal,coastal,False,same_class,0.512,0.176,-0.336,1.843,9.971,8.128,0.97667,dwelling;livelihood,
1870007,ユウレイ,Yurei,兵庫県,明石,coastal,coastal,False,same_class,0.266,0.369,0.103,1.854,1.005,-0.849,0.99378,dwelling;hydrology;livelihood,water_livelihood
1870011,ユウレイ,Yurei,愛知県,名古屋市,plain,coastal,True,plain_to_coastal,1.099,1.218,0.119,10.163,6.979,-3.184,0.94089,,
2180299,ユウレイ,Yurei,静岡県,大井川町,coastal,coastal,False,same_class,1.85,0.214,-1.636,5.119,1.979,-3.14,0.99732,death_ritual;hydrology;taboo_time_weather,water_danger_norm
2200009,その他,Other,熊本県,人吉市,plain,plain,False,same_class,0.698,0.752,0.054,12.221,27.006,14.785,0.97218,livelihood;taboo_time_weather,
2200011,その他,Other,熊本県,天草市,plain,coastal,True,plain_to_coastal,0.698,0.256,-0.442,12.221,6.277,-5.944,0.89333,hydrology,
2200014,ヘビ・リュウ,Snake/Dragon,熊本県,天草市,plain,coastal,True,plain_to_coastal,0.698,0.256,-0.442,12.221,6.277,-5.944,0.89333,hydrology;livelihood;mobility,water_crossing;water_livelihood
2200024,その他,Other,熊本県,人吉市,plain,plain,False,same_class,0.698,0.752,0.054,12.221,27.006,14.785,0.97218,,
2200033,その他,Other,熊本県,球磨村,plain,inland_water,True,plain_to_inland_water,0.698,0.021,-0.677,12.221,16.545,4.324,0.9712,hydrology;livelihood;mobility,water_crossing;mountain_route;water_livelihood
2200037,その他,Other,熊本県,阿蘇市,plain,inland_water,True,plain_to_inland_water,0.698,0.108,-0.59,12.221,49.254,37.033,0.95186,hydrology,
0030100,カッパ,Kappa,鳥取県,伯耆町,coastal,inland_water,True,coastal_to_inland_water,0.551,0.108,-0.443,4.715,15.895,11.18,0.95703,hydrology,
0310164,イヌガミ,Inugami,岡山県,美作市,coastal,inland_water,True,coastal_to_inland_water,0.159,0.411,0.252,7.431,34.84,27.409,0.94136,boundary;hydrology;livelihood;mobility,water_crossing;waterside_boundary;water_livelihood
0310159,その他,Other,岡山県,津山市,coastal,plain,True,coastal_to_plain,0.159,1.313,1.154,7.431,42.527,35.096,0.93038,dwelling,
0310160,その他,Other,岡山県,津山市,coastal,plain,True,coastal_to_plain,0.159,1.313,1.154,7.431,42.527,35.096,0.93038,hydrology;livelihood;mobility,water_crossing;mountain_route;water_livelihood
0310167,その他,Other,岡山県,総社市,coastal,inland_water,True,coastal_to_inland_water,0.159,0.048,-0.111,7.431,19.516,12.085,0.9706,boundary;dwelling,domestic_threshold
0850011_007,キツネ,Kitsune,千葉県,千葉市,coastal,coastal,False,same_class,0.071,0.293,0.222,3.934,8.594,4.66,0.94544,dwelling,
0850011_006,キツネ,Kitsune,千葉県,成田市,coastal,plain,True,coastal_to_plain,0.071,0.729,0.658,3.934,26.944,23.01,0.95904,dwelling;livelihood,
0850027,キツネ,Kitsune,三重県,伊勢市,coastal,coastal,False,same_class,0.512,0.194,-0.318,1.843,5.295,3.452,0.96382,dwelling;hydrology;livelihood,water_livelihood
0850026,キツネ,Kitsune,愛知県,岡崎市,plain,inland_water,True,plain_to_inland_water,1.099,0.238,-0.861,10.163,15.092,4.929,0.92479,dwelling;hydrology;taboo_time_weather,water_danger_norm
0850073,その他,Other,長崎県,平戸市,coastal,coastal,False,same_class,0.115,0.457,0.342,2.658,2.661,0.003,0.94164,dwelling,
0850072,ヘビ・リュウ,Snake/Dragon,高知県,仁淀川町,coastal,inland_water,True,coastal_to_inland_water,0.389,0.496,0.107,8.098,29.113,21.015,0.95333,dwelling;hydrology,
0850081,その他,Other,鹿児島県,鹿児島市,coastal,coastal,False,water_proximity_lost,0.913,3.684,2.771,0.301,3.671,3.37,0.94441,taboo_time_weather,
2210002,キツネ,Kitsune,神奈川県,愛川町,coastal,inland_water,True,coastal_to_inland_water,0.347,0.347,0.0,0.641,24.33,23.689,0.98575,boundary;hydrology,waterside_boundary
0850090,イヌガミ,Inugami,高知県,高知市,coastal,inland_water,True,coastal_to_inland_water,0.389,0.281,-0.108,8.098,10.356,2.258,0.9635,dwelling,
0030138,ヘビ・リュウ,Snake/Dragon,山梨県,道志村,valley,plain,True,valley_to_plain,0.11,0.759,0.649,59.395,30.725,-28.67,0.98305,livelihood;mobility,
0310009,テング,Tengu,岡山県,総社市,coastal,inland_water,True,coastal_to_inland_water,0.159,0.048,-0.111,7.431,19.516,12.085,0.9706,boundary;dwelling;taboo_time_weather,domestic_threshold
0850032,カッパ,Kappa,島根県,浜田市,coastal,inland_water,True,coastal_to_inland_water,0.07,0.398,0.328,8.304,12.416,4.112,0.89373,hydrology;livelihood;mobility,water_crossing;coastal_landing;water_livelihood
0850040,カッパ,Kappa,島根県,浜田市,coastal,inland_water,True,coastal_to_inland_water,0.07,0.398,0.328,8.304,12.416,4.112,0.89373,livelihood;mobility;taboo_time_weather,coastal_landing
2210020,カッパ,Kappa,神奈川県,藤沢市,coastal,coastal,False,same_class,0.347,0.367,0.02,0.641,5.719,5.078,0.97214,hydrology,
2210018,その他,Other,神奈川県,横須賀市,coastal,coastal,False,same_class,0.347,1.092,0.745,0.641,1.195,0.554,0.95844,dwelling,
2360111,キツネ,Kitsune,山形県,米沢市,valley,valley,False,same_class,0.696,0.059,-0.637,53.069,68.389,15.32,0.94111,hydrology,
2360112,ヘビ・リュウ,Snake/Dragon,山形県,米沢市,valley,valley,False,same_class,0.696,0.059,-0.637,53.069,68.389,15.32,0.94111,hydrology,
1100027,キツネ,Kitsune,静岡県,大井川町,coastal,coastal,False,same_class,1.85,0.214,-1.636,5.119,1.979,-3.14,0.99732,dwelling;hydrology;mobility,water_crossing
C0410059-000,その他,Other,宮城県,女川町,plain,coastal,True,plain_to_coastal,0.929,1.602,0.673,12.244,3.537,-8.707,0.99163,boundary;death_ritual;hydrology;mobility,water_crossing;waterside_boundary;mortuary_boundary
C0410204-000,その他,Other,宮城県,栗原市,plain,plain,False,same_class,0.929,0.832,-0.097,12.244,47.021,34.777,0.88946,dwelling;hydrology;livelihood;taboo_time_weather,water_danger_norm;water_livelihood
C0410254-000,その他,Other,宮城県,仙台市,plain,inland_water,True,plain_to_inland_water,0.929,0.006,-0.923,12.244,24.813,12.569,0.89071,,
C0410261-000,その他,Other,宮城県,仙台市,plain,inland_water,True,plain_to_inland_water,0.929,0.006,-0.923,12.244,24.813,12.569,0.89071,,
C0410578-002,その他,Other,宮城県,仙台市,plain,inland_water,True,plain_to_inland_water,0.929,0.006,-0.923,12.244,24.813,12.569,0.89071,boundary;taboo_time_weather,
C0410576-001,その他,Other,宮城県,名取市,plain,coastal,True,plain_to_coastal,0.929,0.441,-0.488,12.244,7.904,-4.34,0.98639,livelihood,
C0410593-000,その他,Other,宮城県,仙台市,plain,inland_water,True,plain_to_inland_water,0.929,0.006,-0.923,12.244,24.813,12.569,0.89071,boundary;hydrology;mobility,water_crossing;waterside_boundary;coastal_landing
C0410596-000,その他,Other,宮城県,仙台市,plain,inland_water,True,plain_to_inland_water,0.929,0.006,-0.923,12.244,24.813,12.569,0.89071,boundary;hydrology;livelihood;mobility;taboo_time_weather,water_crossing;waterside_boundary;water_danger_norm;mountain_route;mountain_boundary;water_livelihood
C0410657-000,その他,Other,宮城県,気仙沼市,plain,coastal,True,plain_to_coastal,0.929,1.207,0.278,12.244,3.512,-8.732,0.96908,boundary;death_ritual;hydrology;taboo_time_weather,waterside_boundary;water_danger_norm;mountain_boundary;mortuary_boundary
C0410660-000,イヌガミ,Inugami,宮城県,仙台市,plain,inland_water,True,plain_to_inland_water,0.929,0.006,-0.923,12.244,24.813,12.569,0.89071,death_ritual;dwelling;hydrology;livelihood;mobility;taboo_time_weather,water_crossing;water_danger_norm;mountain_route;water_livelihood
C0410663-000,その他,Other,宮城県,名取市,plain,coastal,True,plain_to_coastal,0.929,0.441,-0.488,12.244,7.904,-4.34,0.98639,dwelling,
C0410690-000,その他,Other,宮城県,色麻町,plain,inland_water,True,plain_to_inland_water,0.929,0.299,-0.63,12.244,29.81,17.566,0.9844,boundary;hydrology,waterside_boundary
C0410698-000,その他,Other,宮城県,白石市,plain,plain,False,same_class,0.929,0.544,-0.385,12.244,27.367,15.123,0.96029,hydrology;livelihood;mobility,water_crossing;coastal_landing;water_livelihood
C0410700-000,その他,Other,宮城県,名取市,plain,coastal,True,plain_to_coastal,0.929,0.441,-0.488,12.244,7.904,-4.34,0.98639,boundary;dwelling;hydrology;livelihood,waterside_boundary;mountain_boundary;domestic_threshold;water_livelihood
C0410755-000,その他,Other,宮城県,色麻町,plain,inland_water,True,plain_to_inland_water,0.929,0.299,-0.63,12.244,29.81,17.566,0.9844,livelihood,
C0410765-000,その他,Other,宮城県,色麻町,plain,inland_water,True,plain_to_inland_water,0.929,0.299,-0.63,12.244,29.81,17.566,0.9844,hydrology;livelihood;mobility,water_crossing;mountain_route;water_livelihood
C0410748-000,その他,Other,宮城県,名取市,plain,coastal,True,plain_to_coastal,0.929,0.441,-0.488,12.244,7.904,-4.34,0.98639,boundary;dwelling;livelihood;mobility;taboo_time_weather,mountain_route;mountain_boundary;coastal_landing;domestic_threshold
C0410774-000,テング,Tengu,宮城県,仙台市,plain,inland_water,True,plain_to_inland_water,0.929,0.006,-0.923,12.244,24.813,12.569,0.89071,boundary;hydrology;livelihood;mobility;taboo_time_weather,water_crossing;waterside_boundary;water_danger_norm;mountain_route;mountain_boundary;water_livelihood
C0410775-000,その他,Other,宮城県,仙台市,plain,inland_water,True,plain_to_inland_water,0.929,0.006,-0.923,12.244,24.813,12.569,0.89071,boundary;death_ritual;dwelling;hydrology;mobility,water_crossing;waterside_boundary;mountain_route;mountain_boundary;domestic_threshold;mortuary_boundary
C0410758-000,テング,Tengu,宮城県,名取市,plain,coastal,True,plain_to_coastal,0.929,0.441,-0.488,12.244,7.904,-4.34,0.98639,boundary;death_ritual,mountain_boundary;mortuary_boundary
C0410742-000,その他,Other,宮城県,仙台市,plain,inland_water,True,plain_to_inland_water,0.929,0.006,-0.923,12.244,24.813,12.569,0.89071,boundary;dwelling;hydrology;livelihood;taboo_time_weather,waterside_boundary;water_danger_norm;mountain_boundary;domestic_threshold;water_livelihood
C0410783-000,その他,Other,宮城県,七ヶ宿町,plain,plain,False,same_class,0.929,1.104,0.175,12.244,46.745,34.501,0.96444,boundary;dwelling;hydrology;livelihood;mobility,water_crossing;waterside_boundary;mountain_route;mountain_boundary;domestic_threshold;water_livelihood
C0410757-000,その他,Other,宮城県,仙台市,plain,inland_water,True,plain_to_inland_water,0.929,0.006,-0.923,12.244,24.813,12.569,0.89071,dwelling;hydrology;taboo_time_weather,water_danger_norm
C0410784-000,イヌガミ,Inugami,宮城県,仙台市,plain,inland_water,True,plain_to_inland_water,0.929,0.006,-0.923,12.244,24.813,12.569,0.89071,hydrology;livelihood;mobility;taboo_time_weather,water_crossing;water_danger_norm;mountain_route;water_livelihood
C0410741-000,その他,Other,宮城県,仙台市,plain,inland_water,True,plain_to_inland_water,0.929,0.006,-0.923,12.244,24.813,12.569,0.89071,hydrology,
C0410785-000,その他,Other,宮城県,石巻市,plain,inland_water,True,plain_to_inland_water,0.929,0.191,-0.738,12.244,10.259,-1.985,0.92334,boundary;hydrology;livelihood;mobility;taboo_time_weather,water_crossing;waterside_boundary;water_danger_norm;mountain_route;mountain_boundary;water_livelihood
C0410807-000,その他,Other,宮城県,本吉町,plain,coastal,True,plain_to_coastal,0.929,0.336,-0.593,12.244,4.097,-8.147,0.98619,boundary;hydrology;taboo_time_weather,waterside_boundary;water_danger_norm
C0410814-000,その他,Other,宮城県,仙台市,plain,inland_water,True,plain_to_inland_water,0.929,0.006,-0.923,12.244,24.813,12.569,0.89071,dwelling;livelihood,
C0410831-000,その他,Other,宮城県,利府町,plain,coastal,True,plain_to_coastal,0.929,0.461,-0.468,12.244,7.189,-5.055,0.99442,dwelling;hydrology;livelihood;mobility,water_crossing;mountain_route;water_livelihood
C0410834-000,オニ,Oni,宮城県,仙台市,plain,inland_water,True,plain_to_inland_water,0.929,0.006,-0.923,12.244,24.813,12.569,0.89071,boundary;death_ritual;mobility,mountain_route;mountain_boundary;mortuary_boundary
C0410830-000,その他,Other,宮城県,角田市,plain,inland_water,True,plain_to_inland_water,0.929,0.259,-0.67,12.244,13.141,0.897,0.97905,boundary;death_ritual;hydrology;livelihood,waterside_boundary;mountain_boundary;mortuary_boundary;water_livelihood
C0410878-000,その他,Other,宮城県,仙台市,plain,inland_water,True,plain_to_inland_water,0.929,0.006,-0.923,12.244,24.813,12.569,0.89071,boundary,
C0410890-000,その他,Other,宮城県,仙台市,plain,inland_water,True,plain_to_inland_water,0.929,0.006,-0.923,12.244,24.813,12.569,0.89071,boundary;hydrology;livelihood;mobility,water_crossing;waterside_boundary;mountain_route;mountain_boundary;water_livelihood
C0410882-000,その他,Other,宮城県,仙台市,plain,inland_water,True,plain_to_inland_water,0.929,0.006,-0.923,12.244,24.813,12.569,0.89071,boundary;dwelling;hydrology;mobility;taboo_time_weather,water_crossing;waterside_boundary;water_danger_norm;mountain_route;mountain_boundary;domestic_threshold
C0410894-000,その他,Other,宮城県,色麻町,plain,inland_water,True,plain_to_inland_water,0.929,0.299,-0.63,12.244,29.81,17.566,0.9844,boundary;dwelling;hydrology;livelihood;mobility,water_crossing;waterside_boundary;mountain_route;mountain_boundary;coastal_landing;domestic_threshold;water_livelihood
C0410885-000,その他,Other,宮城県,利府町,plain,coastal,True,plain_to_coastal,0.929,0.461,-0.468,12.244,7.189,-5.055,0.99442,boundary;livelihood,mountain_boundary
C0410903-000,ヘビ・リュウ,Snake/Dragon,宮城県,富谷町,plain,inland_water,True,plain_to_inland_water,0.929,0.225,-0.704,12.244,14.336,2.092,0.99283,hydrology;taboo_time_weather,water_danger_norm
C0410906-000,その他,Other,宮城県,仙台市,plain,inland_water,True,plain_to_inland_water,0.929,0.006,-0.923,12.244,24.813,12.569,0.89071,death_ritual;dwelling;livelihood;taboo_time_weather,
C0410915-000,キツネ,Kitsune,宮城県,石巻市,plain,inland_water,True,plain_to_inland_water,0.929,0.191,-0.738,12.244,10.259,-1.985,0.92334,boundary;dwelling;hydrology;livelihood;mobility,water_crossing;waterside_boundary;coastal_landing;domestic_threshold;water_livelihood
C0411006-000,その他,Other,沖縄県,沖縄市,coastal,coastal,False,same_class,0.294,0.24,-0.054,1.663,5.02,3.357,0.97991,,
C0411052-000,その他,Other,秋田県,秋田市,coastal,plain,True,coastal_to_plain,0.83,0.875,0.045,3.702,11.837,8.135,0.9166,death_ritual;dwelling;livelihood,
C0411168-000,ネコ,Neko,宮城県,仙台市,plain,inland_water,True,plain_to_inland_water,0.929,0.006,-0.923,12.244,24.813,12.569,0.89071,death_ritual;dwelling;hydrology;mobility,water_crossing
C0411143-000,その他,Other,秋田県,秋田市,coastal,plain,True,coastal_to_plain,0.83,0.875,0.045,3.702,11.837,8.135,0.9166,death_ritual;livelihood;taboo_time_weather,
C0411165-000,キツネ,Kitsune,宮城県,仙台市,plain,inland_water,True,plain_to_inland_water,0.929,0.006,-0.923,12.244,24.813,12.569,0.89071,mobility;taboo_time_weather,
C0411166-000,その他,Other,宮城県,仙台市,plain,inland_water,True,plain_to_inland_water,0.929,0.006,-0.923,12.244,24.813,12.569,0.89071,dwelling;taboo_time_weather,
C0411169-000,タヌキ,Tanuki,宮城県,仙台市,plain,inland_water,True,plain_to_inland_water,0.929,0.006,-0.923,12.244,24.813,12.569,0.89071,dwelling;hydrology;livelihood;mobility;taboo_time_weather,water_crossing;water_danger_norm;mountain_route;water_livelihood
C0411170-000,その他,Other,宮城県,角田市,plain,inland_water,True,plain_to_inland_water,0.929,0.259,-0.67,12.244,13.141,0.897,0.97905,hydrology;livelihood;mobility,water_crossing;water_livelihood
C0411173-001,その他,Other,宮城県,名取市,plain,coastal,True,plain_to_coastal,0.929,0.441,-0.488,12.244,7.904,-4.34,0.98639,boundary;livelihood;mobility,coastal_landing
C0411173-002,その他,Other,宮城県,名取市,plain,coastal,True,plain_to_coastal,0.929,0.441,-0.488,12.244,7.904,-4.34,0.98639,boundary;hydrology;livelihood;mobility;taboo_time_weather,water_crossing;waterside_boundary;water_danger_norm;mountain_route;mountain_boundary;water_livelihood
C0411205-000,その他,Other,宮城県,白石市,plain,plain,False,same_class,0.929,0.544,-0.385,12.244,27.367,15.123,0.96029,boundary;dwelling;hydrology;taboo_time_weather,waterside_boundary;water_danger_norm;mountain_boundary;domestic_threshold
C0411235-001,その他,Other,宮城県,涌谷町,plain,plain,False,same_class,0.929,0.988,0.059,12.244,19.771,7.527,0.98874,dwelling;livelihood,
C0411235-000,その他,Other,宮城県,涌谷町,plain,plain,False,same_class,0.929,0.988,0.059,12.244,19.771,7.527,0.98874,dwelling;hydrology;livelihood,water_livelihood
C0411235-004,その他,Other,宮城県,涌谷町,plain,plain,False,same_class,0.929,0.988,0.059,12.244,19.771,7.527,0.98874,boundary;livelihood,mountain_boundary
C0411233-000,ユウレイ,Yurei,宮城県,仙台市,plain,inland_water,True,plain_to_inland_water,0.929,0.006,-0.923,12.244,24.813,12.569,0.89071,death_ritual;dwelling;mobility;taboo_time_weather,mountain_route
C0411269-000,キツネ,Kitsune,宮城県,気仙沼市,plain,coastal,True,plain_to_coastal,0.929,1.207,0.278,12.244,3.512,-8.732,0.96908,dwelling;hydrology;livelihood;mobility,water_crossing;mountain_route;water_livelihood
C0411290-000,キツネ,Kitsune,宮城県,仙台市,plain,inland_water,True,plain_to_inland_water,0.929,0.006,-0.923,12.244,24.813,12.569,0.89071,boundary;dwelling;hydrology;livelihood;mobility,water_crossing;waterside_boundary;domestic_threshold;water_livelihood
C0411291-002,キツネ,Kitsune,宮城県,仙台市,plain,inland_water,True,plain_to_inland_water,0.929,0.006,-0.923,12.244,24.813,12.569,0.89071,boundary;mobility;taboo_time_weather,coastal_landing
C0411311-000,その他,Other,宮城県,仙台市,plain,inland_water,True,plain_to_inland_water,0.929,0.006,-0.923,12.244,24.813,12.569,0.89071,dwelling;taboo_time_weather,
0030161,その他,Other,長野県,安曇野市,valley,valley,False,same_class,0.121,0.008,-0.113,51.74,66.463,14.723,0.97602,death_ritual,
0030165,その他,Other,三重県,伊勢市,coastal,coastal,False,same_class,0.512,0.194,-0.318,1.843,5.295,3.452,0.96382,death_ritual;dwelling,
1040007,その他,Other,熊本県,人吉市,plain,plain,False,same_class,0.698,0.752,0.054,12.221,27.006,14.785,0.97218,boundary;taboo_time_weather,
1140016,その他,Other,東京都,八王子市,coastal,inland_water,True,coastal_to_inland_water,0.759,0.052,-0.707,7.763,39.165,31.402,0.91297,,
1100052,その他,Other,愛媛県,宇和島市,coastal,coastal,False,same_class,0.717,0.756,0.039,6.315,5.523,-0.792,0.91442,dwelling,
1140012,その他,Other,埼玉県,秩父市,plain,valley,True,plain_to_valley,0.918,0.218,-0.7,24.899,86.731,61.832,0.84678,boundary,mountain_boundary
1840035,その他,Other,和歌山県,古座川町,coastal,plain,True,coastal_to_plain,0.708,0.549,-0.159,2.822,14.542,11.72,0.93782,hydrology,
2210039,その他,Other,神奈川県,川崎市,coastal,inland_water,True,coastal_to_inland_water,0.347,0.296,-0.051,0.641,11.396,10.755,0.93928,dwelling;hydrology,
2220003,オニ,Oni,奈良県,上北山村,inland_water,inland_water,False,same_class,0.312,0.092,-0.22,38.579,18.789,-19.79,0.92634,dwelling,
0750003,その他,Other,秋田県,男鹿市,coastal,coastal,False,same_class,0.83,0.739,-0.091,3.702,2.328,-1.374,0.97936,dwelling;livelihood;taboo_time_weather,
1840066,その他,Other,和歌山県,串本町,coastal,coastal,False,same_class,0.708,0.302,-0.406,2.822,2.396,-0.426,0.96943,boundary,
1840067,その他,Other,和歌山県,串本町,coastal,coastal,False,same_class,0.708,0.302,-0.406,2.822,2.396,-0.426,0.96943,boundary;hydrology,waterside_boundary
2180397,ネコ,Neko,岩手県,藤沢町,valley,plain,True,valley_to_plain,0.257,0.693,0.436,70.061,18.214,-51.847,0.99216,boundary;death_ritual;hydrology,waterside_boundary;mortuary_boundary
0160035,ユウレイ,Yurei,長野県,伊那市,valley,valley,False,same_class,0.121,0.338,0.217,51.74,83.586,31.846,0.94994,death_ritual;hydrology;livelihood,water_livelihood
1140094,その他,Other,青森県,十和田市,coastal,inland_water,True,coastal_to_inland_water,1.172,0.054,-1.118,1.529,33.035,31.506,0.92367,hydrology;livelihood,water_livelihood
1140090,カッパ,Kappa,長崎県,五島市,coastal,coastal,False,same_class,0.115,0.481,0.366,2.658,4.774,2.116,0.89642,hydrology,
1140102,その他,Other,山梨県,忍野村,valley,plain,True,valley_to_plain,0.11,0.505,0.395,59.395,36.244,-23.151,0.9947,livelihood;mobility,
1140637,ヘビ・リュウ,Snake/Dragon,新潟県,佐渡市,coastal,coastal,False,same_class,0.334,0.31,-0.024,2.178,7.982,5.804,0.93231,boundary;death_ritual;hydrology;mobility,water_crossing;waterside_boundary;mountain_route;mountain_boundary;mortuary_boundary
1140643,その他,Other,静岡県,浜松市,coastal,plain,True,coastal_to_plain,1.85,1.183,-0.667,5.119,34.395,29.276,0.8031,hydrology;mobility;taboo_time_weather,water_crossing;water_danger_norm;coastal_landing
1140635,その他,Other,長野県,諏訪市,valley,valley,False,same_class,0.121,0.6,0.479,51.74,108.379,56.639,0.99186,dwelling;hydrology;mobility,water_crossing
1140647,その他,Other,岩手県,遠野市,valley,inland_water,True,valley_to_inland_water,0.257,0.167,-0.09,70.061,36.52,-33.541,0.94668,,
1140660,その他,Other,千葉県,千葉市,coastal,coastal,False,same_class,0.071,0.293,0.222,3.934,8.594,4.66,0.94544,,
1840102,その他,Other,神奈川県,箱根町,coastal,coastal,False,same_class,0.347,0.092,-0.255,0.641,8.743,8.102,0.96192,boundary;dwelling,mountain_boundary;domestic_threshold
2050003,ヘビ・リュウ,Snake/Dragon,千葉県,木更津市,coastal,coastal,False,same_class,0.071,0.42,0.349,3.934,4.316,0.382,0.97202,boundary;hydrology;livelihood,waterside_boundary;mountain_boundary;water_livelihood
2210061,キツネ,Kitsune,青森県,八戸市,coastal,coastal,False,same_class,1.172,0.254,-0.918,1.529,7.45,5.921,0.96774,dwelling;hydrology,
0150076,テング,Tengu,長野県,小谷村,valley,inland_water,True,valley_to_inland_water,0.121,0.261,0.14,51.74,25.718,-26.022,0.98068,,
0150082,その他,Other,徳島県,徳島市,coastal,coastal,False,same_class,0.087,0.162,0.075,3.822,7.566,3.744,0.95468,,
2360596,ヘビ・リュウ,Snake/Dragon,秋田県,男鹿市,coastal,coastal,False,same_class,0.83,0.739,-0.091,3.702,2.328,-1.374,0.97936,dwelling;hydrology;livelihood,water_livelihood
1140174,タヌキ,Tanuki,京都府,京都市,inland_water,inland_water,False,same_class,0.322,0.213,-0.109,48.255,40.922,-7.333,0.81776,boundary;taboo_time_weather,
2180433,その他,Other,岩手県,岩泉町,valley,plain,True,valley_to_plain,0.257,0.817,0.56,70.061,21.741,-48.32,0.93505,hydrology,
2210065,その他,Other,神奈川県,川崎市,coastal,inland_water,True,coastal_to_inland_water,0.347,0.296,-0.051,0.641,11.396,10.755,0.93928,hydrology;mobility,water_crossing;mountain_route
0320002,その他,Other,岡山県,笠岡市,coastal,coastal,False,same_class,0.159,0.722,0.563,7.431,3.05,-4.381,0.9814,boundary;mobility,coastal_landing
1140195,その他,Other,長野県,信濃町,valley,inland_water,True,valley_to_inland_water,0.121,0.095,-0.026,51.74,37.277,-14.463,0.98993,,
1140205,その他,Other,兵庫県,尼崎市,coastal,coastal,False,same_class,0.266,0.024,-0.242,1.854,3.804,1.95,0.99401,dwelling;hydrology,
1140197,その他,Other,鳥取県,伯耆町,coastal,inland_water,True,coastal_to_inland_water,0.551,0.108,-0.443,4.715,15.895,11.18,0.95703,dwelling;hydrology;livelihood;mobility,water_crossing;mountain_route;water_livelihood
1840126,ヤマノカミ,Yama-no-kami,神奈川県,箱根町,coastal,coastal,False,same_class,0.347,0.092,-0.255,0.641,8.743,8.102,0.96192,livelihood;mobility,mountain_route
2360658,キツネ,Kitsune,和歌山県,海南市,coastal,coastal,False,same_class,0.708,0.07,-0.638,2.822,5.819,2.997,0.97778,livelihood,
2360674,その他,Other,長野県,信州新町,valley,valley,False,same_class,0.121,0.192,0.071,51.74,54.087,2.347,0.99576,boundary;hydrology;mobility,water_crossing;waterside_boundary
0450050,その他,Other,山梨県,鰍沢町,valley,plain,True,valley_to_plain,0.11,0.577,0.467,59.395,47.849,-11.546,0.98892,boundary;hydrology;livelihood;mobility,water_crossing;waterside_boundary;mountain_route;mountain_boundary;water_livelihood
0450043,その他,Other,山梨県,身延町,valley,inland_water,True,valley_to_inland_water,0.11,0.273,0.163,59.395,33.911,-25.484,0.93307,boundary;death_ritual;dwelling;hydrology;taboo_time_weather,waterside_boundary;water_danger_norm;mountain_boundary;domestic_threshold;mortuary_boundary
2180480,その他,Other,大阪府,大阪市,coastal,coastal,False,same_class,0.559,0.029,-0.53,9.858,9.231,-0.627,0.88369,boundary;dwelling;livelihood;mobility,mountain_route;mountain_boundary;domestic_threshold
1910006,キツネ,Kitsune,大阪府,枚方市,coastal,inland_water,True,coastal_to_inland_water,0.559,0.079,-0.48,9.858,29.115,19.257,0.9669,boundary;dwelling;mobility;taboo_time_weather,domestic_threshold
1910008,タヌキ,Tanuki,大阪府,枚方市,coastal,inland_water,True,coastal_to_inland_water,0.559,0.079,-0.48,9.858,29.115,19.257,0.9669,dwelling;hydrology;mobility;taboo_time_weather,water_crossing;water_danger_norm
2210077,キツネ,Kitsune,神奈川県,横浜市,coastal,coastal,False,same_class,0.347,0.816,0.469,0.641,7.264,6.623,0.82253,mobility,coastal_landing
0450060,その他,Other,山梨県,大月市,valley,plain,True,valley_to_plain,0.11,0.57,0.46,59.395,48.122,-11.273,0.93533,dwelling;hydrology;livelihood;taboo_time_weather,water_danger_norm;water_livelihood
0450061,その他,Other,山梨県,大月市,valley,plain,True,valley_to_plain,0.11,0.57,0.46,59.395,48.122,-11.273,0.93533,hydrology;livelihood,water_livelihood
0450062,カッパ,Kappa,山梨県,上野原市,valley,inland_water,True,valley_to_inland_water,0.11,0.061,-0.049,59.395,41.659,-17.736,0.96297,boundary;hydrology;livelihood,waterside_boundary;mountain_boundary;water_livelihood
2180485,その他,Other,千葉県,我孫子市,coastal,inland_water,True,coastal_to_inland_water,0.071,0.432,0.361,3.934,23.628,19.694,0.99019,hydrology;livelihood,water_livelihood
0030221,カッパ,Kappa,神奈川県,藤沢市,coastal,coastal,False,same_class,0.347,0.367,0.02,0.641,5.719,5.078,0.97214,boundary;hydrology;mobility,water_crossing;waterside_boundary;mountain_route;mountain_boundary
0760042,オニ,Oni,島根県,西ノ島町,coastal,coastal,False,same_class,0.07,0.116,0.046,8.304,1.731,-6.573,0.99132,dwelling,
2210082,キツネ,Kitsune,神奈川県,横浜市,coastal,coastal,False,same_class,0.347,0.816,0.469,0.641,7.264,6.623,0.82253,mobility,coastal_landing
2210088,キツネ,Kitsune,神奈川県,横浜市,coastal,coastal,False,same_class,0.347,0.816,0.469,0.641,7.264,6.623,0.82253,dwelling;hydrology;mobility,water_crossing;coastal_landing
2210087,キツネ,Kitsune,神奈川県,横浜市,coastal,coastal,False,same_class,0.347,0.816,0.469,0.641,7.264,6.623,0.82253,dwelling;hydrology;mobility,water_crossing;coastal_landing
2210089,キツネ,Kitsune,神奈川県,横須賀市,coastal,coastal,False,same_class,0.347,1.092,0.745,0.641,1.195,0.554,0.95844,mobility,coastal_landing
2210079,キツネ,Kitsune,神奈川県,横浜市,coastal,coastal,False,same_class,0.347,0.816,0.469,0.641,7.264,6.623,0.82253,mobility,coastal_landing
2210086,キツネ,Kitsune,神奈川県,横浜市,coastal,coastal,False,same_class,0.347,0.816,0.469,0.641,7.264,6.623,0.82253,mobility,mountain_route;coastal_landing
2210080,キツネ,Kitsune,神奈川県,横浜市,coastal,coastal,False,same_class,0.347,0.816,0.469,0.641,7.264,6.623,0.82253,boundary;dwelling;livelihood;mobility;taboo_time_weather,coastal_landing;domestic_threshold
2210084,キツネ,Kitsune,神奈川県,横浜市,coastal,coastal,False,same_class,0.347,0.816,0.469,0.641,7.264,6.623,0.82253,dwelling;mobility,mountain_route;coastal_landing
2210085,キツネ,Kitsune,神奈川県,横浜市,coastal,coastal,False,same_class,0.347,0.816,0.469,0.641,7.264,6.623,0.82253,dwelling;livelihood;mobility,coastal_landing
2210081,キツネ,Kitsune,神奈川県,横浜市,coastal,coastal,False,same_class,0.347,0.816,0.469,0.641,7.264,6.623,0.82253,boundary;death_ritual;hydrology;mobility,water_crossing;waterside_boundary;coastal_landing;mortuary_boundary
C0730007-000,その他,Other,福島県,磐梯町,inland_water,valley,True,inland_water_to_valley,0.112,0.003,-0.109,43.792,81.493,37.701,0.99526,boundary;mobility,
C0730003-004,その他,Other,福島県,会津若松市,inland_water,valley,True,inland_water_to_valley,0.112,0.791,0.679,43.792,88.674,44.882,0.97483,,
C0730031-000,その他,Other,福島県,会津若松市,inland_water,valley,True,inland_water_to_valley,0.112,0.791,0.679,43.792,88.674,44.882,0.97483,taboo_time_weather,
C0730024-000,その他,Other,福島県,南会津町,inland_water,valley,True,inland_water_to_valley,0.112,0.126,0.014,43.792,94.636,50.844,0.93498,dwelling;mobility,
C0730082-000,その他,Other,福島県,檜枝岐村,inland_water,valley,True,inland_water_to_valley,0.112,0.759,0.647,43.792,77.635,33.843,0.9726,boundary;mobility,
C0730091-000,その他,Other,福島県,檜枝岐村,inland_water,valley,True,inland_water_to_valley,0.112,0.759,0.647,43.792,77.635,33.843,0.9726,taboo_time_weather,
C0730250-002,その他,Other,福島県,富岡町,inland_water,coastal,True,inland_water_to_coastal,0.112,0.361,0.249,43.792,5.705,-38.087,0.99481,mobility,coastal_landing
C0730252-001,その他,Other,福島県,三春町,inland_water,inland_water,False,same_class,0.112,0.459,0.347,43.792,48.211,4.419,0.99412,mobility;taboo_time_weather,
C0730252-000,その他,Other,福島県,三春町,inland_water,inland_water,False,same_class,0.112,0.459,0.347,43.792,48.211,4.419,0.99412,dwelling;mobility,
2180491,その他,Other,福島県,福島市,inland_water,inland_water,False,same_class,0.112,0.026,-0.086,43.792,48.423,4.631,0.94656,livelihood,
2410006,ヘビ・リュウ,Snake/Dragon,滋賀県,野洲市,valley,valley,False,same_class,0.161,0.119,-0.042,54.318,54.339,0.021,0.98499,boundary;death_ritual;hydrology,waterside_boundary;mortuary_boundary
2360908,ヘビ・リュウ,Snake/Dragon,高知県,大月町,coastal,coastal,False,same_class,0.389,0.15,-0.239,8.098,3.42,-4.678,0.98317,boundary;death_ritual;dwelling;hydrology;livelihood;mobility;taboo_time_weather,water_crossing;waterside_boundary;water_danger_norm;domestic_threshold;mortuary_boundary;water_livelihood
2360983,ユウレイ,Yurei,岩手県,大船渡市,valley,coastal,True,valley_to_coastal,0.257,0.251,-0.006,70.061,6.777,-63.284,0.97848,boundary;death_ritual;mobility,mountain_route;mountain_boundary;mortuary_boundary
1460006,キツネ,Kitsune,和歌山県,新宮市,coastal,inland_water,True,coastal_to_inland_water,0.708,0.071,-0.637,2.822,16.142,13.32,0.95373,boundary,
C0310058-000,その他,Other,岩手県,遠野市,valley,inland_water,True,valley_to_inland_water,0.257,0.167,-0.09,70.061,36.52,-33.541,0.94668,boundary,
0310052,オニ,Oni,岡山県,総社市,coastal,inland_water,True,coastal_to_inland_water,0.159,0.048,-0.111,7.431,19.516,12.085,0.9706,boundary;dwelling,mountain_boundary;domestic_threshold
0970004,その他,Other,栃木県,宇都宮市,valley,valley,False,same_class,0.346,0.05,-0.296,66.5,65.988,-0.512,0.93408,mobility;taboo_time_weather,
1250009,オニ,Oni,三重県,熊野市,coastal,coastal,False,same_class,0.512,0.639,0.127,1.843,8.585,6.742,0.92487,,
2180494,その他,Other,長野県,白馬村,valley,inland_water,True,valley_to_inland_water,0.121,0.002,-0.119,51.74,35.557,-16.183,0.9861,death_ritual;dwelling;hydrology;livelihood;taboo_time_weather,water_danger_norm;water_livelihood
0030248,テング,Tengu,宮崎県,野尻町,coastal,inland_water,True,coastal_to_inland_water,0.618,0.359,-0.259,3.341,32.495,29.154,0.98924,boundary,mountain_boundary
0320004,その他,Other,岡山県,新見市,coastal,plain,True,coastal_to_plain,0.159,0.905,0.746,7.431,48.616,41.185,0.88909,boundary;death_ritual;dwelling;hydrology;mobility,water_crossing;waterside_boundary;mountain_route;mountain_boundary;domestic_threshold;mortuary_boundary
0450005,その他,Other,山梨県,身延町,valley,inland_water,True,valley_to_inland_water,0.11,0.273,0.163,59.395,33.911,-25.484,0.93307,boundary;death_ritual;hydrology,waterside_boundary;mountain_boundary;mortuary_boundary
2310003,その他,Other,青森県,板柳町,coastal,plain,True,coastal_to_plain,1.172,0.647,-0.525,1.529,20.963,19.434,0.99595,boundary,mountain_boundary
2361064,その他,Other,愛媛県,松山市,coastal,coastal,False,same_class,0.717,0.72,0.003,6.315,7.285,0.97,0.92332,boundary;death_ritual,mountain_boundary;mortuary_boundary
C0730381-000,その他,Other,福島県,鮫川村,inland_water,plain,True,inland_water_to_plain,0.112,0.727,0.615,43.792,28.439,-15.353,0.99019,hydrology;livelihood;taboo_time_weather,water_danger_norm;water_livelihood
C0730418-000,その他,Other,福島県,白河市,inland_water,valley,True,inland_water_to_valley,0.112,0.294,0.182,43.792,56.628,12.836,0.97766,boundary;hydrology;livelihood;mobility,water_crossing;waterside_boundary;mountain_route;mountain_boundary;coastal_landing;water_livelihood
0820001,カッパ,Kappa,佐賀県,佐賀市,coastal,inland_water,True,coastal_to_inland_water,0.052,0.034,-0.018,8.731,15.494,6.763,0.8209,boundary;hydrology,waterside_boundary
1630004,ヒノタマ,Hitodama,鹿児島県,宇検村,coastal,coastal,False,same_class,0.913,0.635,-0.278,0.301,4.305,4.004,0.98778,boundary;death_ritual;mobility,mountain_route;mountain_boundary;coastal_landing;mortuary_boundary
1630002,その他,Other,鹿児島県,鹿児島市,coastal,coastal,False,water_proximity_lost,0.913,3.684,2.771,0.301,3.671,3.37,0.94441,mobility,mountain_route;coastal_landing
0080329,その他,Other,愛媛県,松山市,coastal,coastal,False,same_class,0.717,0.72,0.003,6.315,7.285,0.97,0.92332,boundary;mobility;taboo_time_weather,mountain_route;mountain_boundary;coastal_landing
1460407,その他,Other,福井県,敦賀市,plain,coastal,True,plain_to_coastal,0.72,0.042,-0.678,15.763,2.066,-13.697,0.93981,dwelling,
1460408,その他,Other,福井県,鯖江市,plain,inland_water,True,plain_to_inland_water,0.72,0.366,-0.354,15.763,20.531,4.768,0.98048,death_ritual,
2361084,その他,Other,佐賀県,唐津市,coastal,coastal,False,same_class,0.052,0.604,0.552,8.731,2.499,-6.232,0.79914,death_ritual;mobility;taboo_time_weather,
0970034,キツネ,Kitsune,長野県,飯綱,valley,inland_water,True,valley_to_inland_water,0.121,0.209,0.088,51.74,43.435,-8.305,0.99406,dwelling,
0970035,キツネ,Kitsune,長野県,飯綱,valley,inland_water,True,valley_to_inland_water,0.121,0.209,0.088,51.74,43.435,-8.305,0.99406,dwelling,
1440009,その他,Other,福島県,いわき市,inland_water,inland_water,False,same_class,0.112,0.28,0.168,43.792,14.497,-29.295,0.91172,livelihood,
2340004,ユウレイ,Yurei,鹿児島県,鹿児島市,coastal,coastal,False,water_proximity_lost,0.913,3.684,2.771,0.301,3.671,3.37,0.94441,death_ritual;mobility,mountain_route;coastal_landing
2540005,その他,Other,山形県,大石田町,valley,valley,False,same_class,0.696,0.021,-0.675,53.069,54.626,1.557,0.99153,hydrology;livelihood,water_livelihood
2340006,ヒノタマ,Hitodama,鹿児島県,宇検村,coastal,coastal,False,same_class,0.913,0.635,-0.278,0.301,4.305,4.004,0.98778,boundary;death_ritual;mobility,mountain_route;mountain_boundary;coastal_landing;mortuary_boundary
2361155,その他,Other,秋田県,大館市,coastal,plain,True,coastal_to_plain,0.83,1.374,0.544,3.702,47.145,43.443,0.92091,boundary;hydrology;livelihood;mobility;taboo_time_weather,water_crossing;waterside_boundary;water_danger_norm;mountain_route;mountain_boundary;coastal_landing;water_livelihood
2361167,その他,Other,秋田県,藤里町,coastal,inland_water,True,coastal_to_inland_water,0.83,0.234,-0.596,3.702,21.559,17.857,0.97513,boundary;hydrology;livelihood;taboo_time_weather,waterside_boundary;water_danger_norm;mountain_boundary;water_livelihood
0030274,ヘビ・リュウ,Snake/Dragon,和歌山県,橋本市,coastal,inland_water,True,coastal_to_inland_water,0.708,0.118,-0.59,2.822,29.337,26.515,0.97216,livelihood;mobility,mountain_route
0030269,ヘビ・リュウ,Snake/Dragon,京都府,亀岡市,inland_water,inland_water,False,same_class,0.322,0.059,-0.263,48.255,36.952,-11.303,0.95074,,
0030280,ヘビ・リュウ,Snake/Dragon,岐阜県,七宗町,plain,valley,True,plain_to_valley,0.575,0.044,-0.531,35.777,58.249,22.472,0.99105,mobility,mountain_route
0820002,カッパ,Kappa,佐賀県,佐賀市,coastal,inland_water,True,coastal_to_inland_water,0.052,0.034,-0.018,8.731,15.494,6.763,0.8209,boundary;hydrology,waterside_boundary
1720002,その他,Other,京都府,八幡市,inland_water,plain,True,inland_water_to_plain,0.322,0.586,0.264,48.255,34.215,-14.04,0.9953,,
2040005,その他,Other,千葉県,千葉市,coastal,coastal,False,same_class,0.071,0.293,0.222,3.934,8.594,4.66,0.94544,boundary;mobility,mountain_route;mountain_boundary
2040007,その他,Other,千葉県,富里市,coastal,inland_water,True,coastal_to_inland_water,0.071,0.399,0.328,3.934,21.02,17.086,0.98839,,
2040006,その他,Other,千葉県,松戸市,coastal,inland_water,True,coastal_to_inland_water,0.071,0.333,0.262,3.934,12.954,9.02,0.98687,dwelling;livelihood;mobility,
1350052,ユウレイ,Yurei,長崎県,長崎市,coastal,coastal,False,same_class,0.115,0.678,0.563,2.658,5.827,3.169,0.9066,boundary;death_ritual,mortuary_boundary
2180551,カッパ,Kappa,福岡県,須恵町,coastal,plain,True,coastal_to_plain,0.833,0.669,-0.164,2.057,12.812,10.755,0.99614,death_ritual;hydrology;taboo_time_weather,water_danger_norm
2180653,オニ,Oni,石川県,金沢市,coastal,inland_water,True,coastal_to_inland_water,0.585,0.04,-0.545,3.456,16.481,13.025,0.88754,dwelling;hydrology,
1420166,ヘビ・リュウ,Snake/Dragon,福島県,塙町,inland_water,inland_water,False,same_class,0.112,0.094,-0.018,43.792,31.681,-12.111,0.98397,boundary;dwelling;hydrology,waterside_boundary;mountain_boundary;domestic_threshold
1420173,その他,Other,福島県,塙町,inland_water,inland_water,False,same_class,0.112,0.094,-0.018,43.792,31.681,-12.111,0.98397,livelihood,
1420187,キツネ,Kitsune,福島県,棚倉町,inland_water,plain,True,inland_water_to_plain,0.112,0.645,0.533,43.792,43.222,-0.57,0.98864,dwelling,
1460455,その他,Other,岐阜県,瑞浪市,plain,inland_water,True,plain_to_inland_water,0.575,0.023,-0.552,35.777,48.466,12.689,0.98396,,
2361244,その他,Other,茨城県,笠間市,plain,inland_water,True,plain_to_inland_water,1.062,0.337,-0.725,12.361,28.462,16.101,0.96055,boundary,mountain_boundary
2361246,その他,Other,茨城県,笠間市,plain,inland_water,True,plain_to_inland_water,1.062,0.337,-0.725,12.361,28.462,16.101,0.96055,boundary;dwelling;livelihood;taboo_time_weather,mountain_boundary;domestic_threshold
0700164,その他,Other,大阪府,大阪市,coastal,coastal,False,same_class,0.559,0.029,-0.53,9.858,9.231,-0.627,0.88369,hydrology;mobility,water_crossing
0310139,テング,Tengu,岡山県,鏡野町,coastal,plain,True,coastal_to_plain,0.159,0.926,0.767,7.431,34.659,27.228,0.94236,livelihood,
0880001,ヘビ・リュウ,Snake/Dragon,静岡県,藤枝市,coastal,plain,True,coastal_to_plain,1.85,0.917,-0.933,5.119,11.499,6.38,0.98135,,
0700167,その他,Other,兵庫県,尼崎市,coastal,coastal,False,same_class,0.266,0.024,-0.242,1.854,3.804,1.95,0.99401,dwelling,
2470001,その他,Other,島根県,出雲市,coastal,coastal,False,same_class,0.07,0.125,0.055,8.304,7.158,-1.146,0.91995,dwelling;taboo_time_weather,
1460085_011,ヤマノカミ,Yama-no-kami,千葉県,市原市,coastal,inland_water,True,coastal_to_inland_water,0.071,0.093,0.022,3.934,15.423,11.489,0.92597,boundary;livelihood;taboo_time_weather,mountain_boundary
1460167,キツネ,Kitsune,千葉県,九十九里町,coastal,coastal,False,same_class,0.071,0.093,0.022,3.934,1.347,-2.587,0.99603,livelihood,
1460169,キツネ,Kitsune,千葉県,茂原市,coastal,coastal,False,same_class,0.071,0.713,0.642,3.934,9.43,5.496,0.98029,mobility,
2363068,その他,Other,岐阜県,神戸町,plain,inland_water,True,plain_to_inland_water,0.575,0.123,-0.452,35.777,41.707,5.93,0.99837,dwelling,
C4720061-000,カッパ,Kappa,沖縄県,沖縄市,coastal,coastal,False,same_class,0.294,0.24,-0.054,1.663,5.02,3.357,0.97991,death_ritual;hydrology;livelihood;mobility,water_crossing;coastal_landing;water_livelihood
C4720052-000,その他,Other,沖縄県,沖縄市,coastal,coastal,False,same_class,0.294,0.24,-0.054,1.663,5.02,3.357,0.97991,death_ritual,
0320007,その他,Other,岡山県,新見市,coastal,plain,True,coastal_to_plain,0.159,0.905,0.746,7.431,48.616,41.185,0.88909,,
1350059,その他,Other,奈良県,奈良市,inland_water,inland_water,False,same_class,0.312,0.229,-0.083,38.579,42.65,4.071,0.92526,boundary;livelihood,
2380003,その他,Other,福井県,小浜市,plain,coastal,True,plain_to_coastal,0.72,0.751,0.031,15.763,1.63,-14.133,0.94174,boundary;death_ritual;mobility,mountain_route;mountain_boundary;coastal_landing;mortuary_boundary
1920009_001,その他,Other,沖縄県,那覇市,coastal,coastal,False,same_class,0.294,0.134,-0.16,1.663,2.622,0.959,0.98192,mobility,mountain_route
3390007_001,タヌキ,Tanuki,東京都,国分寺市,coastal,plain,True,coastal_to_plain,0.759,0.97,0.211,7.763,27.705,19.942,0.99458,boundary;dwelling,domestic_threshold
3390032,その他,Other,神奈川県,小田原市,coastal,coastal,False,same_class,0.347,0.382,0.035,0.641,3.286,2.645,0.95357,dwelling;livelihood,
2130098,その他,Other,愛知県,名古屋市,plain,coastal,True,plain_to_coastal,1.099,1.218,0.119,10.163,6.979,-3.184,0.94089,death_ritual,
2130100,その他,Other,愛知県,名古屋市,plain,coastal,True,plain_to_coastal,1.099,1.218,0.119,10.163,6.979,-3.184,0.94089,hydrology,
2130104,その他,Other,愛知県,名古屋市,plain,coastal,True,plain_to_coastal,1.099,1.218,0.119,10.163,6.979,-3.184,0.94089,,
3390062,その他,Other,岩手県,盛岡市,valley,valley,False,same_class,0.257,0.326,0.069,70.061,61.023,-9.038,0.9422,dwelling;hydrology;taboo_time_weather,water_danger_norm
3420012,ヘビ・リュウ,Snake/Dragon,山形県,米沢市,valley,valley,False,same_class,0.696,0.059,-0.637,53.069,68.389,15.32,0.94111,boundary;dwelling;hydrology,waterside_boundary;domestic_threshold
3390063,オニ,Oni,埼玉県,草加市,plain,inland_water,True,plain_to_inland_water,0.918,0.016,-0.902,24.899,20.766,-4.133,0.99182,dwelling,
3390067,ユウレイ,Yurei,北海道,松前町,plain,coastal,True,plain_to_coastal,0.749,0.373,-0.376,13.868,6.573,-7.295,0.99626,livelihood,
3420007,その他,Other,福岡県,太宰府市,coastal,inland_water,True,coastal_to_inland_water,0.833,0.105,-0.728,2.057,16.318,14.261,0.99424,boundary;death_ritual;mobility,mortuary_boundary
3420022,その他,Other,新潟県,佐渡市,coastal,coastal,False,same_class,0.334,0.31,-0.024,2.178,7.982,5.804,0.93231,mobility,mountain_route
4940001,その他,Other,東京都,品川区,coastal,coastal,False,same_class,0.759,0.447,-0.312,7.763,2.916,-4.847,0.98779,dwelling;hydrology,
2363227,その他,Other,三重県,桑名市,coastal,coastal,False,same_class,0.512,0.176,-0.336,1.843,9.971,8.128,0.97667,death_ritual;livelihood,
2363239,キツネ,Kitsune,三重県,四日市市,coastal,plain,True,coastal_to_plain,0.512,0.518,0.006,1.843,10.095,8.252,0.96518,dwelling;mobility;taboo_time_weather,
2363241,キツネ,Kitsune,三重県,四日市市,coastal,plain,True,coastal_to_plain,0.512,0.518,0.006,1.843,10.095,8.252,0.96518,dwelling;livelihood,
C1610009-000,その他,Other,富山県,魚津市,coastal,inland_water,True,coastal_to_inland_water,0.098,0.005,-0.093,7.094,10.417,3.323,0.95172,livelihood;mobility,
C1610016-000,その他,Other,富山県,魚津市,coastal,inland_water,True,coastal_to_inland_water,0.098,0.005,-0.093,7.094,10.417,3.323,0.95172,boundary;death_ritual;dwelling;hydrology;livelihood,waterside_boundary;domestic_threshold;mortuary_boundary;water_livelihood
C1610096-000,その他,Other,富山県,立山町,coastal,inland_water,True,coastal_to_inland_water,0.098,0.375,0.277,7.094,17.859,10.765,0.92909,hydrology;livelihood,water_livelihood
C1610088-000,その他,Other,富山県,砺波市,coastal,inland_water,True,coastal_to_inland_water,0.098,0.028,-0.07,7.094,21.123,14.029,0.97073,,
C1610095-000,その他,Other,富山県,立山町,coastal,inland_water,True,coastal_to_inland_water,0.098,0.375,0.277,7.094,17.859,10.765,0.92909,hydrology;livelihood,water_livelihood
C1610099-000,ヘビ・リュウ,Snake/Dragon,富山県,上市町,coastal,inland_water,True,coastal_to_inland_water,0.098,0.05,-0.048,7.094,18.29,11.196,0.94363,hydrology;livelihood;taboo_time_weather,water_danger_norm;water_livelihood
C4720076-000,その他,Other,沖縄県,沖縄市,coastal,coastal,False,same_class,0.294,0.24,-0.054,1.663,5.02,3.357,0.97991,mobility,mountain_route
C4720078-000,その他,Other,沖縄県,沖縄市,coastal,coastal,False,same_class,0.294,0.24,-0.054,1.663,5.02,3.357,0.97991,death_ritual,
C4720091-000,その他,Other,沖縄県,沖縄市,coastal,coastal,False,same_class,0.294,0.24,-0.054,1.663,5.02,3.357,0.97991,,
C4720089-000,その他,Other,沖縄県,沖縄市,coastal,coastal,False,same_class,0.294,0.24,-0.054,1.663,5.02,3.357,0.97991,,
C4720090-000,その他,Other,沖縄県,沖縄市,coastal,coastal,False,same_class,0.294,0.24,-0.054,1.663,5.02,3.357,0.97991,livelihood,
C4720093-000,その他,Other,沖縄県,那覇市,coastal,coastal,False,same_class,0.294,0.134,-0.16,1.663,2.622,0.959,0.98192,boundary;mobility,coastal_landing
C4720095-000,その他,Other,沖縄県,那覇市,coastal,coastal,False,same_class,0.294,0.134,-0.16,1.663,2.622,0.959,0.98192,boundary;mobility;taboo_time_weather,coastal_landing
0030289,ヘビ・リュウ,Snake/Dragon,岐阜県,揖斐川町,plain,plain,False,same_class,0.575,0.526,-0.049,35.777,34.676,-1.101,0.92233,hydrology,
0310084,ネコ,Neko,岡山県,総社市,coastal,inland_water,True,coastal_to_inland_water,0.159,0.048,-0.111,7.431,19.516,12.085,0.9706,boundary;death_ritual;hydrology;livelihood,waterside_boundary;mortuary_boundary;water_livelihood
0590004,イヌガミ,Inugami,京都府,伊根,inland_water,coastal,True,inland_water_to_coastal,0.322,0.429,0.107,48.255,3.338,-44.917,0.98883,livelihood,
0590020,オニ,Oni,京都府,京都市,inland_water,inland_water,False,same_class,0.322,0.213,-0.109,48.255,40.922,-7.333,0.81776,dwelling;mobility,mountain_route;coastal_landing
2120003,ヘビ・リュウ,Snake/Dragon,兵庫県,丹波市,coastal,inland_water,True,coastal_to_inland_water,0.266,0.154,-0.112,1.854,37.62,35.766,0.94175,dwelling;livelihood,
2580005,その他,Other,鹿児島県,徳之島町,coastal,coastal,False,same_class,0.913,0.467,-0.446,0.301,1.515,1.214,0.99003,death_ritual;livelihood;mobility;taboo_time_weather,coastal_landing
2580012,その他,Other,鹿児島県,瀬戸内町,coastal,coastal,False,same_class,0.913,0.462,-0.451,0.301,2.208,1.907,0.97388,dwelling;mobility,coastal_landing
3490008,ヘビ・リュウ,Snake/Dragon,三重県,伊勢市,coastal,coastal,False,same_class,0.512,0.194,-0.318,1.843,5.295,3.452,0.96382,death_ritual;mobility;taboo_time_weather,
3490032,ヘビ・リュウ,Snake/Dragon,愛媛県,伊予市,coastal,coastal,False,same_class,0.717,0.479,-0.238,6.315,3.871,-2.444,0.9649,dwelling;hydrology,
3490048,キツネ,Kitsune,京都府,京都市,inland_water,inland_water,False,same_class,0.322,0.213,-0.109,48.255,40.922,-7.333,0.81776,dwelling;livelihood,
3490080,その他,Other,岡山県,備前市,coastal,coastal,False,same_class,0.159,0.61,0.451,7.431,9.97,2.539,0.96331,death_ritual,
3550003,その他,Other,京都府,京都市,inland_water,inland_water,False,same_class,0.322,0.213,-0.109,48.255,40.922,-7.333,0.81776,dwelling,
3600005,その他,Other,群馬県,上野村,valley,valley,False,same_class,0.144,0.944,0.8,103.572,96.821,-6.751,0.97156,dwelling,
3610004,テング,Tengu,三重県,伊勢市,coastal,coastal,False,same_class,0.512,0.194,-0.318,1.843,5.295,3.452,0.96382,,
3610012,タヌキ,Tanuki,東京都,目黒区,coastal,coastal,False,same_class,0.759,1.143,0.384,7.763,5.792,-1.971,0.99129,dwelling;mobility,mountain_route
3610016,その他,Other,東京都,目黒区,coastal,coastal,False,same_class,0.759,1.143,0.384,7.763,5.792,-1.971,0.99129,death_ritual;dwelling;taboo_time_weather,
3630010,その他,Other,大分県,中津市,coastal,inland_water,True,coastal_to_inland_water,0.897,0.032,-0.865,1.665,16.763,15.098,0.92444,boundary;livelihood,
3630016,その他,Other,京都府,京都市,inland_water,inland_water,False,same_class,0.322,0.213,-0.109,48.255,40.922,-7.333,0.81776,dwelling;taboo_time_weather,
3630027,オニ,Oni,広島県,広島市,coastal,inland_water,True,coastal_to_inland_water,0.591,0.077,-0.514,5.041,11.848,6.807,0.89155,dwelling,
3660004,テング,Tengu,神奈川県,鎌倉市,coastal,coastal,False,same_class,0.347,0.831,0.484,0.641,2.727,2.086,0.98401,boundary;dwelling;taboo_time_weather,domestic_threshold
3680008,その他,Other,大阪府,大阪市,coastal,coastal,False,same_class,0.559,0.029,-0.53,9.858,9.231,-0.627,0.88369,livelihood;mobility,mountain_route
3680007,ユウレイ,Yurei,福井県,敦賀市,plain,coastal,True,plain_to_coastal,0.72,0.042,-0.678,15.763,2.066,-13.697,0.93981,taboo_time_weather,
3820002,ヒノタマ,Hitodama,東京都,八王子市,coastal,inland_water,True,coastal_to_inland_water,0.759,0.052,-0.707,7.763,39.165,31.402,0.91297,dwelling;mobility,mountain_route
3840006,タヌキ,Tanuki,埼玉県,秩父市,plain,valley,True,plain_to_valley,0.918,0.218,-0.7,24.899,86.731,61.832,0.84678,boundary;death_ritual;dwelling;taboo_time_weather,domestic_threshold;mortuary_boundary
0080266,タヌキ,Tanuki,愛媛県,松山市,coastal,coastal,False,same_class,0.717,0.72,0.003,6.315,7.285,0.97,0.92332,boundary;mobility,mountain_route;mountain_boundary
3430029,その他,Other,福岡県,豊前市,coastal,coastal,False,same_class,0.833,0.497,-0.336,2.057,6.557,4.5,0.97749,,
3430031,その他,Other,宮城県,仙台市,plain,inland_water,True,plain_to_inland_water,0.929,0.006,-0.923,12.244,24.813,12.569,0.89071,boundary;taboo_time_weather,
3430030,その他,Other,宮城県,仙台市,plain,inland_water,True,plain_to_inland_water,0.929,0.006,-0.923,12.244,24.813,12.569,0.89071,boundary;dwelling,mountain_boundary;domestic_threshold
3430021,その他,Other,福岡県,筑後市,coastal,inland_water,True,coastal_to_inland_water,0.833,0.234,-0.599,2.057,13.612,11.555,0.99057,hydrology;livelihood,water_livelihood
3430028,その他,Other,長野県,信濃町,valley,inland_water,True,valley_to_inland_water,0.121,0.095,-0.026,51.74,37.277,-14.463,0.98993,death_ritual;hydrology,
3450002,その他,Other,京都府,京都市,inland_water,inland_water,False,same_class,0.322,0.213,-0.109,48.255,40.922,-7.333,0.81776,,
3490121,その他,Other,茨城県,古河市,plain,valley,True,plain_to_valley,1.062,0.45,-0.612,12.361,58.56,46.199,0.97986,boundary;death_ritual;hydrology,waterside_boundary;mortuary_boundary
3490106,ユウレイ,Yurei,京都府,京都市,inland_water,inland_water,False,same_class,0.322,0.213,-0.109,48.255,40.922,-7.333,0.81776,boundary;hydrology;mobility,water_crossing;waterside_boundary;mountain_route;mountain_boundary
3490133,その他,Other,福島県,柳津町,inland_water,valley,True,inland_water_to_valley,0.112,0.805,0.693,43.792,74.12,30.328,0.98692,dwelling;hydrology;taboo_time_weather,water_danger_norm
3490143,その他,Other,岩手県,盛岡市,valley,valley,False,same_class,0.257,0.326,0.069,70.061,61.023,-9.038,0.9422,,
3490153,ユウレイ,Yurei,埼玉県,吉見町,plain,valley,True,plain_to_valley,0.918,0.167,-0.751,24.899,51.983,27.084,0.99022,death_ritual;livelihood;mobility;taboo_time_weather,mountain_route
3490163,その他,Other,神奈川県,鎌倉市,coastal,coastal,False,same_class,0.347,0.831,0.484,0.641,2.727,2.086,0.98401,boundary;taboo_time_weather,
3510009,テング,Tengu,栃木県,宇都宮市,valley,valley,False,same_class,0.346,0.05,-0.296,66.5,65.988,-0.512,0.93408,boundary,mountain_boundary
3490162,その他,Other,神奈川県,鎌倉市,coastal,coastal,False,same_class,0.347,0.831,0.484,0.641,2.727,2.086,0.98401,boundary;death_ritual,mortuary_boundary
3490177,ヘビ・リュウ,Snake/Dragon,神奈川県,鎌倉市,coastal,coastal,False,same_class,0.347,0.831,0.484,0.641,2.727,2.086,0.98401,hydrology;mobility,water_crossing;mountain_route;coastal_landing
3490172,キツネ,Kitsune,愛知県,津島市,plain,inland_water,True,plain_to_inland_water,1.099,0.291,-0.808,10.163,11.57,1.407,0.99462,boundary;death_ritual;dwelling;livelihood;mobility,coastal_landing;domestic_threshold;mortuary_boundary
3490182,ヘビ・リュウ,Snake/Dragon,高知県,高知市,coastal,inland_water,True,coastal_to_inland_water,0.389,0.281,-0.108,8.098,10.356,2.258,0.9635,livelihood,
3540033,その他,Other,愛媛県,伊予市,coastal,coastal,False,same_class,0.717,0.479,-0.238,6.315,3.871,-2.444,0.9649,boundary;hydrology;taboo_time_weather,waterside_boundary;water_danger_norm;mountain_boundary
3540037,その他,Other,神奈川県,小田原市,coastal,coastal,False,same_class,0.347,0.382,0.035,0.641,3.286,2.645,0.95357,boundary;livelihood;mobility,coastal_landing
3550019,その他,Other,大阪府,貝塚市,coastal,coastal,False,same_class,0.559,0.083,-0.476,9.858,8.168,-1.69,0.97603,dwelling;hydrology,
3580004,その他,Other,神奈川県,鎌倉市,coastal,coastal,False,same_class,0.347,0.831,0.484,0.641,2.727,2.086,0.98401,mobility,mountain_route
3570008,その他,Other,新潟県,三条市,coastal,plain,True,coastal_to_plain,0.334,0.869,0.535,2.178,32.733,30.555,0.96664,dwelling,
3590010,その他,Other,東京都,目黒区,coastal,coastal,False,same_class,0.759,1.143,0.384,7.763,5.792,-1.971,0.99129,boundary;death_ritual;taboo_time_weather,mortuary_boundary
3590008,その他,Other,東京都,品川区,coastal,coastal,False,same_class,0.759,0.447,-0.312,7.763,2.916,-4.847,0.98779,boundary;dwelling;hydrology;livelihood;mobility,water_crossing;waterside_boundary;domestic_threshold;water_livelihood
3630035,ヘビ・リュウ,Snake/Dragon,三重県,桑名市,coastal,coastal,False,same_class,0.512,0.176,-0.336,1.843,9.971,8.128,0.97667,boundary;dwelling;hydrology;livelihood;taboo_time_weather,waterside_boundary;water_danger_norm;mountain_boundary;domestic_threshold;water_livelihood
3630030,その他,Other,京都府,京都市,inland_water,inland_water,False,same_class,0.322,0.213,-0.109,48.255,40.922,-7.333,0.81776,boundary;dwelling;mobility,domestic_threshold
3630031,その他,Other,京都府,京都市,inland_water,inland_water,False,same_class,0.322,0.213,-0.109,48.255,40.922,-7.333,0.81776,boundary;mobility;taboo_time_weather,
3630041,その他,Other,長野県,諏訪市,valley,valley,False,same_class,0.121,0.6,0.479,51.74,108.379,56.639,0.99186,,
3630043,その他,Other,静岡県,下田市,coastal,coastal,False,same_class,1.85,0.376,-1.474,5.119,4.461,-0.658,0.98615,death_ritual;livelihood;mobility,mountain_route;coastal_landing
3590014,その他,Other,石川県,白山市,coastal,plain,True,coastal_to_plain,0.585,0.904,0.319,3.456,25.218,21.762,0.82028,boundary;dwelling;hydrology,waterside_boundary;mountain_boundary;domestic_threshold
3630050,その他,Other,香川県,観音寺市,coastal,coastal,False,same_class,0.779,0.854,0.075,1.632,3.207,1.575,0.92879,boundary;mobility;taboo_time_weather,
3630060,その他,Other,長野県,下諏訪町,valley,valley,False,same_class,0.121,0.555,0.434,51.74,102.103,50.363,0.99505,boundary,
3630040,その他,Other,長野県,諏訪市,valley,valley,False,same_class,0.121,0.6,0.479,51.74,108.379,56.639,0.99186,boundary;hydrology;taboo_time_weather,waterside_boundary;water_danger_norm
3630072,その他,Other,神奈川県,鎌倉市,coastal,coastal,False,same_class,0.347,0.831,0.484,0.641,2.727,2.086,0.98401,taboo_time_weather,
3680028,その他,Other,三重県,伊勢市,coastal,coastal,False,same_class,0.512,0.194,-0.318,1.843,5.295,3.452,0.96382,dwelling;hydrology;livelihood,water_livelihood
3630065,その他,Other,京都府,京都市,inland_water,inland_water,False,same_class,0.322,0.213,-0.109,48.255,40.922,-7.333,0.81776,dwelling,
3660005,その他,Other,大分県,宇佐市,coastal,plain,True,coastal_to_plain,0.897,0.709,-0.188,1.665,15.135,13.47,0.93133,mobility,
3680023,その他,Other,愛媛県,伊予市,coastal,coastal,False,same_class,0.717,0.479,-0.238,6.315,3.871,-2.444,0.9649,hydrology;livelihood;mobility;taboo_time_weather,water_crossing;water_danger_norm;water_livelihood
3680019,その他,Other,新潟県,佐渡市,coastal,coastal,False,same_class,0.334,0.31,-0.024,2.178,7.982,5.804,0.93231,mobility,
5060007,その他,Other,福岡県,太宰府市,coastal,inland_water,True,coastal_to_inland_water,0.833,0.105,-0.728,2.057,16.318,14.261,0.99424,boundary;taboo_time_weather,
4970008,その他,Other,京都府,宇治市,inland_water,inland_water,False,same_class,0.322,0.296,-0.026,48.255,47.545,-0.71,0.98797,boundary,mountain_boundary
5330001,キツネ,Kitsune,京都府,京都市,inland_water,inland_water,False,same_class,0.322,0.213,-0.109,48.255,40.922,-7.333,0.81776,boundary;death_ritual;taboo_time_weather,mortuary_boundary
1580014,テング,Tengu,愛知県,設楽町,plain,inland_water,True,plain_to_inland_water,1.099,0.097,-1.002,10.163,40.514,30.351,0.9453,dwelling,
0030323,ヘビ・リュウ,Snake/Dragon,奈良県,天理市,inland_water,inland_water,False,same_class,0.312,0.307,-0.005,38.579,41.723,3.144,0.97869,,
0030322,ヘビ・リュウ,Snake/Dragon,奈良県,天川村,inland_water,inland_water,False,same_class,0.312,0.384,0.072,38.579,37.25,-1.329,0.95176,hydrology,
0200004,オニ,Oni,愛媛県,宇和島市,coastal,coastal,False,same_class,0.717,0.756,0.039,6.315,5.523,-0.792,0.91442,hydrology;livelihood,water_livelihood
0310089,その他,Other,岡山県,新庄村,coastal,inland_water,True,coastal_to_inland_water,0.159,0.32,0.161,7.431,31.72,24.289,0.99036,hydrology;mobility,water_crossing
0450017,キツネ,Kitsune,山梨県,韮崎市,valley,valley,False,same_class,0.11,0.023,-0.087,59.395,68.641,9.246,0.96766,dwelling;hydrology;livelihood;mobility;taboo_time_weather,water_crossing;water_danger_norm;mountain_route;water_livelihood
1240042,ヘビ・リュウ,Snake/Dragon,埼玉県,東松山,plain,valley,True,plain_to_valley,0.918,0.198,-0.72,24.899,54.629,29.73,0.98243,mobility,mountain_route
1610016,ユウレイ,Yurei,沖縄県,那覇市,coastal,coastal,False,same_class,0.294,0.134,-0.16,1.663,2.622,0.959,0.98192,death_ritual;taboo_time_weather,
2470031,キツネ,Kitsune,長崎県,対馬市,coastal,coastal,False,same_class,0.115,0.007,-0.108,2.658,1.425,-1.233,0.82543,livelihood;mobility,
2470030,キツネ,Kitsune,長崎県,対馬市,coastal,coastal,False,same_class,0.115,0.007,-0.108,2.658,1.425,-1.233,0.82543,livelihood;mobility,
3120021,その他,Other,東京都,八王子市,coastal,inland_water,True,coastal_to_inland_water,0.759,0.052,-0.707,7.763,39.165,31.402,0.91297,livelihood;taboo_time_weather,
3260004,その他,Other,大阪府,摂津市,coastal,inland_water,True,coastal_to_inland_water,0.559,0.04,-0.519,9.858,17.898,8.04,0.99115,livelihood,
3880012,テング,Tengu,静岡県,大井川町,coastal,coastal,False,same_class,1.85,0.214,-1.636,5.119,1.979,-3.14,0.99732,hydrology;taboo_time_weather,water_danger_norm
3880007,その他,Other,三重県,伊勢市,coastal,coastal,False,same_class,0.512,0.194,-0.318,1.843,5.295,3.452,0.96382,dwelling;mobility;taboo_time_weather,
3880005,その他,Other,神奈川県,小田原市,coastal,coastal,False,same_class,0.347,0.382,0.035,0.641,3.286,2.645,0.95357,boundary;death_ritual;dwelling;livelihood;taboo_time_weather,domestic_threshold;mortuary_boundary
3010008,ヘビ・リュウ,Snake/Dragon,京都府,京都市,inland_water,inland_water,False,same_class,0.322,0.213,-0.109,48.255,40.922,-7.333,0.81776,boundary;dwelling;livelihood,domestic_threshold
3010009,その他,Other,京都府,京都市,inland_water,inland_water,False,same_class,0.322,0.213,-0.109,48.255,40.922,-7.333,0.81776,hydrology,
3010014,その他,Other,宮城県,仙台市,plain,inland_water,True,plain_to_inland_water,0.929,0.006,-0.923,12.244,24.813,12.569,0.89071,,
4330001,その他,Other,静岡県,大井川町,coastal,coastal,False,same_class,1.85,0.214,-1.636,5.119,1.979,-3.14,0.99732,hydrology;livelihood,water_livelihood
4420001,ユウレイ,Yurei,千葉県,東金市,coastal,coastal,False,same_class,0.071,0.877,0.806,3.934,8.96,5.026,0.98251,death_ritual,
0080310,その他,Other,愛媛県,伊予市,coastal,coastal,False,same_class,0.717,0.479,-0.238,6.315,3.871,-2.444,0.9649,,
0080321,その他,Other,愛媛県,今治市,coastal,coastal,False,same_class,0.717,0.017,-0.7,6.315,5.596,-0.719,0.92575,,
0540116,ヘビ・リュウ,Snake/Dragon,島根県,出雲市,coastal,coastal,False,same_class,0.07,0.125,0.055,8.304,7.158,-1.146,0.91995,boundary,
3880052,その他,Other,京都府,京都市,inland_water,inland_water,False,same_class,0.322,0.213,-0.109,48.255,40.922,-7.333,0.81776,boundary;death_ritual;taboo_time_weather,mortuary_boundary
4490003_001,その他,Other,佐賀県,唐津市,coastal,coastal,False,same_class,0.052,0.604,0.552,8.731,2.499,-6.232,0.79914,,
4490002,その他,Other,京都府,八幡市,inland_water,plain,True,inland_water_to_plain,0.322,0.586,0.264,48.255,34.215,-14.04,0.9953,livelihood,
4510001,その他,Other,神奈川県,箱根町,coastal,coastal,False,same_class,0.347,0.092,-0.255,0.641,8.743,8.102,0.96192,hydrology;livelihood;mobility;taboo_time_weather,water_crossing;water_danger_norm;water_livelihood
4570001,ネコ,Neko,静岡県,御前崎市,coastal,coastal,False,same_class,1.85,0.589,-1.261,5.119,2.389,-2.73,0.99143,boundary;dwelling;taboo_time_weather,mountain_boundary;domestic_threshold
4530001,その他,Other,三重県,桑名市,coastal,coastal,False,same_class,0.512,0.176,-0.336,1.843,9.971,8.128,0.97667,livelihood;mobility,
4570002,その他,Other,群馬県,上野村,valley,valley,False,same_class,0.144,0.944,0.8,103.572,96.821,-6.751,0.97156,hydrology;mobility,water_crossing;mountain_route
5410003,キツネ,Kitsune,三重県,伊賀市,coastal,inland_water,True,coastal_to_inland_water,0.512,0.021,-0.491,1.843,30.63,28.787,0.90306,,
5410027,タヌキ,Tanuki,新潟県,佐渡市,coastal,coastal,False,same_class,0.334,0.31,-0.024,2.178,7.982,5.804,0.93231,death_ritual;dwelling;mobility,mountain_route
5410030,タヌキ,Tanuki,静岡県,沼津市,coastal,coastal,False,same_class,1.85,0.07,-1.78,5.119,1.37,-3.749,0.97561,hydrology,
5480001,その他,Other,石川県,白山市,coastal,plain,True,coastal_to_plain,0.585,0.904,0.319,3.456,25.218,21.762,0.82028,,
5410029,タヌキ,Tanuki,新潟県,佐渡市,coastal,coastal,False,same_class,0.334,0.31,-0.024,2.178,7.982,5.804,0.93231,mobility,mountain_route;coastal_landing
1460674,オニ,Oni,福島県,二本松市,inland_water,inland_water,False,same_class,0.112,0.08,-0.032,43.792,45.557,1.765,0.97558,mobility,
1460699,ヤマノカミ,Yama-no-kami,福島県,石川町,inland_water,plain,True,inland_water_to_plain,0.112,0.561,0.449,43.792,41.721,-2.071,0.99118,hydrology;livelihood,water_livelihood
2363339,その他,Other,山口県,防府市,inland_water,coastal,True,inland_water_to_coastal,0.192,0.302,0.11,17.248,5.787,-11.461,0.96997,mobility,mountain_route
0200043,ヒノタマ,Hitodama,愛媛県,伊予市,coastal,coastal,False,same_class,0.717,0.479,-0.238,6.315,3.871,-2.444,0.9649,death_ritual;mobility,
0200056,その他,Other,愛媛県,今治市,coastal,coastal,False,same_class,0.717,0.017,-0.7,6.315,5.596,-0.719,0.92575,death_ritual;hydrology;mobility,water_crossing;mountain_route
0200050,その他,Other,愛媛県,松山市,coastal,coastal,False,same_class,0.717,0.72,0.003,6.315,7.285,0.97,0.92332,taboo_time_weather,
0200052,テング,Tengu,愛媛県,松山市,coastal,coastal,False,same_class,0.717,0.72,0.003,6.315,7.285,0.97,0.92332,boundary;death_ritual;livelihood;mobility;taboo_time_weather,mountain_route;mountain_boundary;mortuary_boundary
0330001,ユウレイ,Yurei,山形県,米沢市,valley,valley,False,same_class,0.696,0.059,-0.637,53.069,68.389,15.32,0.94111,death_ritual;dwelling;hydrology,
0590151,キツネ,Kitsune,鳥取県,鳥取市,coastal,plain,True,coastal_to_plain,0.551,0.61,0.059,4.715,12.789,8.074,0.77904,dwelling;mobility,
0590152,キツネ,Kitsune,鳥取県,鳥取市,coastal,plain,True,coastal_to_plain,0.551,0.61,0.059,4.715,12.789,8.074,0.77904,boundary;dwelling,domestic_threshold
0590160,その他,Other,鹿児島県,天城町,coastal,coastal,False,same_class,0.913,0.989,0.076,0.301,3.388,3.087,0.98919,,
1260040,その他,Other,長野県,生坂村,valley,valley,False,same_class,0.121,0.317,0.196,51.74,65.699,13.959,0.99768,mobility,mountain_route
2310025,その他,Other,栃木県,小山市,valley,valley,False,same_class,0.346,0.499,0.153,66.5,69.49,2.99,0.97381,boundary;dwelling,mountain_boundary;domestic_threshold
3170004,ユウレイ,Yurei,長崎県,長崎市,coastal,coastal,False,same_class,0.115,0.678,0.563,2.658,5.827,3.169,0.9066,death_ritual;dwelling;taboo_time_weather,
3200032,その他,Other,兵庫県,明石,coastal,coastal,False,same_class,0.266,0.369,0.103,1.854,1.005,-0.849,0.99378,death_ritual,
3200033,オニ,Oni,兵庫県,尼崎市,coastal,coastal,False,same_class,0.266,0.024,-0.242,1.854,3.804,1.95,0.99401,dwelling;hydrology,
3200028,その他,Other,大阪府,摂津市,coastal,inland_water,True,coastal_to_inland_water,0.559,0.04,-0.519,9.858,17.898,8.04,0.99115,,
3900003,その他,Other,愛知県,名古屋市,plain,coastal,True,plain_to_coastal,1.099,1.218,0.119,10.163,6.979,-3.184,0.94089,boundary;dwelling;livelihood,domestic_threshold
3940005,ユウレイ,Yurei,大阪府,大阪市,coastal,coastal,False,same_class,0.559,0.029,-0.53,9.858,9.231,-0.627,0.88369,death_ritual;dwelling;hydrology;livelihood;mobility,water_crossing;water_livelihood
3200045,その他,Other,三重県,伊勢市,coastal,coastal,False,same_class,0.512,0.194,-0.318,1.843,5.295,3.452,0.96382,dwelling;livelihood,
3170024,ヘビ・リュウ,Snake/Dragon,京都府,宇治市,inland_water,inland_water,False,same_class,0.322,0.296,-0.026,48.255,47.545,-0.71,0.98797,boundary;dwelling,domestic_threshold
3170030,その他,Other,大阪府,高槻市,coastal,inland_water,True,coastal_to_inland_water,0.559,0.129,-0.43,9.858,27.39,17.532,0.94533,dwelling;hydrology;livelihood;mobility;taboo_time_weather,water_crossing;water_danger_norm;water_livelihood
3200069,その他,Other,富山県,立山町,coastal,inland_water,True,coastal_to_inland_water,0.098,0.375,0.277,7.094,17.859,10.765,0.92909,hydrology;mobility,water_crossing;mountain_route
3200065,その他,Other,徳島県,鳴門市,coastal,coastal,False,same_class,0.087,0.206,0.119,3.822,4.201,0.379,0.96619,boundary;livelihood,mountain_boundary
3220005,タヌキ,Tanuki,新潟県,佐渡市,coastal,coastal,False,same_class,0.334,0.31,-0.024,2.178,7.982,5.804,0.93231,mobility,
3250015,その他,Other,大阪府,松原市,coastal,inland_water,True,coastal_to_inland_water,0.559,0.243,-0.316,9.858,13.035,3.177,0.99232,,
3250011,イヌガミ,Inugami,群馬県,南牧村,valley,valley,False,same_class,0.144,0.449,0.305,103.572,109.021,5.449,0.98124,,
3910006,その他,Other,東京都,目黒区,coastal,coastal,False,same_class,0.759,1.143,0.384,7.763,5.792,-1.971,0.99129,,
3910005,その他,Other,東京都,目黒区,coastal,coastal,False,same_class,0.759,1.143,0.384,7.763,5.792,-1.971,0.99129,,
3930009,その他,Other,長崎県,長崎市,coastal,coastal,False,same_class,0.115,0.678,0.563,2.658,5.827,3.169,0.9066,boundary;mobility,coastal_landing
3950075,その他,Other,佐賀県,多久市,coastal,inland_water,True,coastal_to_inland_water,0.052,0.464,0.412,8.731,16.93,8.199,0.95993,death_ritual;dwelling;mobility,
3950077,その他,Other,東京都,渋谷区,coastal,coastal,False,same_class,0.759,0.592,-0.167,7.763,5.59,-2.173,0.99354,boundary;dwelling,mountain_boundary;domestic_threshold
3950098,その他,Other,茨城県,水戸市,plain,plain,False,same_class,1.062,0.962,-0.1,12.361,17.768,5.407,0.96511,boundary;dwelling;taboo_time_weather,domestic_threshold
4650001,ユウレイ,Yurei,長崎県,長崎市,coastal,coastal,False,same_class,0.115,0.678,0.563,2.658,5.827,3.169,0.9066,death_ritual,
4680020,ユウレイ,Yurei,静岡県,富士市,coastal,plain,True,coastal_to_plain,1.85,1.466,-0.384,5.119,10.849,5.73,0.97206,death_ritual;dwelling;hydrology;taboo_time_weather,water_danger_norm
4810002,その他,Other,福岡県,福岡市,coastal,coastal,False,same_class,0.833,0.356,-0.477,2.057,3.561,1.504,0.93342,boundary;dwelling;livelihood;mobility,domestic_threshold
4810006,その他,Other,長崎県,長崎市,coastal,coastal,False,same_class,0.115,0.678,0.563,2.658,5.827,3.169,0.9066,,
4830005,その他,Other,佐賀県,唐津市,coastal,coastal,False,same_class,0.052,0.604,0.552,8.731,2.499,-6.232,0.79914,,
4830023,その他,Other,三重県,伊勢市,coastal,coastal,False,same_class,0.512,0.194,-0.318,1.843,5.295,3.452,0.96382,boundary;dwelling;taboo_time_weather,domestic_threshold
4830013,その他,Other,福井県,若狭町,plain,coastal,True,plain_to_coastal,0.72,0.223,-0.497,15.763,6.179,-9.584,0.95746,,
4880005,その他,Other,三重県,伊勢市,coastal,coastal,False,same_class,0.512,0.194,-0.318,1.843,5.295,3.452,0.96382,,
1422054,キツネ,Kitsune,宮城県,岩沼市,plain,coastal,True,plain_to_coastal,0.929,0.174,-0.755,12.244,5.141,-7.103,0.99229,boundary;hydrology;mobility;taboo_time_weather,water_crossing;waterside_boundary;water_danger_norm;mountain_route;mountain_boundary
2363430,ユウレイ,Yurei,大分県,津久見市,coastal,coastal,False,same_class,0.897,0.389,-0.508,1.665,3.826,2.161,0.98741,death_ritual,
2363428,イヌガミ,Inugami,大分県,佐伯市,coastal,inland_water,True,coastal_to_inland_water,0.897,0.215,-0.682,1.665,16.169,14.504,0.85677,livelihood,
1140401,ヘビ・リュウ,Snake/Dragon,徳島県,吉野川市,coastal,inland_water,True,coastal_to_inland_water,0.087,0.345,0.258,3.822,25.792,21.97,0.96535,dwelling;hydrology;mobility,water_crossing
1610031,ヤマノカミ,Yama-no-kami,鹿児島県,宇検村,coastal,coastal,False,same_class,0.913,0.635,-0.278,0.301,4.305,4.004,0.98778,mobility;taboo_time_weather,mountain_route;coastal_landing
2410026,タヌキ,Tanuki,滋賀県,大津市,valley,inland_water,True,valley_to_inland_water,0.161,0.058,-0.103,54.318,48.34,-5.978,0.90621,boundary,mountain_boundary
3970007,キツネ,Kitsune,東京都,新宿区,coastal,coastal,False,same_class,0.759,1.611,0.852,7.763,5.874,-1.889,0.99262,dwelling,
4040001,ユウレイ,Yurei,大阪府,高槻市,coastal,inland_water,True,coastal_to_inland_water,0.559,0.129,-0.43,9.858,27.39,17.532,0.94533,boundary;mobility;taboo_time_weather,
1150044,その他,Other,山形県,中山町,valley,valley,False,same_class,0.696,0.3,-0.396,53.069,63.862,10.793,0.99663,,
3980009,その他,Other,福岡県,太宰府市,coastal,inland_water,True,coastal_to_inland_water,0.833,0.105,-0.728,2.057,16.318,14.261,0.99424,death_ritual,
4070009,その他,Other,愛媛県,伊予市,coastal,coastal,False,same_class,0.717,0.479,-0.238,6.315,3.871,-2.444,0.9649,hydrology;livelihood,water_livelihood
4100048,その他,Other,岐阜県,岐阜市,plain,plain,False,same_class,0.575,0.616,0.041,35.777,39.735,3.958,0.98054,boundary;dwelling;livelihood,mountain_boundary;domestic_threshold
4100023,その他,Other,京都府,京都市,inland_water,inland_water,False,same_class,0.322,0.213,-0.109,48.255,40.922,-7.333,0.81776,boundary;livelihood,mountain_boundary
4100018,その他,Other,三重県,伊勢市,coastal,coastal,False,same_class,0.512,0.194,-0.318,1.843,5.295,3.452,0.96382,boundary;death_ritual,mortuary_boundary
4100055,オニ,Oni,京都府,京都市,inland_water,inland_water,False,same_class,0.322,0.213,-0.109,48.255,40.922,-7.333,0.81776,boundary,
4100039,その他,Other,長崎県,長崎市,coastal,coastal,False,same_class,0.115,0.678,0.563,2.658,5.827,3.169,0.9066,dwelling;mobility,
4100026,その他,Other,長野県,下諏訪町,valley,valley,False,same_class,0.121,0.555,0.434,51.74,102.103,50.363,0.99505,hydrology;mobility,water_crossing
5610003,その他,Other,鳥取県,伯耆町,coastal,inland_water,True,coastal_to_inland_water,0.551,0.108,-0.443,4.715,15.895,11.18,0.95703,,
1422128,その他,Other,秋田県,秋田市,coastal,plain,True,coastal_to_plain,0.83,0.875,0.045,3.702,11.837,8.135,0.9166,livelihood,
1422129,その他,Other,秋田県,秋田市,coastal,plain,True,coastal_to_plain,0.83,0.875,0.045,3.702,11.837,8.135,0.9166,livelihood,
C1450001-000,キツネ,Kitsune,神奈川県,山北町,coastal,inland_water,True,coastal_to_inland_water,0.347,0.485,0.138,0.641,22.739,22.098,0.90835,dwelling;livelihood,
2363586,テング,Tengu,和歌山県,和歌山市,coastal,coastal,False,same_class,0.708,0.01,-0.698,2.822,8.731,5.909,0.95481,dwelling;livelihood;mobility,mountain_route
C1450048-000,その他,Other,神奈川県,大磯町,coastal,coastal,False,same_class,0.347,0.17,-0.177,0.641,1.671,1.03,0.99348,death_ritual,
C1450041-000,ヘビ・リュウ,Snake/Dragon,神奈川県,箱根町,coastal,coastal,False,same_class,0.347,0.092,-0.255,0.641,8.743,8.102,0.96192,boundary;hydrology,waterside_boundary;mountain_boundary
0890002,その他,Other,静岡県,沼津市,coastal,coastal,False,same_class,1.85,0.07,-1.78,5.119,1.37,-3.749,0.97561,hydrology;livelihood,water_livelihood
0890013,その他,Other,静岡県,伊東市,coastal,coastal,False,same_class,1.85,0.935,-0.915,5.119,3.552,-1.567,0.98284,livelihood,
0870015,タヌキ,Tanuki,香川県,高松市,coastal,inland_water,True,coastal_to_inland_water,0.779,0.202,-0.577,1.632,10.573,8.941,0.77596,boundary,
1140407,タヌキ,Tanuki,徳島県,吉野川市,coastal,inland_water,True,coastal_to_inland_water,0.087,0.345,0.258,3.822,25.792,21.97,0.96535,boundary;death_ritual;hydrology;mobility,water_crossing;waterside_boundary;mortuary_boundary
2180621,ヘビ・リュウ,Snake/Dragon,長崎県,対馬市,coastal,coastal,False,same_class,0.115,0.007,-0.108,2.658,1.425,-1.233,0.82543,hydrology;livelihood;mobility,water_crossing;water_livelihood
1480054,その他,Other,愛媛県,伊予市,coastal,coastal,False,same_class,0.717,0.479,-0.238,6.315,3.871,-2.444,0.9649,dwelling,
2410030,その他,Other,滋賀県,甲賀市,valley,inland_water,True,valley_to_inland_water,0.161,0.341,0.18,54.318,35.762,-18.556,0.88237,,
5850018,ヤマノカミ,Yama-no-kami,山梨県,甲州市,valley,valley,False,same_class,0.11,0.331,0.221,59.395,63.431,4.036,0.9399,taboo_time_weather,
1070158,カッパ,Kappa,岐阜県,大垣市,plain,inland_water,True,plain_to_inland_water,0.575,0.041,-0.534,35.777,37.03,1.253,0.98056,hydrology,
4110047,その他,Other,長野県,信濃町,valley,inland_water,True,valley_to_inland_water,0.121,0.095,-0.026,51.74,37.277,-14.463,0.98993,,
4110049,タヌキ,Tanuki,愛知県,小坂井町,plain,coastal,True,plain_to_coastal,1.099,0.455,-0.644,10.163,3.675,-6.488,0.99814,dwelling;hydrology;mobility,water_crossing
4110043,キツネ,Kitsune,京都府,京都市,inland_water,inland_water,False,same_class,0.322,0.213,-0.109,48.255,40.922,-7.333,0.81776,boundary;dwelling;livelihood,domestic_threshold
4110048,その他,Other,長野県,信濃町,valley,inland_water,True,valley_to_inland_water,0.121,0.095,-0.026,51.74,37.277,-14.463,0.98993,death_ritual;taboo_time_weather,
2363646,その他,Other,石川県,白山市,coastal,plain,True,coastal_to_plain,0.585,0.904,0.319,3.456,25.218,21.762,0.82028,taboo_time_weather,
2363664,その他,Other,石川県,白山市,coastal,plain,True,coastal_to_plain,0.585,0.904,0.319,3.456,25.218,21.762,0.82028,hydrology,
C0520004-000,その他,Other,秋田県,秋田市,coastal,plain,True,coastal_to_plain,0.83,0.875,0.045,3.702,11.837,8.135,0.9166,hydrology;livelihood;taboo_time_weather,water_danger_norm;water_livelihood
0030331,その他,Other,岡山県,美作市,coastal,inland_water,True,coastal_to_inland_water,0.159,0.411,0.252,7.431,34.84,27.409,0.94136,livelihood,
C3920012-000,ユウレイ,Yurei,高知県,宿毛市,coastal,coastal,False,same_class,0.389,0.242,-0.147,8.098,8.455,0.357,0.96151,death_ritual;mobility,coastal_landing
0570005,ユウレイ,Yurei,長崎県,島原市,coastal,coastal,False,same_class,0.115,0.506,0.391,2.658,3.739,1.081,0.97844,death_ritual;dwelling,
2390002,その他,Other,岩手県,遠野市,valley,inland_water,True,valley_to_inland_water,0.257,0.167,-0.09,70.061,36.52,-33.541,0.94668,livelihood;taboo_time_weather,
2390011,キツネ,Kitsune,岩手県,釜石市,valley,coastal,True,valley_to_coastal,0.257,0.074,-0.183,70.061,9.029,-61.032,0.97043,boundary;dwelling;livelihood,domestic_threshold
2410032,オニ,Oni,岐阜県,美濃市,plain,valley,True,plain_to_valley,0.575,0.66,0.085,35.777,54.063,18.286,0.98895,boundary;death_ritual;dwelling;taboo_time_weather,domestic_threshold;mortuary_boundary
2600006,その他,Other,徳島県,徳島市,coastal,coastal,False,same_class,0.087,0.162,0.075,3.822,7.566,3.744,0.95468,hydrology;mobility;taboo_time_weather,water_crossing;water_danger_norm;mountain_route;coastal_landing
5950010,その他,Other,大阪府,大阪市,coastal,coastal,False,same_class,0.559,0.029,-0.53,9.858,9.231,-0.627,0.88369,dwelling;taboo_time_weather,
5940002,その他,Other,兵庫県,播磨町,coastal,coastal,False,same_class,0.266,0.211,-0.055,1.854,0.945,-0.909,0.9988,dwelling,
5950009,テング,Tengu,兵庫県,西宮市,coastal,coastal,False,same_class,0.266,0.31,0.044,1.854,7.141,5.287,0.98915,boundary,mountain_boundary
5950011,ヘビ・リュウ,Snake/Dragon,大分県,日田市,coastal,inland_water,True,coastal_to_inland_water,0.897,0.175,-0.722,1.665,45.282,43.617,0.89283,hydrology;livelihood,water_livelihood
5950034,その他,Other,福岡県,筑後市,coastal,inland_water,True,coastal_to_inland_water,0.833,0.234,-0.599,2.057,13.612,11.555,0.99057,,
5950023,その他,Other,岡山県,倉敷市,coastal,coastal,False,same_class,0.159,0.141,-0.018,7.431,4.339,-3.092,0.95102,livelihood,
5950022,テング,Tengu,大分県,日田市,coastal,inland_water,True,coastal_to_inland_water,0.897,0.175,-0.722,1.665,45.282,43.617,0.89283,death_ritual;livelihood,
5860048,その他,Other,三重県,志摩市,coastal,coastal,False,same_class,0.512,0.057,-0.455,1.843,3.314,1.471,0.96744,hydrology,
5860110,タヌキ,Tanuki,新潟県,佐渡市,coastal,coastal,False,same_class,0.334,0.31,-0.024,2.178,7.982,5.804,0.93231,mobility,
5610005_004,その他,Other,石川県,加賀市,coastal,inland_water,True,coastal_to_inland_water,0.585,0.129,-0.456,3.456,11.756,8.3,0.93419,,
1310079,その他,Other,山梨県,上野原市,valley,inland_water,True,valley_to_inland_water,0.11,0.061,-0.049,59.395,41.659,-17.736,0.96297,,
1310087,その他,Other,山梨県,身延町,valley,inland_water,True,valley_to_inland_water,0.11,0.273,0.163,59.395,33.911,-25.484,0.93307,boundary;dwelling;livelihood;taboo_time_weather,domestic_threshold
6130035,その他,Other,茨城県,水戸市,plain,plain,False,same_class,1.062,0.962,-0.1,12.361,17.768,5.407,0.96511,dwelling,
6130060,その他,Other,岡山県,備前市,coastal,coastal,False,same_class,0.159,0.61,0.451,7.431,9.97,2.539,0.96331,hydrology;livelihood;taboo_time_weather,water_danger_norm;water_livelihood
6140007,その他,Other,京都府,京都市,inland_water,inland_water,False,same_class,0.322,0.213,-0.109,48.255,40.922,-7.333,0.81776,dwelling;livelihood;mobility,
6140022,その他,Other,京都府,京都市,inland_water,inland_water,False,same_class,0.322,0.213,-0.109,48.255,40.922,-7.333,0.81776,taboo_time_weather,
6140027,ヘビ・リュウ,Snake/Dragon,静岡県,大井川町,coastal,coastal,False,same_class,1.85,0.214,-1.636,5.119,1.979,-3.14,0.99732,boundary;hydrology;taboo_time_weather,waterside_boundary;water_danger_norm
6140026,その他,Other,岡山県,倉敷市,coastal,coastal,False,same_class,0.159,0.141,-0.018,7.431,4.339,-3.092,0.95102,boundary;death_ritual;dwelling;livelihood;taboo_time_weather,domestic_threshold;mortuary_boundary
6170007,キツネ,Kitsune,鳥取県,鳥取市,coastal,plain,True,coastal_to_plain,0.551,0.61,0.059,4.715,12.789,8.074,0.77904,boundary;livelihood;mobility,mountain_route;mountain_boundary
6170021,その他,Other,茨城県,鹿嶋市,plain,coastal,True,plain_to_coastal,1.062,3.394,2.332,12.361,2.305,-10.056,0.98515,boundary;hydrology,waterside_boundary
6170011,その他,Other,宮城県,仙台市,plain,inland_water,True,plain_to_inland_water,0.929,0.006,-0.923,12.244,24.813,12.569,0.89071,death_ritual;mobility,coastal_landing
6170022,その他,Other,長崎県,長崎市,coastal,coastal,False,same_class,0.115,0.678,0.563,2.658,5.827,3.169,0.9066,,
6170027,その他,Other,群馬県,草津町,valley,valley,False,same_class,0.144,0.494,0.35,103.572,70.27,-33.302,0.99165,hydrology;taboo_time_weather,water_danger_norm
6170082,その他,Other,静岡県,掛川市,coastal,inland_water,True,coastal_to_inland_water,1.85,0.287,-1.563,5.119,12.859,7.74,0.96583,hydrology,
6170107,その他,Other,茨城県,潮来市,plain,plain,False,same_class,1.062,0.794,-0.268,12.361,10.85,-1.511,0.99081,,
6340012,オニ,Oni,京都府,京都市,inland_water,inland_water,False,same_class,0.322,0.213,-0.109,48.255,40.922,-7.333,0.81776,livelihood,
6340009,その他,Other,岡山県,岡山市,coastal,plain,True,coastal_to_plain,0.159,0.887,0.728,7.431,16.994,9.563,0.89691,boundary;dwelling,mountain_boundary;domestic_threshold
6350004,その他,Other,熊本県,球磨村,plain,inland_water,True,plain_to_inland_water,0.698,0.021,-0.677,12.221,16.545,4.324,0.9712,boundary;taboo_time_weather,
6340023,その他,Other,三重県,伊勢市,coastal,coastal,False,same_class,0.512,0.194,-0.318,1.843,5.295,3.452,0.96382,,
6350028,その他,Other,京都府,京都市,inland_water,inland_water,False,same_class,0.322,0.213,-0.109,48.255,40.922,-7.333,0.81776,dwelling;livelihood,
6350026,その他,Other,京都府,京都市,inland_water,inland_water,False,same_class,0.322,0.213,-0.109,48.255,40.922,-7.333,0.81776,boundary;death_ritual;dwelling;livelihood,domestic_threshold;mortuary_boundary
6350027,その他,Other,鹿児島県,鹿児島市,coastal,coastal,False,water_proximity_lost,0.913,3.684,2.771,0.301,3.671,3.37,0.94441,hydrology,
1070173,カッパ,Kappa,青森県,八戸市,coastal,coastal,False,same_class,1.172,0.254,-0.918,1.529,7.45,5.921,0.96774,boundary;dwelling;hydrology,waterside_boundary;domestic_threshold
1070209,キツネ,Kitsune,青森県,八戸市,coastal,coastal,False,same_class,1.172,0.254,-0.918,1.529,7.45,5.921,0.96774,dwelling;mobility,coastal_landing
1070213,キツネ,Kitsune,青森県,八戸市,coastal,coastal,False,same_class,1.172,0.254,-0.918,1.529,7.45,5.921,0.96774,dwelling;livelihood,
1070215,キツネ,Kitsune,青森県,八戸市,coastal,coastal,False,same_class,1.172,0.254,-0.918,1.529,7.45,5.921,0.96774,dwelling;taboo_time_weather,
1070210,キツネ,Kitsune,青森県,八戸市,coastal,coastal,False,same_class,1.172,0.254,-0.918,1.529,7.45,5.921,0.96774,dwelling,
1070236,その他,Other,青森県,八戸市,coastal,coastal,False,same_class,1.172,0.254,-0.918,1.529,7.45,5.921,0.96774,boundary;dwelling;hydrology;livelihood,waterside_boundary;mountain_boundary;domestic_threshold;water_livelihood
1070229,キツネ,Kitsune,青森県,八戸市,coastal,coastal,False,same_class,1.172,0.254,-0.918,1.529,7.45,5.921,0.96774,death_ritual;dwelling;mobility,
1460889,その他,Other,秋田県,能代市,coastal,plain,True,coastal_to_plain,0.83,0.514,-0.316,3.702,10.608,6.906,0.96537,hydrology;livelihood,water_livelihood
0180129,ユウレイ,Yurei,茨城県,水戸市,plain,plain,False,same_class,1.062,0.962,-0.1,12.361,17.768,5.407,0.96511,dwelling;taboo_time_weather,
1140424,ヤマノカミ,Yama-no-kami,秋田県,上小阿仁村,coastal,inland_water,True,coastal_to_inland_water,0.83,0.089,-0.741,3.702,27.723,24.021,0.97824,,
1260121,テング,Tengu,三重県,松阪市,coastal,inland_water,True,coastal_to_inland_water,0.512,0.175,-0.337,1.843,17.209,15.366,0.88882,mobility,mountain_route
1350201,その他,Other,山形県,米沢市,valley,valley,False,same_class,0.696,0.059,-0.637,53.069,68.389,15.32,0.94111,boundary;death_ritual;hydrology,waterside_boundary;mortuary_boundary
2410039,タヌキ,Tanuki,新潟県,佐渡市,coastal,coastal,False,same_class,0.334,0.31,-0.024,2.178,7.982,5.804,0.93231,mobility,mountain_route
2410040,タヌキ,Tanuki,京都府,京都市,inland_water,inland_water,False,same_class,0.322,0.213,-0.109,48.255,40.922,-7.333,0.81776,livelihood;mobility,
1070261,ヘビ・リュウ,Snake/Dragon,長野県,阿南町,valley,valley,False,same_class,0.121,0.146,0.025,51.74,69.524,17.784,0.99132,boundary;dwelling;hydrology;livelihood,waterside_boundary;domestic_threshold;water_livelihood
1070262,ヘビ・リュウ,Snake/Dragon,長野県,阿南町,valley,valley,False,same_class,0.121,0.146,0.025,51.74,69.524,17.784,0.99132,dwelling;hydrology;livelihood;taboo_time_weather,water_danger_norm;water_livelihood
2130162,その他,Other,愛知県,幡豆町,plain,coastal,True,plain_to_coastal,1.099,0.211,-0.888,10.163,1.733,-8.43,0.99524,dwelling;livelihood;mobility,mountain_route
1460984,ヘビ・リュウ,Snake/Dragon,和歌山県,日高川町,coastal,inland_water,True,coastal_to_inland_water,0.708,0.41,-0.298,2.822,20.029,17.207,0.92839,boundary;hydrology;mobility,water_crossing;waterside_boundary;mountain_route;mountain_boundary
1460986,ヘビ・リュウ,Snake/Dragon,和歌山県,日高川町,coastal,inland_water,True,coastal_to_inland_water,0.708,0.41,-0.298,2.822,20.029,17.207,0.92839,boundary;hydrology;mobility,water_crossing;waterside_boundary;mountain_route;mountain_boundary
1460985,ヘビ・リュウ,Snake/Dragon,和歌山県,日高川町,coastal,inland_water,True,coastal_to_inland_water,0.708,0.41,-0.298,2.822,20.029,17.207,0.92839,boundary;hydrology;mobility,water_crossing;waterside_boundary;mountain_route;mountain_boundary
1460987,ヘビ・リュウ,Snake/Dragon,和歌山県,日高川町,coastal,inland_water,True,coastal_to_inland_water,0.708,0.41,-0.298,2.822,20.029,17.207,0.92839,boundary;hydrology;mobility,water_crossing;waterside_boundary
1461057,キツネ,Kitsune,和歌山県,田辺市,coastal,inland_water,True,coastal_to_inland_water,0.708,0.224,-0.484,2.822,28.433,25.611,0.77429,death_ritual;livelihood,
2363813,その他,Other,栃木県,日光市,valley,valley,False,same_class,0.346,0.413,0.067,66.5,101.887,35.387,0.77425,taboo_time_weather,
2363824,その他,Other,福岡県,星野村,coastal,inland_water,True,coastal_to_inland_water,0.833,0.462,-0.371,2.057,36.425,34.368,0.98263,,
0250021,カッパ,Kappa,長野県,諏訪市,valley,valley,False,same_class,0.121,0.6,0.479,51.74,108.379,56.639,0.99186,dwelling;hydrology;livelihood;mobility;taboo_time_weather,water_crossing;water_danger_norm;mountain_route;water_livelihood
0320010,その他,Other,岡山県,新見市,coastal,plain,True,coastal_to_plain,0.159,0.905,0.746,7.431,48.616,41.185,0.88909,dwelling;mobility;taboo_time_weather,
1140427,その他,Other,埼玉県,長瀞町,plain,valley,True,plain_to_valley,0.918,0.153,-0.765,24.899,77.319,52.42,0.99183,,
1140431,その他,Other,千葉県,流山市,coastal,plain,True,coastal_to_plain,0.071,1.125,1.054,3.934,22.074,18.14,0.99214,boundary,mountain_boundary
1140443,その他,Other,神奈川県,愛川町,coastal,inland_water,True,coastal_to_inland_water,0.347,0.347,0.0,0.641,24.33,23.689,0.98575,hydrology,
1140444,その他,Other,神奈川県,厚木市,coastal,inland_water,True,coastal_to_inland_water,0.347,0.139,-0.208,0.641,16.715,16.074,0.96136,,
1140440,その他,Other,神奈川県,逗子市,coastal,coastal,False,same_class,0.347,0.077,-0.27,0.641,2.572,1.931,0.99241,hydrology,
1140684,その他,Other,茨城県,茨城町,plain,plain,False,same_class,1.062,0.915,-0.147,12.361,14.174,1.813,0.98185,boundary;mobility;taboo_time_weather,mountain_route;mountain_boundary
0540051,ユウレイ,Yurei,山梨県,甲州市,valley,valley,False,same_class,0.11,0.331,0.221,59.395,63.431,4.036,0.9399,boundary;death_ritual;dwelling;hydrology;livelihood,waterside_boundary;domestic_threshold;mortuary_boundary;water_livelihood
0540056,その他,Other,愛媛県,松山市,coastal,coastal,False,same_class,0.717,0.72,0.003,6.315,7.285,0.97,0.92332,dwelling;hydrology,
6460012,その他,Other,滋賀県,大津市,valley,inland_water,True,valley_to_inland_water,0.161,0.058,-0.103,54.318,48.34,-5.978,0.90621,dwelling;taboo_time_weather,
6500009,ヒノタマ,Hitodama,長崎県,長崎市,coastal,coastal,False,same_class,0.115,0.678,0.563,2.658,5.827,3.169,0.9066,death_ritual;taboo_time_weather,
6460052,その他,Other,京都府,福知山市,inland_water,inland_water,False,same_class,0.322,0.224,-0.098,48.255,27.409,-20.846,0.87887,,
6480002,カッパ,Kappa,岡山県,美作市,coastal,inland_water,True,coastal_to_inland_water,0.159,0.411,0.252,7.431,34.84,27.409,0.94136,boundary;dwelling;livelihood,domestic_threshold
6480003,その他,Other,京都府,宮津,inland_water,coastal,True,inland_water_to_coastal,0.322,0.071,-0.251,48.255,0.954,-47.301,0.96297,taboo_time_weather,
6500014,その他,Other,山口県,岩国市,inland_water,plain,True,inland_water_to_plain,0.192,0.61,0.418,17.248,16.519,-0.729,0.85841,boundary;livelihood,mountain_boundary
6500027,カッパ,Kappa,神奈川県,鎌倉市,coastal,coastal,False,same_class,0.347,0.831,0.484,0.641,2.727,2.086,0.98401,hydrology;livelihood;mobility;taboo_time_weather,water_crossing;water_danger_norm;water_livelihood
5610005_007,その他,Other,鳥取県,伯耆町,coastal,inland_water,True,coastal_to_inland_water,0.551,0.108,-0.443,4.715,15.895,11.18,0.95703,,
C1040011-000,ヘビ・リュウ,Snake/Dragon,群馬県,千代田町,valley,valley,False,same_class,0.144,0.704,0.56,103.572,68.713,-34.859,0.99624,boundary;dwelling;hydrology;livelihood,waterside_boundary;domestic_threshold;water_livelihood
C1040007-000,テング,Tengu,群馬県,片品村,valley,valley,False,same_class,0.144,0.206,0.062,103.572,88.268,-15.304,0.9395,,
C1040008-000,その他,Other,群馬県,伊勢崎市,valley,valley,False,same_class,0.144,0.233,0.089,103.572,89.631,-13.941,0.97798,boundary;death_ritual;livelihood;taboo_time_weather,mortuary_boundary
C1040022-000,ユウレイ,Yurei,群馬県,富岡市,valley,valley,False,same_class,0.144,0.12,-0.024,103.572,105.77,2.198,0.97932,,
C1040071-000,その他,Other,群馬県,片品村,valley,valley,False,same_class,0.144,0.206,0.062,103.572,88.268,-15.304,0.9395,taboo_time_weather,
C1040136-000,その他,Other,群馬県,太田市,valley,valley,False,same_class,0.144,0.123,-0.021,103.572,81.614,-21.958,0.97228,boundary;death_ritual;dwelling;livelihood,domestic_threshold;mortuary_boundary
C1040268-000,キツネ,Kitsune,群馬県,嬬恋村,valley,valley,False,same_class,0.144,0.097,-0.047,103.572,75.824,-27.748,0.94701,dwelling,
C1040275-000,キツネ,Kitsune,群馬県,邑楽町,valley,valley,False,same_class,0.144,0.064,-0.08,103.572,71.637,-31.935,0.99542,taboo_time_weather,
C1040295-000,テング,Tengu,群馬県,前橋市,valley,valley,False,same_class,0.144,0.408,0.264,103.572,100.779,-2.793,0.96146,hydrology;mobility,water_crossing;mountain_route
C1040308-000,テング,Tengu,群馬県,沼田市,valley,valley,False,same_class,0.144,0.556,0.412,103.572,98.403,-5.169,0.92894,boundary;hydrology;livelihood;taboo_time_weather,waterside_boundary;water_danger_norm;mountain_boundary;water_livelihood
C1040326-000,その他,Other,群馬県,沼田市,valley,valley,False,same_class,0.144,0.556,0.412,103.572,98.403,-5.169,0.92894,death_ritual;dwelling;hydrology;livelihood,water_livelihood
C1510071-000,その他,Other,静岡県,静岡市,coastal,inland_water,True,coastal_to_inland_water,1.85,0.369,-1.481,5.119,33.099,27.98,0.82235,,
C1510188-000,その他,Other,新潟県,小千谷市,coastal,plain,True,coastal_to_plain,0.334,0.624,0.29,2.178,23.386,21.208,0.98752,death_ritual;dwelling,
C1510266-000,その他,Other,新潟県,長岡市,coastal,inland_water,True,coastal_to_inland_water,0.334,0.173,-0.161,2.178,19.903,17.725,0.93214,boundary;hydrology;livelihood;taboo_time_weather,waterside_boundary;water_danger_norm;water_livelihood
C1510279-000,キツネ,Kitsune,新潟県,小千谷市,coastal,plain,True,coastal_to_plain,0.334,0.624,0.29,2.178,23.386,21.208,0.98752,livelihood;mobility,mountain_route
0470072,その他,Other,香川県,琴平町,coastal,plain,True,coastal_to_plain,0.779,0.523,-0.256,1.632,10.323,8.691,0.99599,death_ritual;dwelling,
1080108,その他,Other,東京都,青梅市,coastal,inland_water,True,coastal_to_inland_water,0.759,0.38,-0.379,7.763,49.56,41.797,0.94943,livelihood;mobility,mountain_route
1080127,その他,Other,東京都,檜原村,coastal,plain,True,coastal_to_plain,0.759,0.953,0.194,7.763,49.517,41.754,0.95201,dwelling,
1140466,その他,Other,大阪府,大阪市,coastal,coastal,False,same_class,0.559,0.029,-0.53,9.858,9.231,-0.627,0.88369,boundary;dwelling;livelihood,domestic_threshold
6540017,キツネ,Kitsune,東京都,渋谷区,coastal,coastal,False,same_class,0.759,0.592,-0.167,7.763,5.59,-2.173,0.99354,death_ritual;dwelling;hydrology;livelihood;taboo_time_weather,water_danger_norm;water_livelihood
6540015,その他,Other,三重県,伊勢市,coastal,coastal,False,same_class,0.512,0.194,-0.318,1.843,5.295,3.452,0.96382,boundary;death_ritual;livelihood,mortuary_boundary
6550010,その他,Other,東京都,品川区,coastal,coastal,False,same_class,0.759,0.447,-0.312,7.763,2.916,-4.847,0.98779,dwelling;hydrology;mobility,water_crossing;coastal_landing
6560004,その他,Other,京都府,長岡京市,inland_water,inland_water,False,same_class,0.322,0.273,-0.049,48.255,35.405,-12.85,0.99561,,
6540033,その他,Other,東京都,練馬区,coastal,inland_water,True,coastal_to_inland_water,0.759,0.088,-0.671,7.763,16.114,8.351,0.97834,dwelling;hydrology;livelihood,water_livelihood
6540035,その他,Other,鹿児島県,志布志市,coastal,coastal,False,same_class,0.913,0.031,-0.882,0.301,8.243,7.942,0.96889,,
6670004,その他,Other,三重県,伊勢市,coastal,coastal,False,same_class,0.512,0.194,-0.318,1.843,5.295,3.452,0.96382,livelihood;taboo_time_weather,
6670005,その他,Other,静岡県,伊豆の国市,coastal,coastal,False,same_class,1.85,0.398,-1.452,5.119,6.244,1.125,0.98592,boundary;hydrology;livelihood;taboo_time_weather,waterside_boundary;water_danger_norm;water_livelihood
6660008,その他,Other,神奈川県,鎌倉市,coastal,coastal,False,same_class,0.347,0.831,0.484,0.641,2.727,2.086,0.98401,boundary;death_ritual;taboo_time_weather,mortuary_boundary
6670028,その他,Other,長野県,諏訪市,valley,valley,False,same_class,0.121,0.6,0.479,51.74,108.379,56.639,0.99186,taboo_time_weather,
6670021,その他,Other,京都府,京都市,inland_water,inland_water,False,same_class,0.322,0.213,-0.109,48.255,40.922,-7.333,0.81776,boundary;taboo_time_weather,
6670024,その他,Other,福井県,若狭町,plain,coastal,True,plain_to_coastal,0.72,0.223,-0.497,15.763,6.179,-9.584,0.95746,boundary;hydrology,waterside_boundary
6670032,その他,Other,京都府,向日,inland_water,plain,True,inland_water_to_plain,0.322,0.631,0.309,48.255,39.125,-9.13,0.99859,boundary;taboo_time_weather,
6670031,その他,Other,京都府,向日,inland_water,plain,True,inland_water_to_plain,0.322,0.631,0.309,48.255,39.125,-9.13,0.99859,boundary;livelihood;mobility;taboo_time_weather,
6670037,その他,Other,三重県,伊勢市,coastal,coastal,False,same_class,0.512,0.194,-0.318,1.843,5.295,3.452,0.96382,boundary,
1310096,キツネ,Kitsune,千葉県,四街道市,coastal,plain,True,coastal_to_plain,0.071,0.829,0.758,3.934,11.496,7.562,0.99319,mobility,
6670053,その他,Other,京都府,京都市,inland_water,inland_water,False,same_class,0.322,0.213,-0.109,48.255,40.922,-7.333,0.81776,dwelling;hydrology,
1070300,タヌキ,Tanuki,新潟県,新発田市,coastal,inland_water,True,coastal_to_inland_water,0.334,0.1,-0.234,2.178,15.224,13.046,0.95735,dwelling;livelihood,
2366070,テング,Tengu,富山県,砺波市,coastal,inland_water,True,coastal_to_inland_water,0.098,0.028,-0.07,7.094,21.123,14.029,0.97073,hydrology;taboo_time_weather,water_danger_norm
2366075,その他,Other,富山県,砺波市,coastal,inland_water,True,coastal_to_inland_water,0.098,0.028,-0.07,7.094,21.123,14.029,0.97073,boundary;hydrology;livelihood;mobility,water_crossing;waterside_boundary;mountain_route;mountain_boundary;water_livelihood
C3310038-000,その他,Other,岡山県,新見市,coastal,plain,True,coastal_to_plain,0.159,0.905,0.746,7.431,48.616,41.185,0.88909,dwelling,
C3310015-000,その他,Other,岡山県,笠岡市,coastal,coastal,False,same_class,0.159,0.722,0.563,7.431,3.05,-4.381,0.9814,,
C3310020-000,その他,Other,岡山県,新見市,coastal,plain,True,coastal_to_plain,0.159,0.905,0.746,7.431,48.616,41.185,0.88909,mobility,mountain_route
C3310037-000,その他,Other,岡山県,新見市,coastal,plain,True,coastal_to_plain,0.159,0.905,0.746,7.431,48.616,41.185,0.88909,dwelling,
C3310057-000,その他,Other,岡山県,和気町,coastal,inland_water,True,coastal_to_inland_water,0.159,0.193,0.034,7.431,14.354,6.923,0.98027,dwelling,
C3310049-000,キツネ,Kitsune,岡山県,井原市,coastal,inland_water,True,coastal_to_inland_water,0.159,0.423,0.264,7.431,17.461,10.03,0.96685,dwelling;livelihood,
C3310048-000,キツネ,Kitsune,岡山県,矢掛町,coastal,inland_water,True,coastal_to_inland_water,0.159,0.056,-0.103,7.431,16.217,8.786,0.98784,dwelling;livelihood,
C3310051-000,ヘビ・リュウ,Snake/Dragon,岡山県,総社市,coastal,inland_water,True,coastal_to_inland_water,0.159,0.048,-0.111,7.431,19.516,12.085,0.9706,boundary;dwelling,mountain_boundary;domestic_threshold
C3310054-000,キツネ,Kitsune,岡山県,岡山市,coastal,plain,True,coastal_to_plain,0.159,0.887,0.728,7.431,16.994,9.563,0.89691,boundary;dwelling;livelihood;taboo_time_weather,mountain_boundary;domestic_threshold
C3310050-000,その他,Other,岡山県,総社市,coastal,inland_water,True,coastal_to_inland_water,0.159,0.048,-0.111,7.431,19.516,12.085,0.9706,boundary;death_ritual,mortuary_boundary
C3310053-000,その他,Other,岡山県,岡山市,coastal,plain,True,coastal_to_plain,0.159,0.887,0.728,7.431,16.994,9.563,0.89691,boundary;dwelling;hydrology;livelihood,waterside_boundary;mountain_boundary;domestic_threshold;water_livelihood
C3310055-000,その他,Other,岡山県,岡山市,coastal,plain,True,coastal_to_plain,0.159,0.887,0.728,7.431,16.994,9.563,0.89691,dwelling,
C3310072-000,その他,Other,岡山県,美作市,coastal,inland_water,True,coastal_to_inland_water,0.159,0.411,0.252,7.431,34.84,27.409,0.94136,dwelling;livelihood,
C3310075-000,その他,Other,岡山県,津山市,coastal,plain,True,coastal_to_plain,0.159,1.313,1.154,7.431,42.527,35.096,0.93038,dwelling,
C3310073-000,その他,Other,岡山県,岡山市,coastal,plain,True,coastal_to_plain,0.159,0.887,0.728,7.431,16.994,9.563,0.89691,dwelling;hydrology;livelihood,water_livelihood
C3310074-000,その他,Other,岡山県,岡山市,coastal,plain,True,coastal_to_plain,0.159,0.887,0.728,7.431,16.994,9.563,0.89691,dwelling,
C3310088-000,その他,Other,岡山県,久米南町,coastal,plain,True,coastal_to_plain,0.159,0.525,0.366,7.431,31.027,23.596,0.98941,boundary;taboo_time_weather,
C3310099-000,その他,Other,岡山県,笠岡市,coastal,coastal,False,same_class,0.159,0.722,0.563,7.431,3.05,-4.381,0.9814,,
C3310084-000,その他,Other,岡山県,玉野市,coastal,coastal,False,same_class,0.159,0.299,0.14,7.431,4.723,-2.708,0.98617,,
C3310085-000,その他,Other,岡山県,岡山市,coastal,plain,True,coastal_to_plain,0.159,0.887,0.728,7.431,16.994,9.563,0.89691,boundary;dwelling;livelihood,mountain_boundary;domestic_threshold
C3310098-000,その他,Other,岡山県,笠岡市,coastal,coastal,False,same_class,0.159,0.722,0.563,7.431,3.05,-4.381,0.9814,,
C3310094-000,キツネ,Kitsune,岡山県,矢掛町,coastal,inland_water,True,coastal_to_inland_water,0.159,0.056,-0.103,7.431,16.217,8.786,0.98784,boundary,
C3310095-000,キツネ,Kitsune,岡山県,矢掛町,coastal,inland_water,True,coastal_to_inland_water,0.159,0.056,-0.103,7.431,16.217,8.786,0.98784,boundary,mountain_boundary
C3310121-000,その他,Other,岡山県,新見市,coastal,plain,True,coastal_to_plain,0.159,0.905,0.746,7.431,48.616,41.185,0.88909,,
C3310126-000,その他,Other,岡山県,矢掛町,coastal,inland_water,True,coastal_to_inland_water,0.159,0.056,-0.103,7.431,16.217,8.786,0.98784,death_ritual;dwelling;hydrology,
C3310127-000,その他,Other,岡山県,矢掛町,coastal,inland_water,True,coastal_to_inland_water,0.159,0.056,-0.103,7.431,16.217,8.786,0.98784,boundary,
C3310133-000,その他,Other,岡山県,倉敷市,coastal,coastal,False,same_class,0.159,0.141,-0.018,7.431,4.339,-3.092,0.95102,,
C3310141-000,その他,Other,岡山県,津山市,coastal,plain,True,coastal_to_plain,0.159,1.313,1.154,7.431,42.527,35.096,0.93038,,
C3310164-000,その他,Other,岡山県,高梁市,coastal,inland_water,True,coastal_to_inland_water,0.159,0.034,-0.125,7.431,35.868,28.437,0.92463,boundary;mobility,
C3310165-000,その他,Other,岡山県,総社市,coastal,inland_water,True,coastal_to_inland_water,0.159,0.048,-0.111,7.431,19.516,12.085,0.9706,boundary;hydrology;mobility,water_crossing;waterside_boundary
C3310163-000,その他,Other,岡山県,新見市,coastal,plain,True,coastal_to_plain,0.159,0.905,0.746,7.431,48.616,41.185,0.88909,mobility,
C3310195-000,その他,Other,岡山県,総社市,coastal,inland_water,True,coastal_to_inland_water,0.159,0.048,-0.111,7.431,19.516,12.085,0.9706,boundary;mobility,
C3310238-000,ユウレイ,Yurei,岡山県,玉野市,coastal,coastal,False,same_class,0.159,0.299,0.14,7.431,4.723,-2.708,0.98617,death_ritual;taboo_time_weather,
C3310255-000,ヘビ・リュウ,Snake/Dragon,岡山県,岡山市,coastal,plain,True,coastal_to_plain,0.159,0.887,0.728,7.431,16.994,9.563,0.89691,boundary;livelihood;mobility,mountain_route;mountain_boundary
C3310217-000,その他,Other,岡山県,高梁市,coastal,inland_water,True,coastal_to_inland_water,0.159,0.034,-0.125,7.431,35.868,28.437,0.92463,boundary;dwelling;livelihood,mountain_boundary;domestic_threshold
C3310230-000,その他,Other,岡山県,笠岡市,coastal,coastal,False,same_class,0.159,0.722,0.563,7.431,3.05,-4.381,0.9814,,
C3310225-000,その他,Other,岡山県,総社市,coastal,inland_water,True,coastal_to_inland_water,0.159,0.048,-0.111,7.431,19.516,12.085,0.9706,boundary;dwelling;livelihood,domestic_threshold
C3310251-000,その他,Other,岡山県,新庄村,coastal,inland_water,True,coastal_to_inland_water,0.159,0.32,0.161,7.431,31.72,24.289,0.99036,hydrology,
C3310216-000,その他,Other,岡山県,新見市,coastal,plain,True,coastal_to_plain,0.159,0.905,0.746,7.431,48.616,41.185,0.88909,livelihood,
C3310232-000,その他,Other,岡山県,玉野市,coastal,coastal,False,same_class,0.159,0.299,0.14,7.431,4.723,-2.708,0.98617,dwelling;taboo_time_weather,
C3310231-000,その他,Other,岡山県,笠岡市,coastal,coastal,False,same_class,0.159,0.722,0.563,7.431,3.05,-4.381,0.9814,,
C3310254-000,ヘビ・リュウ,Snake/Dragon,岡山県,笠岡市,coastal,coastal,False,same_class,0.159,0.722,0.563,7.431,3.05,-4.381,0.9814,boundary;mobility;taboo_time_weather,mountain_route;mountain_boundary;coastal_landing
C3310218-000,その他,Other,岡山県,高梁市,coastal,inland_water,True,coastal_to_inland_water,0.159,0.034,-0.125,7.431,35.868,28.437,0.92463,dwelling;livelihood,
C3310229-000,その他,Other,岡山県,笠岡市,coastal,coastal,False,same_class,0.159,0.722,0.563,7.431,3.05,-4.381,0.9814,livelihood,
C3310205-000,その他,Other,岡山県,奈義町,coastal,inland_water,True,coastal_to_inland_water,0.159,0.341,0.182,7.431,42.913,35.482,0.99017,livelihood;mobility,
C3310226-000,その他,Other,岡山県,総社市,coastal,inland_water,True,coastal_to_inland_water,0.159,0.048,-0.111,7.431,19.516,12.085,0.9706,boundary;dwelling;livelihood;taboo_time_weather,domestic_threshold
C3310227-000,その他,Other,岡山県,矢掛町,coastal,inland_water,True,coastal_to_inland_water,0.159,0.056,-0.103,7.431,16.217,8.786,0.98784,boundary;dwelling;livelihood,mountain_boundary;domestic_threshold
C3820107-000,テング,Tengu,愛媛県,松山市,coastal,coastal,False,same_class,0.717,0.72,0.003,6.315,7.285,0.97,0.92332,dwelling,
0280014,その他,Other,岡山県,矢掛町,coastal,inland_water,True,coastal_to_inland_water,0.159,0.056,-0.103,7.431,16.217,8.786,0.98784,hydrology;taboo_time_weather,water_danger_norm
2120016,キツネ,Kitsune,大阪府,八尾市,coastal,inland_water,True,coastal_to_inland_water,0.559,0.033,-0.526,9.858,19.02,9.162,0.98008,livelihood;taboo_time_weather,
5610005_009,その他,Other,兵庫県,播磨町,coastal,coastal,False,same_class,0.266,0.211,-0.055,1.854,0.945,-0.909,0.9988,,
2130172,その他,Other,愛知県,南知多町,plain,coastal,True,plain_to_coastal,1.099,0.048,-1.051,10.163,2.099,-8.064,0.99265,boundary,mountain_boundary
1461390,キツネ,Kitsune,山梨県,甲府市,valley,valley,False,same_class,0.11,0.138,0.028,59.395,62.401,3.006,0.95447,boundary;hydrology;livelihood,waterside_boundary;water_livelihood
2366118,その他,Other,島根県,出雲市,coastal,coastal,False,same_class,0.07,0.125,0.055,8.304,7.158,-1.146,0.91995,boundary,
2366130,キツネ,Kitsune,島根県,出雲市,coastal,coastal,False,same_class,0.07,0.125,0.055,8.304,7.158,-1.146,0.91995,,
C1510433-002,タヌキ,Tanuki,新潟県,佐渡市,coastal,coastal,False,same_class,0.334,0.31,-0.024,2.178,7.982,5.804,0.93231,hydrology;mobility,water_crossing;mountain_route
C1510469-000,その他,Other,新潟県,佐渡市,coastal,coastal,False,same_class,0.334,0.31,-0.024,2.178,7.982,5.804,0.93231,death_ritual;dwelling;mobility;taboo_time_weather,mountain_route;coastal_landing
C1510507-002,オニ,Oni,新潟県,佐渡市,coastal,coastal,False,same_class,0.334,0.31,-0.024,2.178,7.982,5.804,0.93231,mobility,mountain_route
C1510507-000,オニ,Oni,新潟県,佐渡市,coastal,coastal,False,same_class,0.334,0.31,-0.024,2.178,7.982,5.804,0.93231,mobility,mountain_route
C1510515-000,その他,Other,新潟県,佐渡市,coastal,coastal,False,same_class,0.334,0.31,-0.024,2.178,7.982,5.804,0.93231,livelihood;mobility,
C1510510-000,その他,Other,新潟県,加茂市,coastal,inland_water,True,coastal_to_inland_water,0.334,0.305,-0.029,2.178,28.702,26.524,0.98942,boundary;death_ritual;hydrology;livelihood;mobility;taboo_time_weather,water_crossing;waterside_boundary;water_danger_norm;mortuary_boundary;water_livelihood
C1510507-001,オニ,Oni,新潟県,佐渡市,coastal,coastal,False,same_class,0.334,0.31,-0.024,2.178,7.982,5.804,0.93231,mobility,mountain_route
C1510523-000,タヌキ,Tanuki,新潟県,佐渡市,coastal,coastal,False,same_class,0.334,0.31,-0.024,2.178,7.982,5.804,0.93231,boundary;dwelling;hydrology;mobility,water_crossing;waterside_boundary;domestic_threshold
C1840022-000,その他,Other,福井県,敦賀市,plain,coastal,True,plain_to_coastal,0.72,0.042,-0.678,15.763,2.066,-13.697,0.93981,boundary;mobility,coastal_landing
C3820115-000,ユウレイ,Yurei,愛媛県,宇和島市,coastal,coastal,False,same_class,0.717,0.756,0.039,6.315,5.523,-0.792,0.91442,death_ritual;dwelling;livelihood,
0030368,その他,Other,山梨県,富士吉田市,valley,inland_water,True,valley_to_inland_water,0.11,0.019,-0.091,59.395,34.302,-25.093,0.97232,dwelling;livelihood;taboo_time_weather,
C3820154-000,その他,Other,愛媛県,松山市,coastal,coastal,False,same_class,0.717,0.72,0.003,6.315,7.285,0.97,0.92332,dwelling;hydrology,
0200168,その他,Other,愛媛県,宇和島市,coastal,coastal,False,same_class,0.717,0.756,0.039,6.315,5.523,-0.792,0.91442,livelihood;mobility,coastal_landing
0200147,タヌキ,Tanuki,愛媛県,松山市,coastal,coastal,False,same_class,0.717,0.72,0.003,6.315,7.285,0.97,0.92332,,
0200146,タヌキ,Tanuki,愛媛県,松山市,coastal,coastal,False,same_class,0.717,0.72,0.003,6.315,7.285,0.97,0.92332,,
0200205,その他,Other,愛媛県,大洲市,coastal,inland_water,True,coastal_to_inland_water,0.717,0.266,-0.451,6.315,11.238,4.923,0.92528,death_ritual;dwelling,
0200198,その他,Other,愛媛県,松山市,coastal,coastal,False,same_class,0.717,0.72,0.003,6.315,7.285,0.97,0.92332,hydrology;taboo_time_weather,water_danger_norm
0200209,その他,Other,愛媛県,八幡浜,coastal,coastal,False,same_class,0.717,0.409,-0.308,6.315,4.03,-2.285,0.97648,boundary;death_ritual;dwelling;hydrology;mobility;taboo_time_weather,water_crossing;waterside_boundary;water_danger_norm;coastal_landing;domestic_threshold;mortuary_boundary
0200229,その他,Other,愛媛県,大洲市,coastal,inland_water,True,coastal_to_inland_water,0.717,0.266,-0.451,6.315,11.238,4.923,0.92528,dwelling;hydrology;mobility,water_crossing
1370025,キツネ,Kitsune,岩手県,遠野市,valley,inland_water,True,valley_to_inland_water,0.257,0.167,-0.09,70.061,36.52,-33.541,0.94668,hydrology,
1070325,その他,Other,愛媛県,宇和島市,coastal,coastal,False,same_class,0.717,0.756,0.039,6.315,5.523,-0.792,0.91442,mobility,coastal_landing
0200290,その他,Other,愛媛県,伊予市,coastal,coastal,False,same_class,0.717,0.479,-0.238,6.315,3.871,-2.444,0.9649,taboo_time_weather,
5610005_010,その他,Other,山口県,長門市,inland_water,coastal,True,inland_water_to_coastal,0.192,0.253,0.061,17.248,1.34,-15.908,0.94107,boundary,
1310314,ユウレイ,Yurei,静岡県,静岡市,coastal,inland_water,True,coastal_to_inland_water,1.85,0.369,-1.481,5.119,33.099,27.98,0.82235,death_ritual,
C3720049-000,その他,Other,香川県,高松市,coastal,inland_water,True,coastal_to_inland_water,0.779,0.202,-0.577,1.632,10.573,8.941,0.77596,livelihood;mobility,
0180178,その他,Other,茨城県,古河市,plain,valley,True,plain_to_valley,1.062,0.45,-0.612,12.361,58.56,46.199,0.97986,boundary;hydrology;mobility,water_crossing;waterside_boundary;mountain_route;mountain_boundary
0180174,テング,Tengu,茨城県,日立市,plain,coastal,True,plain_to_coastal,1.062,0.391,-0.671,12.361,4.035,-8.326,0.9655,boundary;mobility,mountain_route;mountain_boundary
0180176,その他,Other,茨城県,古河市,plain,valley,True,plain_to_valley,1.062,0.45,-0.612,12.361,58.56,46.199,0.97986,death_ritual;dwelling;hydrology,
0180183,ヤマノカミ,Yama-no-kami,茨城県,日立市,plain,coastal,True,plain_to_coastal,1.062,0.391,-0.671,12.361,4.035,-8.326,0.9655,,
0200254,イヌガミ,Inugami,高知県,高知市,coastal,inland_water,True,coastal_to_inland_water,0.389,0.281,-0.108,8.098,10.356,2.258,0.9635,dwelling,
0180179,その他,Other,茨城県,土浦市,plain,inland_water,True,plain_to_inland_water,1.062,0.389,-0.673,12.361,32.817,20.456,0.9808,boundary;death_ritual;dwelling;hydrology;livelihood;taboo_time_weather,waterside_boundary;water_danger_norm;domestic_threshold;mortuary_boundary;water_livelihood
0200293,タヌキ,Tanuki,愛媛県,伊予市,coastal,coastal,False,same_class,0.717,0.479,-0.238,6.315,3.871,-2.444,0.9649,,
0770011,その他,Other,沖縄県,東村,coastal,coastal,False,same_class,0.294,0.144,-0.15,1.663,3.236,1.573,0.96332,boundary;mobility,
2540012,ヘビ・リュウ,Snake/Dragon,山形県,村山市,valley,valley,False,same_class,0.696,0.275,-0.421,53.069,59.173,6.104,0.97902,boundary;hydrology;taboo_time_weather,waterside_boundary;water_danger_norm;mountain_boundary
0770038,その他,Other,沖縄県,沖縄市,coastal,coastal,False,same_class,0.294,0.24,-0.054,1.663,5.02,3.357,0.97991,,
0770031,その他,Other,沖縄県,沖縄市,coastal,coastal,False,same_class,0.294,0.24,-0.054,1.663,5.02,3.357,0.97991,boundary;death_ritual;dwelling;hydrology;mobility,water_crossing;waterside_boundary;coastal_landing;domestic_threshold;mortuary_boundary
0770010,その他,Other,沖縄県,沖縄市,coastal,coastal,False,same_class,0.294,0.24,-0.054,1.663,5.02,3.357,0.97991,death_ritual;dwelling;mobility,coastal_landing
0770040,ユウレイ,Yurei,沖縄県,沖縄市,coastal,coastal,False,same_class,0.294,0.24,-0.054,1.663,5.02,3.357,0.97991,boundary;death_ritual;dwelling,domestic_threshold;mortuary_boundary
0770058,その他,Other,沖縄県,沖縄市,coastal,coastal,False,same_class,0.294,0.24,-0.054,1.663,5.02,3.357,0.97991,,
0770110,その他,Other,山形県,鶴岡市,valley,plain,True,valley_to_plain,0.696,0.609,-0.087,53.069,18.631,-34.438,0.85639,boundary;dwelling;livelihood,mountain_boundary;domestic_threshold
0770105,その他,Other,沖縄県,与那国町,coastal,coastal,False,same_class,0.294,0.289,-0.005,1.663,1.476,-0.187,0.98677,death_ritual,
0770120,ヘビ・リュウ,Snake/Dragon,鹿児島県,大和村,coastal,coastal,False,same_class,0.913,0.038,-0.875,0.301,3.261,2.96,0.98944,livelihood;mobility,coastal_landing
0770119,ヘビ・リュウ,Snake/Dragon,鹿児島県,瀬戸内町,coastal,coastal,False,same_class,0.913,0.462,-0.451,0.301,2.208,1.907,0.97388,boundary;dwelling;mobility,coastal_landing;domestic_threshold
0770117,ヘビ・リュウ,Snake/Dragon,沖縄県,那覇市,coastal,coastal,False,same_class,0.294,0.134,-0.16,1.663,2.622,0.959,0.98192,,
0770128,ヘビ・リュウ,Snake/Dragon,沖縄県,糸満市,coastal,coastal,False,water_proximity_lost,0.294,2.044,1.75,1.663,3.164,1.501,0.97948,boundary;livelihood,mountain_boundary
0770156,その他,Other,鹿児島県,奄美市,coastal,coastal,False,same_class,0.913,0.276,-0.637,0.301,4.228,3.927,0.96478,,
0770122,ヘビ・リュウ,Snake/Dragon,鹿児島県,奄美市,coastal,coastal,False,same_class,0.913,0.276,-0.637,0.301,4.228,3.927,0.96478,,
0770134,ヘビ・リュウ,Snake/Dragon,沖縄県,沖縄市,coastal,coastal,False,same_class,0.294,0.24,-0.054,1.663,5.02,3.357,0.97991,,
0770162,その他,Other,沖縄県,沖縄市,coastal,coastal,False,same_class,0.294,0.24,-0.054,1.663,5.02,3.357,0.97991,boundary,
2130184,ユウレイ,Yurei,香川県,丸亀市,coastal,coastal,False,same_class,0.779,0.589,-0.19,1.632,6.098,4.466,0.93443,mobility,mountain_route
1070358,その他,Other,石川県,金沢市,coastal,inland_water,True,coastal_to_inland_water,0.585,0.04,-0.545,3.456,16.481,13.025,0.88754,boundary;dwelling;hydrology,waterside_boundary;domestic_threshold
0770141,ヘビ・リュウ,Snake/Dragon,沖縄県,沖縄市,coastal,coastal,False,same_class,0.294,0.24,-0.054,1.663,5.02,3.357,0.97991,mobility,
0770143,その他,Other,沖縄県,沖縄市,coastal,coastal,False,same_class,0.294,0.24,-0.054,1.663,5.02,3.357,0.97991,,
0450091,その他,Other,山梨県,甲府市,valley,valley,False,same_class,0.11,0.138,0.028,59.395,62.401,3.006,0.95447,death_ritual;hydrology;mobility;taboo_time_weather,water_crossing;water_danger_norm;mountain_route
C1130021-000,ヤマノカミ,Yama-no-kami,埼玉県,東秩父村,plain,valley,True,plain_to_valley,0.918,0.197,-0.721,24.899,67.116,42.217,0.99031,boundary;mobility;taboo_time_weather,mountain_route;mountain_boundary
C1130053-000,キツネ,Kitsune,埼玉県,小鹿野町,plain,valley,True,plain_to_valley,0.918,0.02,-0.898,24.899,85.81,60.911,0.95607,dwelling;hydrology,
C1130055-000,その他,Other,埼玉県,秩父市,plain,valley,True,plain_to_valley,0.918,0.218,-0.7,24.899,86.731,61.832,0.84678,hydrology;livelihood;mobility,water_crossing;mountain_route;water_livelihood
C1130074-000,その他,Other,埼玉県,加須市,plain,valley,True,plain_to_valley,0.918,0.408,-0.51,24.899,55.46,30.561,0.9839,boundary;hydrology;livelihood;taboo_time_weather,waterside_boundary;water_danger_norm;water_livelihood
C1130056-000,その他,Other,埼玉県,秩父市,plain,valley,True,plain_to_valley,0.918,0.218,-0.7,24.899,86.731,61.832,0.84678,hydrology;livelihood,water_livelihood
C4410010-000,その他,Other,大分県,宇佐市,coastal,plain,True,coastal_to_plain,0.897,0.709,-0.188,1.665,15.135,13.47,0.93133,livelihood,
C4410033-000,その他,Other,大分県,臼杵市,coastal,coastal,False,same_class,0.897,0.12,-0.777,1.665,9.424,7.759,0.95407,,
0030371,キツネ,Kitsune,埼玉県,川越市,plain,inland_water,True,plain_to_inland_water,0.918,0.332,-0.586,24.899,37.057,12.158,0.97097,hydrology;mobility;taboo_time_weather,water_crossing;water_danger_norm;mountain_route
0030377,その他,Other,埼玉県,越生町,plain,valley,True,plain_to_valley,0.918,0.283,-0.635,24.899,56.233,31.334,0.98965,hydrology,
0450095,キツネ,Kitsune,山梨県,甲府市,valley,valley,False,same_class,0.11,0.138,0.028,59.395,62.401,3.006,0.95447,hydrology;mobility,water_crossing;mountain_route
0450092,その他,Other,山梨県,道志村,valley,plain,True,valley_to_plain,0.11,0.759,0.649,59.395,30.725,-28.67,0.98305,hydrology;mobility,water_crossing
0450098,その他,Other,山梨県,韮崎市,valley,valley,False,same_class,0.11,0.023,-0.087,59.395,68.641,9.246,0.96766,hydrology;livelihood,water_livelihood
0450093,その他,Other,山梨県,都留市,valley,plain,True,valley_to_plain,0.11,0.586,0.476,59.395,36.68,-22.715,0.96333,boundary;dwelling;hydrology;livelihood,waterside_boundary;mountain_boundary;domestic_threshold;water_livelihood
1461564,キツネ,Kitsune,山形県,金山町,valley,inland_water,True,valley_to_inland_water,0.696,0.02,-0.676,53.069,48.581,-4.488,0.98342,hydrology,
1461571,その他,Other,山形県,酒田市,valley,inland_water,True,valley_to_inland_water,0.696,0.435,-0.261,53.069,12.675,-40.394,0.9346,hydrology;livelihood,water_livelihood
C2010207-000,その他,Other,長野県,立科町,valley,valley,False,same_class,0.121,0.047,-0.074,51.74,101.467,49.727,0.99467,hydrology;mobility;taboo_time_weather,water_crossing;water_danger_norm;mountain_route
C2010225-000,その他,Other,長野県,諏訪市,valley,valley,False,same_class,0.121,0.6,0.479,51.74,108.379,56.639,0.99186,hydrology;mobility,water_crossing
C2010180-000,その他,Other,長野県,坂城町,valley,valley,False,same_class,0.121,0.172,0.051,51.74,70.842,19.102,0.9953,hydrology;livelihood;mobility,water_crossing;mountain_route;water_livelihood
C2010183-000,その他,Other,長野県,佐久市,valley,valley,False,same_class,0.121,0.277,0.156,51.74,107.724,55.984,0.96883,hydrology,
C2010213-000,その他,Other,長野県,佐久市,valley,valley,False,same_class,0.121,0.277,0.156,51.74,107.724,55.984,0.96883,boundary;dwelling;hydrology;livelihood;taboo_time_weather,waterside_boundary;water_danger_norm;domestic_threshold;water_livelihood
C2010208-000,その他,Other,長野県,白馬村,valley,inland_water,True,valley_to_inland_water,0.121,0.002,-0.119,51.74,35.557,-16.183,0.9861,hydrology;livelihood;mobility,water_crossing;mountain_route;water_livelihood
C2010210-000,その他,Other,長野県,佐久市,valley,valley,False,same_class,0.121,0.277,0.156,51.74,107.724,55.984,0.96883,taboo_time_weather,
C2010221-000,カッパ,Kappa,長野県,諏訪市,valley,valley,False,same_class,0.121,0.6,0.479,51.74,108.379,56.639,0.99186,hydrology;livelihood,water_livelihood
C2010228-000,その他,Other,長野県,上田市,valley,valley,False,same_class,0.121,0.629,0.508,51.74,80.93,29.19,0.95884,hydrology;livelihood;mobility;taboo_time_weather,water_crossing;water_danger_norm;water_livelihood
C2010205-000,その他,Other,長野県,佐久市,valley,valley,False,same_class,0.121,0.277,0.156,51.74,107.724,55.984,0.96883,hydrology;mobility;taboo_time_weather,water_crossing;water_danger_norm;mountain_route
C2010244-000,オニ,Oni,長野県,信濃町,valley,inland_water,True,valley_to_inland_water,0.121,0.095,-0.026,51.74,37.277,-14.463,0.98993,boundary;death_ritual;dwelling,mountain_boundary;domestic_threshold;mortuary_boundary
C2010194-000,その他,Other,長野県,上田市,valley,valley,False,same_class,0.121,0.629,0.508,51.74,80.93,29.19,0.95884,boundary;dwelling;livelihood;mobility,mountain_route;mountain_boundary;domestic_threshold
C2010212-000,その他,Other,長野県,佐久市,valley,valley,False,same_class,0.121,0.277,0.156,51.74,107.724,55.984,0.96883,boundary;hydrology,waterside_boundary;mountain_boundary
C2010252-000,その他,Other,長野県,北相木村,valley,valley,False,same_class,0.121,0.032,-0.089,51.74,102.322,50.582,0.99623,hydrology;mobility,water_crossing;mountain_route
C2010209-000,その他,Other,長野県,白馬村,valley,inland_water,True,valley_to_inland_water,0.121,0.002,-0.119,51.74,35.557,-16.183,0.9861,dwelling;hydrology;livelihood,water_livelihood
C2010211-000,その他,Other,長野県,佐久市,valley,valley,False,same_class,0.121,0.277,0.156,51.74,107.724,55.984,0.96883,boundary;hydrology;livelihood;taboo_time_weather,waterside_boundary;water_danger_norm;mountain_boundary;water_livelihood
C2010204-000,その他,Other,長野県,佐久市,valley,valley,False,same_class,0.121,0.277,0.156,51.74,107.724,55.984,0.96883,hydrology;mobility;taboo_time_weather,water_crossing;water_danger_norm;mountain_route
C2010253-000,その他,Other,長野県,諏訪市,valley,valley,False,same_class,0.121,0.6,0.479,51.74,108.379,56.639,0.99186,hydrology;mobility,water_crossing;mountain_route
C2010297-000,その他,Other,長野県,諏訪市,valley,valley,False,same_class,0.121,0.6,0.479,51.74,108.379,56.639,0.99186,livelihood,
C2010324-000,その他,Other,長野県,栄村,valley,inland_water,True,valley_to_inland_water,0.121,0.34,0.219,51.74,44.023,-7.717,0.98176,mobility,mountain_route
C2010321-000,その他,Other,長野県,栄村,valley,inland_water,True,valley_to_inland_water,0.121,0.34,0.219,51.74,44.023,-7.717,0.98176,mobility;taboo_time_weather,mountain_route
C2010325-000,その他,Other,長野県,栄村,valley,inland_water,True,valley_to_inland_water,0.121,0.34,0.219,51.74,44.023,-7.717,0.98176,livelihood;mobility,mountain_route
C2010323-000,その他,Other,長野県,栄村,valley,inland_water,True,valley_to_inland_water,0.121,0.34,0.219,51.74,44.023,-7.717,0.98176,dwelling;livelihood;mobility,mountain_route
C2010322-000,その他,Other,長野県,栄村,valley,inland_water,True,valley_to_inland_water,0.121,0.34,0.219,51.74,44.023,-7.717,0.98176,dwelling;mobility,mountain_route
C2010352-000,その他,Other,長野県,北相木村,valley,valley,False,same_class,0.121,0.032,-0.089,51.74,102.322,50.582,0.99623,boundary;mobility,mountain_route;mountain_boundary
1090059,キツネ,Kitsune,群馬県,桐生市,valley,valley,False,same_class,0.144,0.533,0.389,103.572,95.888,-7.684,0.95823,,
1140509,その他,Other,山形県,朝日町,valley,valley,False,same_class,0.696,0.561,-0.135,53.069,53.493,0.424,0.97989,,
2366336,その他,Other,岩手県,軽米町,valley,plain,True,valley_to_plain,0.257,0.909,0.652,70.061,24.147,-45.914,0.9842,boundary;death_ritual;dwelling,domestic_threshold;mortuary_boundary
2366331,その他,Other,岩手県,釜石市,valley,coastal,True,valley_to_coastal,0.257,0.074,-0.183,70.061,9.029,-61.032,0.97043,,
C2020081-000,キツネ,Kitsune,長野県,豊丘村,valley,valley,False,same_class,0.121,0.218,0.097,51.74,73.322,21.582,0.99494,hydrology,
C2910050-000,その他,Other,奈良県,天理市,inland_water,inland_water,False,same_class,0.312,0.307,-0.005,38.579,41.723,3.144,0.97869,livelihood;taboo_time_weather,
C2910045-000,その他,Other,奈良県,奈良市,inland_water,inland_water,False,same_class,0.312,0.229,-0.083,38.579,42.65,4.071,0.92526,boundary;death_ritual;mobility,mountain_route;mountain_boundary;mortuary_boundary
C2910055-000,その他,Other,奈良県,橿原市,inland_water,inland_water,False,same_class,0.312,0.094,-0.218,38.579,35.344,-3.235,0.99088,dwelling;mobility,
C2910086-000,その他,Other,奈良県,御杖村,inland_water,inland_water,False,same_class,0.312,0.27,-0.042,38.579,36.572,-2.007,0.97795,,
C2910056-000,その他,Other,奈良県,橿原市,inland_water,inland_water,False,same_class,0.312,0.094,-0.218,38.579,35.344,-3.235,0.99088,hydrology;mobility,water_crossing
C2910069-000,テング,Tengu,奈良県,奈良市,inland_water,inland_water,False,same_class,0.312,0.229,-0.083,38.579,42.65,4.071,0.92526,,
C2910060-000,その他,Other,奈良県,明日香村,inland_water,inland_water,False,same_class,0.312,0.176,-0.136,38.579,39.257,0.678,0.99368,boundary,mountain_boundary
C2910093-000,オニ,Oni,奈良県,吉野町,inland_water,inland_water,False,same_class,0.312,0.382,0.07,38.579,45.655,7.076,0.97349,mobility,mountain_route
1140532,その他,Other,山形県,山形市,valley,valley,False,same_class,0.696,1.046,0.35,53.069,54.628,1.559,0.95986,hydrology,
1140540,その他,Other,佐賀県,玄海町,coastal,coastal,False,same_class,0.052,0.07,0.018,8.731,1.989,-6.742,0.98449,,
2410046,オニ,Oni,奈良県,上北山村,inland_water,inland_water,False,same_class,0.312,0.092,-0.22,38.579,18.789,-19.79,0.92634,dwelling;taboo_time_weather,
0540083,ヘビ・リュウ,Snake/Dragon,石川県,津幡町,coastal,coastal,False,same_class,0.585,0.374,-0.211,3.456,8.123,4.667,0.97612,boundary;dwelling,mountain_boundary;domestic_threshold
0540079,ヘビ・リュウ,Snake/Dragon,富山県,立山町,coastal,inland_water,True,coastal_to_inland_water,0.098,0.375,0.277,7.094,17.859,10.765,0.92909,boundary,mountain_boundary
1070463,ヘビ・リュウ,Snake/Dragon,鳥取県,日野町,coastal,inland_water,True,coastal_to_inland_water,0.551,0.113,-0.438,4.715,26.938,22.223,0.96062,dwelling;hydrology;mobility,water_crossing
1720239,その他,Other,沖縄県,那覇市,coastal,coastal,False,same_class,0.294,0.134,-0.16,1.663,2.622,0.959,0.98192,,
1070459,ヤマノカミ,Yama-no-kami,鳥取県,日野町,coastal,inland_water,True,coastal_to_inland_water,0.551,0.113,-0.438,4.715,26.938,22.223,0.96062,boundary;hydrology;mobility;taboo_time_weather,water_crossing;waterside_boundary;water_danger_norm;mountain_route;mountain_boundary
1070472,キツネ,Kitsune,鳥取県,米子市,coastal,coastal,False,same_class,0.551,0.172,-0.379,4.715,2.855,-1.86,0.97123,mobility;taboo_time_weather,
1310331,その他,Other,山梨県,甲府市,valley,valley,False,same_class,0.11,0.138,0.028,59.395,62.401,3.006,0.95447,dwelling;hydrology,
2366390,カッパ,Kappa,鹿児島県,志布志市,coastal,coastal,False,same_class,0.913,0.031,-0.882,0.301,8.243,7.942,0.96889,hydrology;livelihood;taboo_time_weather,water_danger_norm;water_livelihood
C2020382-002,テング,Tengu,長野県,松川町,valley,valley,False,same_class,0.121,0.326,0.205,51.74,82.326,30.586,0.99427,hydrology;livelihood,water_livelihood
C2020407-002,カッパ,Kappa,長野県,諏訪市,valley,valley,False,same_class,0.121,0.6,0.479,51.74,108.379,56.639,0.99186,dwelling;hydrology,
C2020407-000,カッパ,Kappa,長野県,諏訪市,valley,valley,False,same_class,0.121,0.6,0.479,51.74,108.379,56.639,0.99186,dwelling;hydrology;livelihood,water_livelihood
C2020382-000,テング,Tengu,長野県,松川町,valley,valley,False,same_class,0.121,0.326,0.205,51.74,82.326,30.586,0.99427,hydrology;livelihood;taboo_time_weather,water_danger_norm;water_livelihood
C2020375-000,その他,Other,長野県,信濃町,valley,inland_water,True,valley_to_inland_water,0.121,0.095,-0.026,51.74,37.277,-14.463,0.98993,boundary;death_ritual;livelihood;taboo_time_weather,mountain_boundary;mortuary_boundary
C2020395-000,ヘビ・リュウ,Snake/Dragon,長野県,阿南町,valley,valley,False,same_class,0.121,0.146,0.025,51.74,69.524,17.784,0.99132,hydrology;livelihood,water_livelihood
C2020423-000,その他,Other,長野県,塩尻市,valley,valley,False,same_class,0.121,0.127,0.006,51.74,97.608,45.868,0.97852,hydrology;mobility,water_crossing;mountain_route
C2020435-002,その他,Other,長野県,泰阜村,valley,valley,False,same_class,0.121,0.631,0.51,51.74,67.478,15.738,0.99503,boundary;hydrology;mobility,water_crossing;waterside_boundary;coastal_landing
C2020424-000,その他,Other,長野県,佐久市,valley,valley,False,same_class,0.121,0.277,0.156,51.74,107.724,55.984,0.96883,hydrology,
C2020454-000,オニ,Oni,長野県,諏訪市,valley,valley,False,same_class,0.121,0.6,0.479,51.74,108.379,56.639,0.99186,hydrology,
C2020435-000,その他,Other,長野県,泰阜村,valley,valley,False,same_class,0.121,0.631,0.51,51.74,67.478,15.738,0.99503,boundary;hydrology;mobility,water_crossing;waterside_boundary;coastal_landing
C2020454-002,オニ,Oni,長野県,諏訪市,valley,valley,False,same_class,0.121,0.6,0.479,51.74,108.379,56.639,0.99186,,
C2020460-000,その他,Other,長野県,駒ヶ根市,valley,valley,False,same_class,0.121,0.216,0.095,51.74,89.319,37.579,0.98756,boundary,
C2020498-000,タヌキ,Tanuki,長野県,伊那市,valley,valley,False,same_class,0.121,0.338,0.217,51.74,83.586,31.846,0.94994,dwelling;hydrology;mobility,water_crossing;mountain_route
C2020528-000,ヤマノカミ,Yama-no-kami,長野県,大鹿村,valley,valley,False,same_class,0.121,1.039,0.918,51.74,68.036,16.296,0.98175,dwelling;taboo_time_weather,
C0222057-000,タヌキ,Tanuki,静岡県,富士川町,coastal,coastal,False,same_class,1.85,0.238,-1.612,5.119,5.708,0.589,0.99559,boundary;hydrology;mobility,water_crossing;waterside_boundary;coastal_landing
C0222055-000,タヌキ,Tanuki,静岡県,富士川町,coastal,coastal,False,same_class,1.85,0.238,-1.612,5.119,5.708,0.589,0.99559,dwelling;hydrology,
C0222051-000,その他,Other,静岡県,松崎町,coastal,coastal,False,same_class,1.85,1.071,-0.779,5.119,4.021,-1.098,0.98951,boundary,mountain_boundary
C0222065-000,タヌキ,Tanuki,静岡県,静岡市,coastal,inland_water,True,coastal_to_inland_water,1.85,0.369,-1.481,5.119,33.099,27.98,0.82235,dwelling;livelihood,
C0222045-000,タヌキ,Tanuki,静岡県,三島市,coastal,inland_water,True,coastal_to_inland_water,1.85,0.171,-1.679,5.119,10.258,5.139,0.99211,boundary,
C0222080-000,その他,Other,静岡県,南伊豆町,coastal,coastal,False,same_class,1.85,0.638,-1.212,5.119,5.321,0.202,0.98568,death_ritual;dwelling;livelihood,
C0222054-000,タヌキ,Tanuki,静岡県,富士川町,coastal,coastal,False,same_class,1.85,0.238,-1.612,5.119,5.708,0.589,0.99559,boundary;hydrology;mobility,water_crossing;waterside_boundary
C0222059-000,タヌキ,Tanuki,静岡県,沼津市,coastal,coastal,False,same_class,1.85,0.07,-1.78,5.119,1.37,-3.749,0.97561,dwelling;hydrology,
C0222062-000,タヌキ,Tanuki,静岡県,富士宮市,coastal,plain,True,coastal_to_plain,1.85,2.556,0.706,5.119,19.496,14.377,0.95997,death_ritual;dwelling;hydrology;mobility,water_crossing
0200255,その他,Other,愛媛県,西条市,coastal,coastal,False,same_class,0.717,0.389,-0.328,6.315,8.011,1.696,0.91252,death_ritual;hydrology,
C0222058-000,タヌキ,Tanuki,静岡県,富士川町,coastal,coastal,False,same_class,1.85,0.238,-1.612,5.119,5.708,0.589,0.99559,boundary;hydrology,waterside_boundary
C0222046-000,タヌキ,Tanuki,静岡県,大井川町,coastal,coastal,False,same_class,1.85,0.214,-1.636,5.119,1.979,-3.14,0.99732,boundary;dwelling;hydrology,waterside_boundary;domestic_threshold
C0222043-000,タヌキ,Tanuki,静岡県,富士川町,coastal,coastal,False,same_class,1.85,0.238,-1.612,5.119,5.708,0.589,0.99559,dwelling;hydrology,
C0222064-000,タヌキ,Tanuki,静岡県,静岡市,coastal,inland_water,True,coastal_to_inland_water,1.85,0.369,-1.481,5.119,33.099,27.98,0.82235,dwelling,
C0222097-000,テング,Tengu,静岡県,南伊豆町,coastal,coastal,False,same_class,1.85,0.638,-1.212,5.119,5.321,0.202,0.98568,,
C0222096-000,テング,Tengu,静岡県,伊東市,coastal,coastal,False,same_class,1.85,0.935,-0.915,5.119,3.552,-1.567,0.98284,boundary,
C0222101-000,カッパ,Kappa,静岡県,下田市,coastal,coastal,False,same_class,1.85,0.376,-1.474,5.119,4.461,-0.658,0.98615,hydrology;livelihood;mobility,water_crossing;coastal_landing;water_livelihood
C0222095-000,テング,Tengu,静岡県,三島市,coastal,inland_water,True,coastal_to_inland_water,1.85,0.171,-1.679,5.119,10.258,5.139,0.99211,hydrology;livelihood,water_livelihood
C0222093-000,その他,Other,静岡県,伊東市,coastal,coastal,False,same_class,1.85,0.935,-0.915,5.119,3.552,-1.567,0.98284,boundary;hydrology,waterside_boundary
C0222085-000,その他,Other,静岡県,熱海市,coastal,coastal,False,same_class,1.85,0.034,-1.816,5.119,2.404,-2.715,0.99108,livelihood;mobility;taboo_time_weather,coastal_landing
C0222100-000,カッパ,Kappa,静岡県,河津町,coastal,coastal,False,same_class,1.85,0.462,-1.388,5.119,6.599,1.48,0.98647,boundary;hydrology;livelihood,waterside_boundary;mountain_boundary;water_livelihood
0210009,その他,Other,宮城県,仙台市,plain,inland_water,True,plain_to_inland_water,0.929,0.006,-0.923,12.244,24.813,12.569,0.89071,,
0210016,その他,Other,宮城県,仙台市,plain,inland_water,True,plain_to_inland_water,0.929,0.006,-0.923,12.244,24.813,12.569,0.89071,,
0700391,その他,Other,大阪府,大阪市,coastal,coastal,False,same_class,0.559,0.029,-0.53,9.858,9.231,-0.627,0.88369,death_ritual;mobility,
0470167,その他,Other,香川県,丸亀市,coastal,coastal,False,same_class,0.779,0.589,-0.19,1.632,6.098,4.466,0.93443,death_ritual;livelihood,
1140546,その他,Other,山形県,山形市,valley,valley,False,same_class,0.696,1.046,0.35,53.069,54.628,1.559,0.95986,,
1370089,キツネ,Kitsune,秋田県,横手市,coastal,valley,True,coastal_to_valley,0.83,0.198,-0.632,3.702,51.608,47.906,0.94206,hydrology;mobility,water_crossing;mountain_route
2210096,その他,Other,神奈川県,横浜市,coastal,coastal,False,same_class,0.347,0.816,0.469,0.641,7.264,6.623,0.82253,mobility;taboo_time_weather,coastal_landing
2210104,その他,Other,神奈川県,横浜市,coastal,coastal,False,same_class,0.347,0.816,0.469,0.641,7.264,6.623,0.82253,death_ritual;mobility,coastal_landing
2210097,その他,Other,神奈川県,横浜市,coastal,coastal,False,same_class,0.347,0.816,0.469,0.641,7.264,6.623,0.82253,mobility,coastal_landing
1680017,その他,Other,石川県,能登町,coastal,coastal,False,same_class,0.585,0.459,-0.126,3.456,3.705,0.249,0.93744,,
2210099,その他,Other,神奈川県,横浜市,coastal,coastal,False,same_class,0.347,0.816,0.469,0.641,7.264,6.623,0.82253,mobility;taboo_time_weather,coastal_landing
2210103,その他,Other,神奈川県,藤沢市,coastal,coastal,False,same_class,0.347,0.367,0.02,0.641,5.719,5.078,0.97214,hydrology,
2210098,その他,Other,神奈川県,鎌倉市,coastal,coastal,False,same_class,0.347,0.831,0.484,0.641,2.727,2.086,0.98401,dwelling;hydrology,
2210095,その他,Other,神奈川県,横浜市,coastal,coastal,False,same_class,0.347,0.816,0.469,0.641,7.264,6.623,0.82253,mobility;taboo_time_weather,coastal_landing
2210105,ユウレイ,Yurei,神奈川県,鎌倉市,coastal,coastal,False,same_class,0.347,0.831,0.484,0.641,2.727,2.086,0.98401,death_ritual;taboo_time_weather,
2210102,ユウレイ,Yurei,神奈川県,横浜市,coastal,coastal,False,same_class,0.347,0.816,0.469,0.641,7.264,6.623,0.82253,death_ritual;mobility,coastal_landing
2210101,その他,Other,神奈川県,藤沢市,coastal,coastal,False,same_class,0.347,0.367,0.02,0.641,5.719,5.078,0.97214,death_ritual;dwelling;hydrology,
2210094,その他,Other,神奈川県,横浜市,coastal,coastal,False,same_class,0.347,0.816,0.469,0.641,7.264,6.623,0.82253,hydrology;mobility;taboo_time_weather,water_crossing;water_danger_norm;coastal_landing
2210106,その他,Other,神奈川県,藤沢市,coastal,coastal,False,same_class,0.347,0.367,0.02,0.641,5.719,5.078,0.97214,hydrology,
2366425,その他,Other,山形県,西川町,valley,inland_water,True,valley_to_inland_water,0.696,0.019,-0.677,53.069,47.659,-5.41,0.95716,death_ritual;hydrology,
C2030338-000,その他,Other,長野県,松本市,valley,valley,False,same_class,0.121,0.7,0.579,51.74,72.63,20.89,0.93045,hydrology;livelihood,water_livelihood
C2030307-001,その他,Other,長野県,小川村,valley,inland_water,True,valley_to_inland_water,0.121,0.021,-0.1,51.74,47.02,-4.72,0.99567,boundary;death_ritual;dwelling;hydrology;taboo_time_weather,waterside_boundary;water_danger_norm;domestic_threshold;mortuary_boundary
C2030316-000,その他,Other,長野県,長野市,valley,valley,False,same_class,0.121,0.759,0.638,51.74,51.282,-0.458,0.9456,boundary,
C2030307-000,ネコ,Neko,長野県,小川村,valley,inland_water,True,valley_to_inland_water,0.121,0.021,-0.1,51.74,47.02,-4.72,0.99567,boundary;death_ritual;dwelling;hydrology,waterside_boundary;domestic_threshold;mortuary_boundary
C2030381-000,その他,Other,長野県,上田市,valley,valley,False,same_class,0.121,0.629,0.508,51.74,80.93,29.19,0.95884,hydrology;livelihood,water_livelihood
C2030409-000,その他,Other,長野県,松本市,valley,valley,False,same_class,0.121,0.7,0.579,51.74,72.63,20.89,0.93045,hydrology;livelihood,water_livelihood
C2030411-000,その他,Other,長野県,佐久市,valley,valley,False,same_class,0.121,0.277,0.156,51.74,107.724,55.984,0.96883,livelihood,
C2030394-000,その他,Other,長野県,信濃町,valley,inland_water,True,valley_to_inland_water,0.121,0.095,-0.026,51.74,37.277,-14.463,0.98993,hydrology,
C2030450-000,キツネ,Kitsune,長野県,塩尻市,valley,valley,False,same_class,0.121,0.127,0.006,51.74,97.608,45.868,0.97852,taboo_time_weather,
C2030473-003,タヌキ,Tanuki,長野県,伊那市,valley,valley,False,same_class,0.121,0.338,0.217,51.74,83.586,31.846,0.94994,boundary,mountain_boundary
C2030473-002,タヌキ,Tanuki,長野県,伊那市,valley,valley,False,same_class,0.121,0.338,0.217,51.74,83.586,31.846,0.94994,boundary;dwelling;taboo_time_weather,mountain_boundary;domestic_threshold
C2030473-001,タヌキ,Tanuki,長野県,伊那市,valley,valley,False,same_class,0.121,0.338,0.217,51.74,83.586,31.846,0.94994,boundary,mountain_boundary
C2030473-000,タヌキ,Tanuki,長野県,伊那市,valley,valley,False,same_class,0.121,0.338,0.217,51.74,83.586,31.846,0.94994,boundary,mountain_boundary
1140585,その他,Other,山形県,山形市,valley,valley,False,same_class,0.696,1.046,0.35,53.069,54.628,1.559,0.95986,taboo_time_weather,
2410053,オニ,Oni,滋賀県,大津市,valley,inland_water,True,valley_to_inland_water,0.161,0.058,-0.103,54.318,48.34,-5.978,0.90621,hydrology;livelihood,water_livelihood
2410054,オニ,Oni,滋賀県,日野町,valley,inland_water,True,valley_to_inland_water,0.161,0.399,0.238,54.318,35.234,-19.084,0.97084,boundary;livelihood,
1680059,ユウレイ,Yurei,鳥取県,伯耆町,coastal,inland_water,True,coastal_to_inland_water,0.551,0.108,-0.443,4.715,15.895,11.18,0.95703,death_ritual;hydrology,
1680056,その他,Other,鹿児島県,鹿児島市,coastal,coastal,False,water_proximity_lost,0.913,3.684,2.771,0.301,3.671,3.37,0.94441,death_ritual;dwelling,
1680057,ユウレイ,Yurei,鹿児島県,鹿児島市,coastal,coastal,False,water_proximity_lost,0.913,3.684,2.771,0.301,3.671,3.37,0.94441,,
1680061,ヤマノカミ,Yama-no-kami,栃木県,日光市,valley,valley,False,same_class,0.346,0.413,0.067,66.5,101.887,35.387,0.77425,,
1680079,その他,Other,兵庫県,福崎町,coastal,inland_water,True,coastal_to_inland_water,0.266,0.385,0.119,1.854,21.332,19.478,0.99399,mobility,
C0222184-000,その他,Other,静岡県,磐田市,coastal,inland_water,True,coastal_to_inland_water,1.85,0.218,-1.632,5.119,11.182,6.063,0.97748,boundary;dwelling;livelihood,domestic_threshold
C0222199-000,キツネ,Kitsune,静岡県,御前崎市,coastal,coastal,False,same_class,1.85,0.589,-1.261,5.119,2.389,-2.73,0.99143,livelihood,
C0222197-000,その他,Other,静岡県,磐田市,coastal,inland_water,True,coastal_to_inland_water,1.85,0.218,-1.632,5.119,11.182,6.063,0.97748,dwelling;hydrology;livelihood;taboo_time_weather,water_danger_norm;water_livelihood
C0222209-000,その他,Other,静岡県,袋井市,coastal,coastal,False,same_class,1.85,0.247,-1.603,5.119,8.029,2.91,0.98636,mobility,
C0222216-000,その他,Other,静岡県,磐田市,coastal,inland_water,True,coastal_to_inland_water,1.85,0.218,-1.632,5.119,11.182,6.063,0.97748,boundary;livelihood;taboo_time_weather,
0180207,その他,Other,茨城県,美浦村,plain,plain,False,same_class,1.062,0.654,-0.408,12.361,27.708,15.347,0.9944,mobility;taboo_time_weather,mountain_route;coastal_landing
0030434,その他,Other,福島県,磐梯町,inland_water,valley,True,inland_water_to_valley,0.112,0.003,-0.109,43.792,81.493,37.701,0.99526,livelihood,
0180197,その他,Other,茨城県,桜川市,plain,inland_water,True,plain_to_inland_water,1.062,0.187,-0.875,12.361,41.195,28.834,0.97063,dwelling;hydrology;livelihood;taboo_time_weather,water_danger_norm;water_livelihood
1140608,その他,Other,山形県,山形市,valley,valley,False,same_class,0.696,1.046,0.35,53.069,54.628,1.559,0.95986,,
0180194,その他,Other,茨城県,水戸市,plain,plain,False,same_class,1.062,0.962,-0.1,12.361,17.768,5.407,0.96511,dwelling;hydrology,
1260173,ヘビ・リュウ,Snake/Dragon,三重県,松阪市,coastal,inland_water,True,coastal_to_inland_water,0.512,0.175,-0.337,1.843,17.209,15.366,0.88882,hydrology,
1140605,その他,Other,山形県,山形市,valley,valley,False,same_class,0.696,1.046,0.35,53.069,54.628,1.559,0.95986,,
2190002,その他,Other,群馬県,前橋市,valley,valley,False,same_class,0.144,0.408,0.264,103.572,100.779,-2.793,0.96146,dwelling;livelihood;mobility,mountain_route
2190006,その他,Other,群馬県,太田市,valley,valley,False,same_class,0.144,0.123,-0.021,103.572,81.614,-21.958,0.97228,dwelling;livelihood;mobility,coastal_landing
2190003,その他,Other,群馬県,太田市,valley,valley,False,same_class,0.144,0.123,-0.021,103.572,81.614,-21.958,0.97228,dwelling;livelihood;mobility,mountain_route
2190004,その他,Other,群馬県,桐生市,valley,valley,False,same_class,0.144,0.533,0.389,103.572,95.888,-7.684,0.95823,dwelling;hydrology;mobility,water_crossing
2170003,ユウレイ,Yurei,岐阜県,大垣市,plain,inland_water,True,plain_to_inland_water,0.575,0.041,-0.534,35.777,37.03,1.253,0.98056,death_ritual;taboo_time_weather,
0180234,その他,Other,静岡県,大井川町,coastal,coastal,False,same_class,1.85,0.214,-1.636,5.119,1.979,-3.14,0.99732,hydrology;taboo_time_weather,water_danger_norm
2130211,ヘビ・リュウ,Snake/Dragon,愛知県,南知多町,plain,coastal,True,plain_to_coastal,1.099,0.048,-1.051,10.163,2.099,-8.064,0.99265,livelihood;taboo_time_weather,
0780398,その他,Other,長崎県,対馬市,coastal,coastal,False,same_class,0.115,0.007,-0.108,2.658,1.425,-1.233,0.82543,boundary;dwelling;livelihood,domestic_threshold
C4510072-000,カッパ,Kappa,宮崎県,諸塚村,coastal,plain,True,coastal_to_plain,0.618,0.648,0.03,3.341,34.881,31.54,0.97525,dwelling,
C4510097-000,その他,Other,宮崎県,宮崎市,coastal,coastal,False,same_class,0.618,0.177,-0.441,3.341,8.908,5.567,0.92571,death_ritual,
C4510120-000,キツネ,Kitsune,宮崎県,清武町,coastal,coastal,False,same_class,0.618,0.116,-0.502,3.341,6.798,3.457,0.99433,dwelling;mobility;taboo_time_weather,mountain_route
C4510114-000,ヘビ・リュウ,Snake/Dragon,宮崎県,西米良村,coastal,inland_water,True,coastal_to_inland_water,0.618,0.374,-0.244,3.341,36.261,32.92,0.96313,hydrology,
C4510121-000,カッパ,Kappa,宮崎県,高千穂町,coastal,inland_water,True,coastal_to_inland_water,0.618,0.412,-0.206,3.341,40.953,37.612,0.97299,boundary;dwelling;hydrology;mobility,water_crossing;waterside_boundary;domestic_threshold
C4510129-000,カッパ,Kappa,宮崎県,門川町,coastal,coastal,False,same_class,0.618,0.052,-0.566,3.341,6.166,2.825,0.9854,boundary;hydrology,waterside_boundary;mountain_boundary
C4510139-000,カッパ,Kappa,宮崎県,高千穂町,coastal,inland_water,True,coastal_to_inland_water,0.618,0.412,-0.206,3.341,40.953,37.612,0.97299,hydrology,
C4510138-000,カッパ,Kappa,宮崎県,宮崎市,coastal,coastal,False,same_class,0.618,0.177,-0.441,3.341,8.908,5.567,0.92571,boundary;dwelling;hydrology;livelihood,waterside_boundary;domestic_threshold;water_livelihood
C4510145-000,カッパ,Kappa,宮崎県,門川町,coastal,coastal,False,same_class,0.618,0.052,-0.566,3.341,6.166,2.825,0.9854,boundary;hydrology,waterside_boundary;mountain_boundary
C4510171-000,カッパ,Kappa,宮崎県,諸塚村,coastal,plain,True,coastal_to_plain,0.618,0.648,0.03,3.341,34.881,31.54,0.97525,dwelling;hydrology,
C4510156-000,カッパ,Kappa,宮崎県,木城町,coastal,inland_water,True,coastal_to_inland_water,0.618,0.021,-0.597,3.341,14.247,10.906,0.9818,boundary;dwelling;hydrology;livelihood;taboo_time_weather,waterside_boundary;water_danger_norm;domestic_threshold;water_livelihood
1140620,その他,Other,茨城県,水戸市,plain,plain,False,same_class,1.062,0.962,-0.1,12.361,17.768,5.407,0.96511,dwelling,
5870007,テング,Tengu,栃木県,宇都宮市,valley,valley,False,same_class,0.346,0.05,-0.296,66.5,65.988,-0.512,0.93408,boundary,
1720200,ヒノタマ,Hitodama,千葉県,木更津市,coastal,coastal,False,same_class,0.071,0.42,0.349,3.934,4.316,0.382,0.97202,taboo_time_weather,
5870008,キツネ,Kitsune,栃木県,宇都宮市,valley,valley,False,same_class,0.346,0.05,-0.296,66.5,65.988,-0.512,0.93408,boundary,
1070677,キツネ,Kitsune,岩手県,花巻市,valley,valley,False,same_class,0.257,0.861,0.604,70.061,65.662,-4.399,0.94107,dwelling;mobility,mountain_route
C0222125-000,テング,Tengu,静岡県,三島市,coastal,inland_water,True,coastal_to_inland_water,1.85,0.171,-1.679,5.119,10.258,5.139,0.99211,,
C0222137-000,その他,Other,静岡県,静岡市,coastal,inland_water,True,coastal_to_inland_water,1.85,0.369,-1.481,5.119,33.099,27.98,0.82235,boundary;dwelling;taboo_time_weather,mountain_boundary;domestic_threshold
C0222126-000,ユウレイ,Yurei,静岡県,富士川町,coastal,coastal,False,same_class,1.85,0.238,-1.612,5.119,5.708,0.589,0.99559,death_ritual;hydrology;mobility,water_crossing
C0222127-000,ユウレイ,Yurei,静岡県,富士市,coastal,plain,True,coastal_to_plain,1.85,1.466,-0.384,5.119,10.849,5.73,0.97206,death_ritual;hydrology,
C0222131-000,ユウレイ,Yurei,静岡県,静岡市,coastal,inland_water,True,coastal_to_inland_water,1.85,0.369,-1.481,5.119,33.099,27.98,0.82235,boundary;death_ritual,mountain_boundary;mortuary_boundary
C0222121-000,その他,Other,長野県,塩尻市,valley,valley,False,same_class,0.121,0.127,0.006,51.74,97.608,45.868,0.97852,,
C0222138-000,その他,Other,静岡県,富士川町,coastal,coastal,False,same_class,1.85,0.238,-1.612,5.119,5.708,0.589,0.99559,dwelling;hydrology;taboo_time_weather,water_danger_norm
C0222136-000,ヘビ・リュウ,Snake/Dragon,静岡県,静岡市,coastal,inland_water,True,coastal_to_inland_water,1.85,0.369,-1.481,5.119,33.099,27.98,0.82235,boundary;mobility;taboo_time_weather,
C0222135-000,その他,Other,静岡県,静岡市,coastal,inland_water,True,coastal_to_inland_water,1.85,0.369,-1.481,5.119,33.099,27.98,0.82235,boundary;death_ritual;hydrology;taboo_time_weather,waterside_boundary;water_danger_norm;mortuary_boundary
C0222142-000,その他,Other,静岡県,下田市,coastal,coastal,False,same_class,1.85,0.376,-1.474,5.119,4.461,-0.658,0.98615,livelihood;taboo_time_weather,
C0222159-000,その他,Other,静岡県,静岡市,coastal,inland_water,True,coastal_to_inland_water,1.85,0.369,-1.481,5.119,33.099,27.98,0.82235,,
C0222191-000,その他,Other,静岡県,御殿場市,coastal,inland_water,True,coastal_to_inland_water,1.85,0.354,-1.496,5.119,20.144,15.025,0.97519,livelihood,
C0222140-000,その他,Other,静岡県,裾野市,coastal,inland_water,True,coastal_to_inland_water,1.85,0.041,-1.809,5.119,14.5,9.381,0.98223,livelihood,
C0222139-000,その他,Other,静岡県,富士市,coastal,plain,True,coastal_to_plain,1.85,1.466,-0.384,5.119,10.849,5.73,0.97206,dwelling;hydrology;livelihood;taboo_time_weather,water_danger_norm;water_livelihood
0030443,テング,Tengu,長野県,飯綱,valley,inland_water,True,valley_to_inland_water,0.121,0.209,0.088,51.74,43.435,-8.305,0.99406,,
C0222161-000,その他,Other,静岡県,芝川町,coastal,inland_water,True,coastal_to_inland_water,1.85,0.454,-1.396,5.119,13.697,8.578,0.99129,hydrology,
C0222150-000,その他,Other,静岡県,大井川町,coastal,coastal,False,same_class,1.85,0.214,-1.636,5.119,1.979,-3.14,0.99732,death_ritual;dwelling;hydrology;livelihood;taboo_time_weather,water_danger_norm;water_livelihood
C0222192-000,その他,Other,静岡県,御殿場市,coastal,inland_water,True,coastal_to_inland_water,1.85,0.354,-1.496,5.119,20.144,15.025,0.97519,livelihood,
0030449,その他,Other,奈良県,葛城市,inland_water,inland_water,False,same_class,0.312,0.217,-0.095,38.579,27.844,-10.735,0.9901,mobility,mountain_route
2410063,その他,Other,滋賀県,長浜市,valley,inland_water,True,valley_to_inland_water,0.161,0.395,0.234,54.318,33.121,-21.197,0.96469,dwelling;mobility;taboo_time_weather,coastal_landing
1680099,その他,Other,東京都,千代田区,coastal,coastal,False,same_class,0.759,0.084,-0.675,7.763,3.744,-4.019,0.99545,boundary;death_ritual;livelihood;taboo_time_weather,mortuary_boundary
1680098,その他,Other,栃木県,足利市,valley,valley,False,same_class,0.346,0.79,0.444,66.5,83.266,16.766,0.97244,boundary;death_ritual,mortuary_boundary
1070777,タヌキ,Tanuki,山形県,米沢市,valley,valley,False,same_class,0.696,0.059,-0.637,53.069,68.389,15.32,0.94111,dwelling;hydrology;mobility,water_crossing;mountain_route
1070776,タヌキ,Tanuki,山形県,米沢市,valley,valley,False,same_class,0.696,0.059,-0.637,53.069,68.389,15.32,0.94111,dwelling;hydrology;mobility,water_crossing;mountain_route
1070775,その他,Other,山形県,米沢市,valley,valley,False,same_class,0.696,0.059,-0.637,53.069,68.389,15.32,0.94111,death_ritual;dwelling;hydrology,
1260215,その他,Other,愛知県,豊橋市,plain,coastal,True,plain_to_coastal,1.099,0.106,-0.993,10.163,6.045,-4.118,0.94967,livelihood;mobility,
1422230,その他,Other,愛知県,名古屋市,plain,coastal,True,plain_to_coastal,1.099,1.218,0.119,10.163,6.979,-3.184,0.94089,boundary;death_ritual;mobility,mountain_route;mountain_boundary;mortuary_boundary
1422248,キツネ,Kitsune,愛知県,犬山市,plain,inland_water,True,plain_to_inland_water,1.099,0.079,-1.02,10.163,32.358,22.195,0.98543,mobility,mountain_route
1422247,キツネ,Kitsune,愛知県,犬山市,plain,inland_water,True,plain_to_inland_water,1.099,0.079,-1.02,10.163,32.358,22.195,0.98543,,
C0222261-000,その他,Other,静岡県,清水町,coastal,coastal,False,same_class,1.85,0.264,-1.586,5.119,5.075,-0.044,0.99873,mobility;taboo_time_weather,
0470200,タヌキ,Tanuki,香川県,高松市,coastal,inland_water,True,coastal_to_inland_water,0.779,0.202,-0.577,1.632,10.573,8.941,0.77596,taboo_time_weather,
1080165,その他,Other,神奈川県,小田原市,coastal,coastal,False,same_class,0.347,0.382,0.035,0.641,3.286,2.645,0.95357,boundary;death_ritual;livelihood,mortuary_boundary
0970062,その他,Other,栃木県,宇都宮市,valley,valley,False,same_class,0.346,0.05,-0.296,66.5,65.988,-0.512,0.93408,boundary;death_ritual;taboo_time_weather,mortuary_boundary
1440056,その他,Other,岩手県,遠野市,valley,inland_water,True,valley_to_inland_water,0.257,0.167,-0.09,70.061,36.52,-33.541,0.94668,dwelling,
0890009,その他,Other,静岡県,浜松市,coastal,plain,True,coastal_to_plain,1.85,1.183,-0.667,5.119,34.395,29.276,0.8031,mobility;taboo_time_weather,coastal_landing
1610133,その他,Other,沖縄県,沖縄市,coastal,coastal,False,same_class,0.294,0.24,-0.054,1.663,5.02,3.357,0.97991,,
0970150,その他,Other,栃木県,栃木市,valley,valley,False,same_class,0.346,0.442,0.096,66.5,81.277,14.777,0.98023,boundary;dwelling,domestic_threshold
1680155,その他,Other,福島県,福島市,inland_water,inland_water,False,same_class,0.112,0.026,-0.086,43.792,48.423,4.631,0.94656,boundary;death_ritual,mortuary_boundary
1720267,その他,Other,兵庫県,神戸市,coastal,inland_water,True,coastal_to_inland_water,0.266,0.262,-0.004,1.854,11.162,9.308,0.9333,dwelling;livelihood;taboo_time_weather,
1720266,その他,Other,兵庫県,神戸市,coastal,inland_water,True,coastal_to_inland_water,0.266,0.262,-0.004,1.854,11.162,9.308,0.9333,dwelling,
C4510227-000,キツネ,Kitsune,宮崎県,えびの市,coastal,inland_water,True,coastal_to_inland_water,0.618,0.16,-0.458,3.341,35.726,32.385,0.9632,,
C4510220-000,カッパ,Kappa,宮崎県,高鍋町,coastal,coastal,False,same_class,0.618,0.004,-0.614,3.341,3.49,0.149,0.99486,hydrology;mobility;taboo_time_weather,water_crossing;water_danger_norm
C4510213-000,カッパ,Kappa,宮崎県,木城町,coastal,inland_water,True,coastal_to_inland_water,0.618,0.021,-0.597,3.341,14.247,10.906,0.9818,boundary;hydrology,waterside_boundary
2470162,ネコ,Neko,神奈川県,厚木市,coastal,inland_water,True,coastal_to_inland_water,0.347,0.139,-0.208,0.641,16.715,16.074,0.96136,mobility;taboo_time_weather,coastal_landing
2470185,その他,Other,高知県,高知市,coastal,inland_water,True,coastal_to_inland_water,0.389,0.281,-0.108,8.098,10.356,2.258,0.9635,,
C4510259-000,カッパ,Kappa,宮崎県,諸塚村,coastal,plain,True,coastal_to_plain,0.618,0.648,0.03,3.341,34.881,31.54,0.97525,dwelling,
0870230,その他,Other,香川県,坂出市,coastal,coastal,False,same_class,0.779,0.075,-0.704,1.632,1.685,0.053,0.94547,boundary;dwelling;mobility;taboo_time_weather,mountain_route;mountain_boundary;domestic_threshold
0870237,その他,Other,大阪府,交野市,coastal,inland_water,True,coastal_to_inland_water,0.559,0.115,-0.444,9.858,26.567,16.709,0.98694,boundary;death_ritual;mobility,mortuary_boundary
1610178,その他,Other,鹿児島県,瀬戸内町,coastal,coastal,False,same_class,0.913,0.462,-0.451,0.301,2.208,1.907,0.97388,death_ritual;dwelling,
1610183,その他,Other,沖縄県,那覇市,coastal,coastal,False,same_class,0.294,0.134,-0.16,1.663,2.622,0.959,0.98192,,
1910018,その他,Other,長崎県,対馬市,coastal,coastal,False,same_class,0.115,0.007,-0.108,2.658,1.425,-1.233,0.82543,livelihood;mobility,
2450276,オニ,Oni,京都府,京都市,inland_water,inland_water,False,same_class,0.322,0.213,-0.109,48.255,40.922,-7.333,0.81776,boundary;mobility,mountain_route;mountain_boundary
0700547,ネコ,Neko,東京都,新宿区,coastal,coastal,False,same_class,0.759,1.611,0.852,7.763,5.874,-1.889,0.99262,taboo_time_weather,
2410112,ユウレイ,Yurei,滋賀県,多賀町,valley,inland_water,True,valley_to_inland_water,0.161,0.465,0.304,54.318,37.335,-16.983,0.96728,boundary;death_ritual,mortuary_boundary
2450288,ヘビ・リュウ,Snake/Dragon,沖縄県,沖縄市,coastal,coastal,False,same_class,0.294,0.24,-0.054,1.663,5.02,3.357,0.97991,dwelling,
2450278,ヘビ・リュウ,Snake/Dragon,長崎県,島原市,coastal,coastal,False,same_class,0.115,0.506,0.391,2.658,3.739,1.081,0.97844,hydrology;mobility;taboo_time_weather,water_crossing;water_danger_norm;coastal_landing
1470039,その他,Other,鹿児島県,伊仙町,coastal,coastal,False,same_class,0.913,0.237,-0.676,0.301,1.591,1.29,0.99275,livelihood,
C0220054-000,その他,Other,青森県,十和田市,coastal,inland_water,True,coastal_to_inland_water,1.172,0.054,-1.118,1.529,33.035,31.506,0.92367,boundary;hydrology;livelihood,waterside_boundary;water_livelihood
C0220047-000,ユウレイ,Yurei,青森県,むつ市,coastal,coastal,False,same_class,1.172,0.259,-0.913,1.529,9.996,8.467,0.91078,death_ritual;livelihood,
C0220054-001,その他,Other,青森県,十和田市,coastal,inland_water,True,coastal_to_inland_water,1.172,0.054,-1.118,1.529,33.035,31.506,0.92367,boundary;hydrology;livelihood,waterside_boundary;water_livelihood
C0220084-001,ユウレイ,Yurei,青森県,八戸市,coastal,coastal,False,same_class,1.172,0.254,-0.918,1.529,7.45,5.921,0.96774,boundary;death_ritual;dwelling,domestic_threshold;mortuary_boundary
C0220060-004,その他,Other,青森県,八戸市,coastal,coastal,False,same_class,1.172,0.254,-0.918,1.529,7.45,5.921,0.96774,dwelling;taboo_time_weather,
C0220059-002,その他,Other,青森県,田子町,coastal,inland_water,True,coastal_to_inland_water,1.172,0.185,-0.987,1.529,45.597,44.068,0.97406,boundary;dwelling;livelihood;taboo_time_weather,mountain_boundary;domestic_threshold
C0220059-001,その他,Other,青森県,十和田市,coastal,inland_water,True,coastal_to_inland_water,1.172,0.054,-1.118,1.529,33.035,31.506,0.92367,dwelling;hydrology;livelihood;taboo_time_weather,water_danger_norm;water_livelihood
C0220150-000,カッパ,Kappa,青森県,八戸市,coastal,coastal,False,same_class,1.172,0.254,-0.918,1.529,7.45,5.921,0.96774,dwelling;hydrology;mobility,water_crossing
1690003,その他,Other,石川県,金沢市,coastal,inland_water,True,coastal_to_inland_water,0.585,0.04,-0.545,3.456,16.481,13.025,0.88754,hydrology,
1350316,その他,Other,神奈川県,鎌倉市,coastal,coastal,False,same_class,0.347,0.831,0.484,0.641,2.727,2.086,0.98401,death_ritual;dwelling,
2410123,その他,Other,滋賀県,高月町,valley,plain,True,valley_to_plain,0.161,0.525,0.364,54.318,25.271,-29.047,0.99459,dwelling;mobility,mountain_route
0210048,その他,Other,福島県,いわき市,inland_water,inland_water,False,same_class,0.112,0.28,0.168,43.792,14.497,-29.295,0.91172,boundary;livelihood,
0160265,その他,Other,長野県,飯田市,valley,valley,False,same_class,0.121,0.889,0.768,51.74,75.994,24.254,0.95062,boundary;hydrology;livelihood;taboo_time_weather,waterside_boundary;water_danger_norm;water_livelihood
0210046,その他,Other,福島県,いわき市,inland_water,inland_water,False,same_class,0.112,0.28,0.168,43.792,14.497,-29.295,0.91172,boundary;death_ritual;hydrology;livelihood,waterside_boundary;mountain_boundary;mortuary_boundary;water_livelihood
0210050,その他,Other,福島県,いわき市,inland_water,inland_water,False,same_class,0.112,0.28,0.168,43.792,14.497,-29.295,0.91172,boundary;livelihood,
0210049,その他,Other,福島県,いわき市,inland_water,inland_water,False,same_class,0.112,0.28,0.168,43.792,14.497,-29.295,0.91172,boundary;livelihood,
0210053,その他,Other,福島県,いわき市,inland_water,inland_water,False,same_class,0.112,0.28,0.168,43.792,14.497,-29.295,0.91172,boundary;hydrology;livelihood,waterside_boundary;water_livelihood
0270013,その他,Other,新潟県,粟島浦村,coastal,plain,True,coastal_to_plain,0.334,20.454,20.12,2.178,20.948,18.77,0.99922,boundary;death_ritual;livelihood,mountain_boundary;mortuary_boundary
0270012,その他,Other,新潟県,粟島浦村,coastal,plain,True,coastal_to_plain,0.334,20.454,20.12,2.178,20.948,18.77,0.99922,boundary;hydrology;mobility,water_crossing;waterside_boundary;mountain_route;mountain_boundary;coastal_landing
0210051,その他,Other,福島県,いわき市,inland_water,inland_water,False,same_class,0.112,0.28,0.168,43.792,14.497,-29.295,0.91172,boundary;livelihood,mountain_boundary
0210047,その他,Other,福島県,いわき市,inland_water,inland_water,False,same_class,0.112,0.28,0.168,43.792,14.497,-29.295,0.91172,boundary;livelihood,mountain_boundary
0210052,その他,Other,福島県,いわき市,inland_water,inland_water,False,same_class,0.112,0.28,0.168,43.792,14.497,-29.295,0.91172,boundary;hydrology;livelihood,waterside_boundary;water_livelihood
0210055,その他,Other,福島県,福島市,inland_water,inland_water,False,same_class,0.112,0.026,-0.086,43.792,48.423,4.631,0.94656,livelihood,
C1920017-000,その他,Other,山梨県,南部町,valley,inland_water,True,valley_to_inland_water,0.11,0.087,-0.023,59.395,21.87,-37.525,0.95555,boundary;dwelling;hydrology;livelihood,waterside_boundary;mountain_boundary;domestic_threshold;water_livelihood
C1920010-000,その他,Other,山梨県,丹波山村,valley,valley,False,same_class,0.11,0.704,0.594,59.395,63.437,4.042,0.9764,dwelling;mobility,mountain_route
0210056,オニ,Oni,福島県,福島市,inland_water,inland_water,False,same_class,0.112,0.026,-0.086,43.792,48.423,4.631,0.94656,death_ritual;hydrology;taboo_time_weather,water_danger_norm
0210064,その他,Other,福島県,いわき市,inland_water,inland_water,False,same_class,0.112,0.28,0.168,43.792,14.497,-29.295,0.91172,,
1670203,その他,Other,千葉県,銚子市,coastal,coastal,False,same_class,0.071,0.171,0.1,3.934,5.926,1.992,0.98372,hydrology;livelihood;mobility;taboo_time_weather,water_crossing;water_danger_norm;coastal_landing;water_livelihood
0210054,キツネ,Kitsune,福島県,福島市,inland_water,inland_water,False,same_class,0.112,0.026,-0.086,43.792,48.423,4.631,0.94656,boundary;livelihood,mountain_boundary
1670199,その他,Other,三重県,志摩市,coastal,coastal,False,same_class,0.512,0.057,-0.455,1.843,3.314,1.471,0.96744,,
C1920036-000,ユウレイ,Yurei,山梨県,富士吉田市,valley,inland_water,True,valley_to_inland_water,0.11,0.019,-0.091,59.395,34.302,-25.093,0.97232,dwelling;livelihood,
0450179,その他,Other,静岡県,磐田市,coastal,inland_water,True,coastal_to_inland_water,1.85,0.218,-1.632,5.119,11.182,6.063,0.97748,boundary;death_ritual;dwelling;livelihood,domestic_threshold;mortuary_boundary
0160273,キツネ,Kitsune,長野県,飯田市,valley,valley,False,same_class,0.121,0.889,0.768,51.74,75.994,24.254,0.95062,boundary;hydrology;livelihood,waterside_boundary;mountain_boundary;water_livelihood
1350329,オニ,Oni,徳島県,阿波市,coastal,inland_water,True,coastal_to_inland_water,0.087,0.035,-0.052,3.822,15.139,11.317,0.9524,boundary;death_ritual;mobility,mountain_route;mountain_boundary;coastal_landing;mortuary_boundary
1350344,オニ,Oni,京都府,福知山市,inland_water,inland_water,False,same_class,0.322,0.224,-0.098,48.255,27.409,-20.846,0.87887,dwelling;livelihood,
