condition,replicate,major_category,label,category_n,feature,observed,expected,lift,z_score,empirical_p
full_dictionary,0,その他,Other,19084,hydrology,3497,3945.194,0.88639,-12.185,0.002
full_dictionary,0,その他,Other,19084,mobility,3101,3242.3,0.95642,-4.3299,0.002
full_dictionary,0,その他,Other,19084,boundary,3838,3539.21,1.08442,9.1159,0.002
full_dictionary,0,その他,Other,19084,livelihood,3612,3703.852,0.9752,-2.6,0.00599
full_dictionary,0,その他,Other,19084,dwelling,4873,4750.984,1.02568,3.0832,0.002
full_dictionary,0,その他,Other,19084,death_ritual,2692,2831.992,0.95057,-4.5766,0.002
full_dictionary,0,その他,Other,19084,taboo_time_weather,4061,4116.73,0.98646,-1.4957,0.07385
full_dictionary,0,その他,Other,19084,actors,5044,5264.362,0.95814,-5.6763,0.002
full_dictionary,0,その他,Other,19084,actions,2114,2043.16,1.03467,2.6265,0.01397
full_dictionary,0,その他,Other,19084,strict_boundary_interface,4942,5184.072,0.9533,-5.9578,0.002
full_dictionary,0,キツネ,Kitsune,3618,hydrology,447,777.896,0.57463,-14.8859,0.002
full_dictionary,0,キツネ,Kitsune,3618,mobility,759,585.572,1.29617,8.2212,0.002
full_dictionary,0,キツネ,Kitsune,3618,boundary,375,679.006,0.55228,-14.1962,0.002
full_dictionary,0,キツネ,Kitsune,3618,livelihood,865,701.852,1.23245,7.3746,0.002
full_dictionary,0,キツネ,Kitsune,3618,dwelling,871,911.546,0.95552,-1.729,0.05589
full_dictionary,0,キツネ,Kitsune,3618,death_ritual,193,516.028,0.37401,-17.1699,0.002
full_dictionary,0,キツネ,Kitsune,3618,taboo_time_weather,717,752.076,0.95336,-1.4936,0.07385
full_dictionary,0,キツネ,Kitsune,3618,actors,878,966.81,0.90814,-3.5343,0.00399
full_dictionary,0,キツネ,Kitsune,3618,actions,310,427.176,0.7257,-6.545,0.002
full_dictionary,0,キツネ,Kitsune,3618,strict_boundary_interface,737,978.496,0.7532,-9.9216,0.002
full_dictionary,0,ヘビ・リュウ,Snake/Dragon,2335,hydrology,1090,488.346,2.23202,32.0974,0.002
full_dictionary,0,ヘビ・リュウ,Snake/Dragon,2335,mobility,359,383.95,0.93502,-1.4525,0.08583
full_dictionary,0,ヘビ・リュウ,Snake/Dragon,2335,boundary,551,446.788,1.23325,5.7828,0.002
full_dictionary,0,ヘビ・リュウ,Snake/Dragon,2335,livelihood,450,446.704,1.00738,0.1778,0.43912
full_dictionary,0,ヘビ・リュウ,Snake/Dragon,2335,dwelling,548,573.586,0.95539,-1.2763,0.1018
full_dictionary,0,ヘビ・リュウ,Snake/Dragon,2335,death_ritual,219,334.638,0.65444,-7.3029,0.002
full_dictionary,0,ヘビ・リュウ,Snake/Dragon,2335,taboo_time_weather,609,503.014,1.2107,5.4966,0.002
full_dictionary,0,ヘビ・リュウ,Snake/Dragon,2335,actors,949,638.166,1.48707,15.1005,0.002
full_dictionary,0,ヘビ・リュウ,Snake/Dragon,2335,actions,158,244.206,0.64699,-6.401,0.002
full_dictionary,0,ヘビ・リュウ,Snake/Dragon,2335,strict_boundary_interface,930,632.58,1.47017,14.9051,0.002
full_dictionary,0,ユウレイ,Yurei,1641,hydrology,185,336.074,0.55047,-9.9842,0.002
full_dictionary,0,ユウレイ,Yurei,1641,mobility,358,280.006,1.27854,5.0141,0.002
full_dictionary,0,ユウレイ,Yurei,1641,boundary,404,294.956,1.3697,7.4,0.002
full_dictionary,0,ユウレイ,Yurei,1641,livelihood,183,296.596,0.617,-7.2917,0.002
full_dictionary,0,ユウレイ,Yurei,1641,dwelling,455,399.65,1.1385,3.182,0.002
full_dictionary,0,ユウレイ,Yurei,1641,death_ritual,1233,264.858,4.65532,70.3474,0.002
full_dictionary,0,ユウレイ,Yurei,1641,taboo_time_weather,356,345.522,1.03033,0.6444,0.2994
full_dictionary,0,ユウレイ,Yurei,1641,actors,469,431.528,1.08684,2.1435,0.02395
full_dictionary,0,ユウレイ,Yurei,1641,actions,415,213.106,1.94739,15.6585,0.002
full_dictionary,0,ユウレイ,Yurei,1641,strict_boundary_interface,571,439.638,1.2988,7.764,0.002
full_dictionary,0,カッパ,Kappa,1412,hydrology,1101,326.51,3.37203,52.7422,0.002
full_dictionary,0,カッパ,Kappa,1412,mobility,160,239.314,0.66858,-6.0791,0.002
full_dictionary,0,カッパ,Kappa,1412,boundary,162,233.676,0.69327,-5.5054,0.002
full_dictionary,0,カッパ,Kappa,1412,livelihood,398,270.562,1.47101,8.8229,0.002
full_dictionary,0,カッパ,Kappa,1412,dwelling,247,335.916,0.7353,-5.8496,0.002
full_dictionary,0,カッパ,Kappa,1412,death_ritual,109,208.17,0.52361,-7.9014,0.002
full_dictionary,0,カッパ,Kappa,1412,taboo_time_weather,182,296.018,0.61483,-7.5468,0.002
full_dictionary,0,カッパ,Kappa,1412,actors,410,377.882,1.08499,2.0691,0.02196
full_dictionary,0,カッパ,Kappa,1412,actions,127,156.334,0.81236,-2.7316,0.00599
full_dictionary,0,カッパ,Kappa,1412,strict_boundary_interface,591,385.258,1.53404,13.6089,0.002
full_dictionary,0,タヌキ,Tanuki,1268,hydrology,153,257.336,0.59455,-7.6588,0.002
full_dictionary,0,タヌキ,Tanuki,1268,mobility,294,218.154,1.34767,6.043,0.002
full_dictionary,0,タヌキ,Tanuki,1268,boundary,196,244.984,0.80005,-3.6426,0.002
full_dictionary,0,タヌキ,Tanuki,1268,livelihood,186,234.66,0.79264,-3.6861,0.002
full_dictionary,0,タヌキ,Tanuki,1268,dwelling,309,312.904,0.98752,-0.2573,0.3992
full_dictionary,0,タヌキ,Tanuki,1268,death_ritual,73,186.262,0.39192,-8.759,0.002
full_dictionary,0,タヌキ,Tanuki,1268,taboo_time_weather,341,278.8,1.2231,4.059,0.002
full_dictionary,0,タヌキ,Tanuki,1268,actors,355,342.328,1.03702,0.8103,0.22156
full_dictionary,0,タヌキ,Tanuki,1268,actions,178,137.512,1.29443,3.8349,0.002
full_dictionary,0,タヌキ,Tanuki,1268,strict_boundary_interface,296,343.832,0.86089,-3.0583,0.002
full_dictionary,0,テング,Tengu,1224,hydrology,157,252.664,0.62138,-6.8686,0.002
full_dictionary,0,テング,Tengu,1224,mobility,135,197.028,0.68518,-5.0222,0.002
full_dictionary,0,テング,Tengu,1224,boundary,181,232.476,0.77857,-3.8202,0.002
full_dictionary,0,テング,Tengu,1224,livelihood,181,224.672,0.80562,-3.1952,0.002
full_dictionary,0,テング,Tengu,1224,dwelling,207,291.92,0.7091,-6.1656,0.002
full_dictionary,0,テング,Tengu,1224,death_ritual,35,172.834,0.20251,-11.5496,0.002
full_dictionary,0,テング,Tengu,1224,taboo_time_weather,266,261.246,1.0182,0.3227,0.38523
full_dictionary,0,テング,Tengu,1224,actors,307,324.978,0.94468,-1.2287,0.10978
full_dictionary,0,テング,Tengu,1224,actions,124,130.274,0.95184,-0.5923,0.30339
full_dictionary,0,テング,Tengu,1224,strict_boundary_interface,269,325.75,0.82579,-3.7061,0.002
full_dictionary,0,オニ,Oni,807,hydrology,127,168.486,0.75377,-3.6905,0.002
full_dictionary,0,オニ,Oni,807,mobility,195,135.32,1.44103,5.8286,0.002
full_dictionary,0,オニ,Oni,807,boundary,179,153.316,1.16752,2.4958,0.01597
full_dictionary,0,オニ,Oni,807,livelihood,172,155.446,1.10649,1.5423,0.05788
full_dictionary,0,オニ,Oni,807,dwelling,236,197.808,1.19308,3.1739,0.002
full_dictionary,0,オニ,Oni,807,death_ritual,87,117.468,0.74063,-3.112,0.00399
full_dictionary,0,オニ,Oni,807,taboo_time_weather,172,174.216,0.98728,-0.2013,0.42515
full_dictionary,0,オニ,Oni,807,actors,239,219.43,1.08919,1.5637,0.06986
full_dictionary,0,オニ,Oni,807,actions,65,84.344,0.77065,-2.2445,0.00998
full_dictionary,0,オニ,Oni,807,strict_boundary_interface,250,220.054,1.13608,2.4553,0.01397
full_dictionary,0,ヤマノカミ,Yama-no-kami,722,hydrology,93,160.33,0.58005,-6.0944,0.002
full_dictionary,0,ヤマノカミ,Yama-no-kami,722,mobility,51,115.59,0.44121,-6.6515,0.002
full_dictionary,0,ヤマノカミ,Yama-no-kami,722,boundary,93,128.208,0.72538,-3.4025,0.002
full_dictionary,0,ヤマノカミ,Yama-no-kami,722,livelihood,213,141.046,1.51015,7.2192,0.002
full_dictionary,0,ヤマノカミ,Yama-no-kami,722,dwelling,121,173.96,0.69556,-4.6724,0.002
full_dictionary,0,ヤマノカミ,Yama-no-kami,722,death_ritual,20,98.954,0.20211,-8.2616,0.002
full_dictionary,0,ヤマノカミ,Yama-no-kami,722,taboo_time_weather,155,153.228,1.01156,0.1733,0.43713
full_dictionary,0,ヤマノカミ,Yama-no-kami,722,actors,205,195.626,1.04792,0.815,0.23752
full_dictionary,0,ヤマノカミ,Yama-no-kami,722,actions,35,73.744,0.47461,-4.9106,0.002
full_dictionary,0,ヤマノカミ,Yama-no-kami,722,strict_boundary_interface,155,192.358,0.80579,-3.4488,0.00399
full_dictionary,0,イヌガミ,Inugami,552,hydrology,39,111.472,0.34986,-8.2775,0.002
full_dictionary,0,イヌガミ,Inugami,552,mobility,112,91.96,1.21792,2.2648,0.01796
full_dictionary,0,イヌガミ,Inugami,552,boundary,64,99.556,0.64285,-4.1728,0.002
full_dictionary,0,イヌガミ,Inugami,552,livelihood,82,102.506,0.79995,-2.2737,0.01397
full_dictionary,0,イヌガミ,Inugami,552,dwelling,202,134.904,1.49736,6.4492,0.002
full_dictionary,0,イヌガミ,Inugami,552,death_ritual,47,80.322,0.58514,-4.1033,0.002
full_dictionary,0,イヌガミ,Inugami,552,taboo_time_weather,97,117.554,0.82515,-2.2643,0.01198
full_dictionary,0,イヌガミ,Inugami,552,actors,111,144.552,0.76789,-3.3969,0.002
full_dictionary,0,イヌガミ,Inugami,552,actions,29,59.306,0.48899,-4.4711,0.002
full_dictionary,0,イヌガミ,Inugami,552,strict_boundary_interface,125,148.128,0.84386,-2.2696,0.01198
full_dictionary,0,ネコ,Neko,466,hydrology,52,99.984,0.52008,-5.6126,0.002
full_dictionary,0,ネコ,Neko,466,mobility,54,80.014,0.67488,-3.3617,0.00399
full_dictionary,0,ネコ,Neko,466,boundary,84,87.956,0.95502,-0.4726,0.33733
full_dictionary,0,ネコ,Neko,466,livelihood,52,94.346,0.55116,-5.0796,0.002
full_dictionary,0,ネコ,Neko,466,dwelling,137,120.552,1.13644,1.7446,0.0499
full_dictionary,0,ネコ,Neko,466,death_ritual,156,66.35,2.35117,12.3026,0.002
full_dictionary,0,ネコ,Neko,466,taboo_time_weather,117,101.93,1.14785,1.743,0.04192
full_dictionary,0,ネコ,Neko,466,actors,98,129.808,0.75496,-3.2119,0.002
full_dictionary,0,ネコ,Neko,466,actions,42,46.094,0.91118,-0.6166,0.28942
full_dictionary,0,ネコ,Neko,466,strict_boundary_interface,115,129.098,0.8908,-1.4951,0.07784
full_dictionary,0,ヒノタマ,Hitodama,249,hydrology,35,51.708,0.67688,-2.7238,0.00399
full_dictionary,0,ヒノタマ,Hitodama,249,mobility,34,42.792,0.79454,-1.494,0.08782
full_dictionary,0,ヒノタマ,Hitodama,249,boundary,58,44.868,1.29268,2.0788,0.02794
full_dictionary,0,ヒノタマ,Hitodama,249,livelihood,25,46.758,0.53467,-3.4065,0.00599
full_dictionary,0,ヒノタマ,Hitodama,249,dwelling,58,60.27,0.96234,-0.3417,0.39721
full_dictionary,0,ヒノタマ,Hitodama,249,death_ritual,53,39.124,1.35467,2.4846,0.00798
full_dictionary,0,ヒノタマ,Hitodama,249,taboo_time_weather,80,52.666,1.51901,4.3077,0.002
full_dictionary,0,ヒノタマ,Hitodama,249,actors,37,66.53,0.55614,-4.2841,0.002
full_dictionary,0,ヒノタマ,Hitodama,249,actions,48,29.744,1.61377,3.8916,0.002
full_dictionary,0,ヒノタマ,Hitodama,249,strict_boundary_interface,66,67.736,0.97437,-0.2461,0.42116
category_name_masked,0,その他,Other,19084,hydrology,3436,3732.846,0.92048,-8.2977,0.002
category_name_masked,0,その他,Other,19084,mobility,3101,3242.3,0.95642,-4.3299,0.002
category_name_masked,0,その他,Other,19084,boundary,3838,3539.21,1.08442,9.1159,0.002
category_name_masked,0,その他,Other,19084,livelihood,3612,3703.852,0.9752,-2.6,0.00599
category_name_masked,0,その他,Other,19084,dwelling,4873,4750.984,1.02568,3.0832,0.002
category_name_masked,0,その他,Other,19084,death_ritual,2606,2534.744,1.02811,2.4284,0.01397
category_name_masked,0,その他,Other,19084,taboo_time_weather,4061,4116.73,0.98646,-1.4957,0.07385
category_name_masked,0,その他,Other,19084,actors,5044,5264.362,0.95814,-5.6763,0.002
category_name_masked,0,その他,Other,19084,actions,2114,2043.16,1.03467,2.6265,0.01397
category_name_masked,0,その他,Other,19084,strict_boundary_interface,4926,5093.876,0.96704,-4.1917,0.002
category_name_masked,0,キツネ,Kitsune,3618,hydrology,446,745.048,0.59862,-13.7973,0.002
category_name_masked,0,キツネ,Kitsune,3618,mobility,759,585.572,1.29617,8.2212,0.002
category_name_masked,0,キツネ,Kitsune,3618,boundary,375,679.006,0.55228,-14.1962,0.002
category_name_masked,0,キツネ,Kitsune,3618,livelihood,865,701.852,1.23245,7.3746,0.002
category_name_masked,0,キツネ,Kitsune,3618,dwelling,871,911.546,0.95552,-1.729,0.05589
category_name_masked,0,キツネ,Kitsune,3618,death_ritual,185,449.242,0.4118,-14.6667,0.002
category_name_masked,0,キツネ,Kitsune,3618,taboo_time_weather,717,752.076,0.95336,-1.4936,0.07385
category_name_masked,0,キツネ,Kitsune,3618,actors,878,966.81,0.90814,-3.5343,0.00399
category_name_masked,0,キツネ,Kitsune,3618,actions,310,427.176,0.7257,-6.545,0.002
category_name_masked,0,キツネ,Kitsune,3618,strict_boundary_interface,737,963.986,0.76453,-9.2874,0.002
category_name_masked,0,ヘビ・リュウ,Snake/Dragon,2335,hydrology,1088,465.742,2.33606,33.5509,0.002
category_name_masked,0,ヘビ・リュウ,Snake/Dragon,2335,mobility,359,383.95,0.93502,-1.4525,0.08583
category_name_masked,0,ヘビ・リュウ,Snake/Dragon,2335,boundary,551,446.788,1.23325,5.7828,0.002
category_name_masked,0,ヘビ・リュウ,Snake/Dragon,2335,livelihood,450,446.704,1.00738,0.1778,0.43912
category_name_masked,0,ヘビ・リュウ,Snake/Dragon,2335,dwelling,548,573.586,0.95539,-1.2763,0.1018
category_name_masked,0,ヘビ・リュウ,Snake/Dragon,2335,death_ritual,217,301.58,0.71954,-5.751,0.002
category_name_masked,0,ヘビ・リュウ,Snake/Dragon,2335,taboo_time_weather,609,503.014,1.2107,5.4966,0.002
category_name_masked,0,ヘビ・リュウ,Snake/Dragon,2335,actors,949,638.166,1.48707,15.1005,0.002
category_name_masked,0,ヘビ・リュウ,Snake/Dragon,2335,actions,158,244.206,0.64699,-6.401,0.002
category_name_masked,0,ヘビ・リュウ,Snake/Dragon,2335,strict_boundary_interface,930,622.532,1.4939,15.3745,0.002
category_name_masked,0,ユウレイ,Yurei,1641,hydrology,185,316.896,0.58379,-8.846,0.002
category_name_masked,0,ユウレイ,Yurei,1641,mobility,358,280.006,1.27854,5.0141,0.002
category_name_masked,0,ユウレイ,Yurei,1641,boundary,404,294.956,1.3697,7.4,0.002
category_name_masked,0,ユウレイ,Yurei,1641,livelihood,183,296.596,0.617,-7.2917,0.002
category_name_masked,0,ユウレイ,Yurei,1641,dwelling,455,399.65,1.1385,3.182,0.002
category_name_masked,0,ユウレイ,Yurei,1641,death_ritual,802,224.738,3.5686,45.1498,0.002
category_name_masked,0,ユウレイ,Yurei,1641,taboo_time_weather,356,345.522,1.03033,0.6444,0.2994
category_name_masked,0,ユウレイ,Yurei,1641,actors,469,431.528,1.08684,2.1435,0.02395
category_name_masked,0,ユウレイ,Yurei,1641,actions,415,213.106,1.94739,15.6585,0.002
category_name_masked,0,ユウレイ,Yurei,1641,strict_boundary_interface,556,430.818,1.29057,7.5329,0.002
category_name_masked,0,カッパ,Kappa,1412,hydrology,781,286.256,2.72833,33.6701,0.002
category_name_masked,0,カッパ,Kappa,1412,mobility,160,239.314,0.66858,-6.0791,0.002
category_name_masked,0,カッパ,Kappa,1412,boundary,162,233.676,0.69327,-5.5054,0.002
category_name_masked,0,カッパ,Kappa,1412,livelihood,398,270.562,1.47101,8.8229,0.002
category_name_masked,0,カッパ,Kappa,1412,dwelling,247,335.916,0.7353,-5.8496,0.002
category_name_masked,0,カッパ,Kappa,1412,death_ritual,107,182.908,0.58499,-6.5079,0.002
category_name_masked,0,カッパ,Kappa,1412,taboo_time_weather,182,296.018,0.61483,-7.5468,0.002
category_name_masked,0,カッパ,Kappa,1412,actors,410,377.882,1.08499,2.0691,0.02196
category_name_masked,0,カッパ,Kappa,1412,actions,127,156.334,0.81236,-2.7316,0.00599
category_name_masked,0,カッパ,Kappa,1412,strict_boundary_interface,460,370.044,1.2431,5.9614,0.002
category_name_masked,0,タヌキ,Tanuki,1268,hydrology,153,247.262,0.61878,-7.1143,0.002
category_name_masked,0,タヌキ,Tanuki,1268,mobility,294,218.154,1.34767,6.043,0.002
category_name_masked,0,タヌキ,Tanuki,1268,boundary,196,244.984,0.80005,-3.6426,0.002
category_name_masked,0,タヌキ,Tanuki,1268,livelihood,186,234.66,0.79264,-3.6861,0.002
category_name_masked,0,タヌキ,Tanuki,1268,dwelling,309,312.904,0.98752,-0.2573,0.3992
category_name_masked,0,タヌキ,Tanuki,1268,death_ritual,66,166.688,0.39595,-8.2279,0.002
category_name_masked,0,タヌキ,Tanuki,1268,taboo_time_weather,341,278.8,1.2231,4.059,0.002
category_name_masked,0,タヌキ,Tanuki,1268,actors,355,342.328,1.03702,0.8103,0.22156
category_name_masked,0,タヌキ,Tanuki,1268,actions,178,137.512,1.29443,3.8349,0.002
category_name_masked,0,タヌキ,Tanuki,1268,strict_boundary_interface,296,339.158,0.87275,-2.8015,0.002
category_name_masked,0,テング,Tengu,1224,hydrology,156,241.756,0.64528,-6.1518,0.002
category_name_masked,0,テング,Tengu,1224,mobility,135,197.028,0.68518,-5.0222,0.002
category_name_masked,0,テング,Tengu,1224,boundary,181,232.476,0.77857,-3.8202,0.002
category_name_masked,0,テング,Tengu,1224,livelihood,181,224.672,0.80562,-3.1952,0.002
category_name_masked,0,テング,Tengu,1224,dwelling,207,291.92,0.7091,-6.1656,0.002
category_name_masked,0,テング,Tengu,1224,death_ritual,35,156.056,0.22428,-10.3856,0.002
category_name_masked,0,テング,Tengu,1224,taboo_time_weather,266,261.246,1.0182,0.3227,0.38523
category_name_masked,0,テング,Tengu,1224,actors,307,324.978,0.94468,-1.2287,0.10978
category_name_masked,0,テング,Tengu,1224,actions,124,130.274,0.95184,-0.5923,0.30339
category_name_masked,0,テング,Tengu,1224,strict_boundary_interface,268,321.146,0.83451,-3.5424,0.002
category_name_masked,0,オニ,Oni,807,hydrology,127,159.81,0.79469,-3.0104,0.002
category_name_masked,0,オニ,Oni,807,mobility,195,135.32,1.44103,5.8286,0.002
category_name_masked,0,オニ,Oni,807,boundary,179,153.316,1.16752,2.4958,0.01597
category_name_masked,0,オニ,Oni,807,livelihood,172,155.446,1.10649,1.5423,0.05788
category_name_masked,0,オニ,Oni,807,dwelling,236,197.808,1.19308,3.1739,0.002
category_name_masked,0,オニ,Oni,807,death_ritual,86,104.896,0.81986,-2.0833,0.01597
category_name_masked,0,オニ,Oni,807,taboo_time_weather,172,174.216,0.98728,-0.2013,0.42515
category_name_masked,0,オニ,Oni,807,actors,239,219.43,1.08919,1.5637,0.06986
category_name_masked,0,オニ,Oni,807,actions,65,84.344,0.77065,-2.2445,0.00998
category_name_masked,0,オニ,Oni,807,strict_boundary_interface,250,216.294,1.15583,2.7967,0.00399
category_name_masked,0,ヤマノカミ,Yama-no-kami,722,hydrology,92,146.718,0.62705,-5.1322,0.002
category_name_masked,0,ヤマノカミ,Yama-no-kami,722,mobility,51,115.59,0.44121,-6.6515,0.002
category_name_masked,0,ヤマノカミ,Yama-no-kami,722,boundary,93,128.208,0.72538,-3.4025,0.002
category_name_masked,0,ヤマノカミ,Yama-no-kami,722,livelihood,213,141.046,1.51015,7.2192,0.002
category_name_masked,0,ヤマノカミ,Yama-no-kami,722,dwelling,121,173.96,0.69556,-4.6724,0.002
category_name_masked,0,ヤマノカミ,Yama-no-kami,722,death_ritual,19,89.42,0.21248,-7.5494,0.002
category_name_masked,0,ヤマノカミ,Yama-no-kami,722,taboo_time_weather,155,153.228,1.01156,0.1733,0.43713
category_name_masked,0,ヤマノカミ,Yama-no-kami,722,actors,205,195.626,1.04792,0.815,0.23752
category_name_masked,0,ヤマノカミ,Yama-no-kami,722,actions,35,73.744,0.47461,-4.9106,0.002
category_name_masked,0,ヤマノカミ,Yama-no-kami,722,strict_boundary_interface,155,187.432,0.82697,-3.0222,0.00399
category_name_masked,0,イヌガミ,Inugami,552,hydrology,39,105.046,0.37127,-7.6401,0.002
category_name_masked,0,イヌガミ,Inugami,552,mobility,112,91.96,1.21792,2.2648,0.01796
category_name_masked,0,イヌガミ,Inugami,552,boundary,64,99.556,0.64285,-4.1728,0.002
category_name_masked,0,イヌガミ,Inugami,552,livelihood,82,102.506,0.79995,-2.2737,0.01397
category_name_masked,0,イヌガミ,Inugami,552,dwelling,202,134.904,1.49736,6.4492,0.002
category_name_masked,0,イヌガミ,Inugami,552,death_ritual,47,72.308,0.65,-3.1751,0.002
category_name_masked,0,イヌガミ,Inugami,552,taboo_time_weather,97,117.554,0.82515,-2.2643,0.01198
category_name_masked,0,イヌガミ,Inugami,552,actors,111,144.552,0.76789,-3.3969,0.002
category_name_masked,0,イヌガミ,Inugami,552,actions,29,59.306,0.48899,-4.4711,0.002
category_name_masked,0,イヌガミ,Inugami,552,strict_boundary_interface,125,145.638,0.85829,-2.0505,0.01996
category_name_masked,0,ネコ,Neko,466,hydrology,52,94.434,0.55065,-5.0523,0.002
category_name_masked,0,ネコ,Neko,466,mobility,54,80.014,0.67488,-3.3617,0.00399
category_name_masked,0,ネコ,Neko,466,boundary,84,87.956,0.95502,-0.4726,0.33733
category_name_masked,0,ネコ,Neko,466,livelihood,52,94.346,0.55116,-5.0796,0.002
category_name_masked,0,ネコ,Neko,466,dwelling,137,120.552,1.13644,1.7446,0.0499
category_name_masked,0,ネコ,Neko,466,death_ritual,155,60.45,2.5641,13.5413,0.002
category_name_masked,0,ネコ,Neko,466,taboo_time_weather,117,101.93,1.14785,1.743,0.04192
category_name_masked,0,ネコ,Neko,466,actors,98,129.808,0.75496,-3.2119,0.002
category_name_masked,0,ネコ,Neko,466,actions,42,46.094,0.91118,-0.6166,0.28942
category_name_masked,0,ネコ,Neko,466,strict_boundary_interface,115,126.778,0.9071,-1.2562,0.11776
category_name_masked,0,ヒノタマ,Hitodama,249,hydrology,35,48.186,0.72635,-2.1847,0.02794
category_name_masked,0,ヒノタマ,Hitodama,249,mobility,34,42.792,0.79454,-1.494,0.08782
category_name_masked,0,ヒノタマ,Hitodama,249,boundary,58,44.868,1.29268,2.0788,0.02794
category_name_masked,0,ヒノタマ,Hitodama,249,livelihood,25,46.758,0.53467,-3.4065,0.00599
category_name_masked,0,ヒノタマ,Hitodama,249,dwelling,58,60.27,0.96234,-0.3417,0.39721
category_name_masked,0,ヒノタマ,Hitodama,249,death_ritual,52,33.97,1.53076,3.4061,0.002
category_name_masked,0,ヒノタマ,Hitodama,249,taboo_time_weather,80,52.666,1.51901,4.3077,0.002
category_name_masked,0,ヒノタマ,Hitodama,249,actors,37,66.53,0.55614,-4.2841,0.002
category_name_masked,0,ヒノタマ,Hitodama,249,actions,48,29.744,1.61377,3.8916,0.002
category_name_masked,0,ヒノタマ,Hitodama,249,strict_boundary_interface,66,66.298,0.99551,-0.0424,0.501
interface_broad,0,その他,Other,19084,hydrology,3497,3945.194,0.88639,-12.185,0.002
interface_broad,0,その他,Other,19084,mobility,3101,3242.3,0.95642,-4.3299,0.002
interface_broad,0,その他,Other,19084,boundary,3838,3539.21,1.08442,9.1159,0.002
interface_broad,0,その他,Other,19084,livelihood,3612,3703.852,0.9752,-2.6,0.00599
interface_broad,0,その他,Other,19084,dwelling,4873,4750.984,1.02568,3.0832,0.002
interface_broad,0,その他,Other,19084,death_ritual,2692,2831.992,0.95057,-4.5766,0.002
interface_broad,0,その他,Other,19084,taboo_time_weather,4061,4116.73,0.98646,-1.4957,0.07385
interface_broad,0,その他,Other,19084,actors,5044,5264.362,0.95814,-5.6763,0.002
interface_broad,0,その他,Other,19084,actions,2114,2043.16,1.03467,2.6265,0.01397
interface_broad,0,その他,Other,19084,strict_boundary_interface,7861,8276.644,0.94978,-8.9197,0.002
interface_broad,0,キツネ,Kitsune,3618,hydrology,447,777.896,0.57463,-14.8859,0.002
interface_broad,0,キツネ,Kitsune,3618,mobility,759,585.572,1.29617,8.2212,0.002
interface_broad,0,キツネ,Kitsune,3618,boundary,375,679.006,0.55228,-14.1962,0.002
interface_broad,0,キツネ,Kitsune,3618,livelihood,865,701.852,1.23245,7.3746,0.002
interface_broad,0,キツネ,Kitsune,3618,dwelling,871,911.546,0.95552,-1.729,0.05589
interface_broad,0,キツネ,Kitsune,3618,death_ritual,193,516.028,0.37401,-17.1699,0.002
interface_broad,0,キツネ,Kitsune,3618,taboo_time_weather,717,752.076,0.95336,-1.4936,0.07385
interface_broad,0,キツネ,Kitsune,3618,actors,878,966.81,0.90814,-3.5343,0.00399
interface_broad,0,キツネ,Kitsune,3618,actions,310,427.176,0.7257,-6.545,0.002
interface_broad,0,キツネ,Kitsune,3618,strict_boundary_interface,1338,1533.056,0.87277,-6.9375,0.002
interface_broad,0,ヘビ・リュウ,Snake/Dragon,2335,hydrology,1090,488.346,2.23202,32.0974,0.002
interface_broad,0,ヘビ・リュウ,Snake/Dragon,2335,mobility,359,383.95,0.93502,-1.4525,0.08583
interface_broad,0,ヘビ・リュウ,Snake/Dragon,2335,boundary,551,446.788,1.23325,5.7828,0.002
interface_broad,0,ヘビ・リュウ,Snake/Dragon,2335,livelihood,450,446.704,1.00738,0.1778,0.43912
interface_broad,0,ヘビ・リュウ,Snake/Dragon,2335,dwelling,548,573.586,0.95539,-1.2763,0.1018
interface_broad,0,ヘビ・リュウ,Snake/Dragon,2335,death_ritual,219,334.638,0.65444,-7.3029,0.002
interface_broad,0,ヘビ・リュウ,Snake/Dragon,2335,taboo_time_weather,609,503.014,1.2107,5.4966,0.002
interface_broad,0,ヘビ・リュウ,Snake/Dragon,2335,actors,949,638.166,1.48707,15.1005,0.002
interface_broad,0,ヘビ・リュウ,Snake/Dragon,2335,actions,158,244.206,0.64699,-6.401,0.002
interface_broad,0,ヘビ・リュウ,Snake/Dragon,2335,strict_boundary_interface,1428,1004.168,1.42207,18.6747,0.002
interface_broad,0,ユウレイ,Yurei,1641,hydrology,185,336.074,0.55047,-9.9842,0.002
interface_broad,0,ユウレイ,Yurei,1641,mobility,358,280.006,1.27854,5.0141,0.002
interface_broad,0,ユウレイ,Yurei,1641,boundary,404,294.956,1.3697,7.4,0.002
interface_broad,0,ユウレイ,Yurei,1641,livelihood,183,296.596,0.617,-7.2917,0.002
interface_broad,0,ユウレイ,Yurei,1641,dwelling,455,399.65,1.1385,3.182,0.002
interface_broad,0,ユウレイ,Yurei,1641,death_ritual,1233,264.858,4.65532,70.3474,0.002
interface_broad,0,ユウレイ,Yurei,1641,taboo_time_weather,356,345.522,1.03033,0.6444,0.2994
interface_broad,0,ユウレイ,Yurei,1641,actors,469,431.528,1.08684,2.1435,0.02395
interface_broad,0,ユウレイ,Yurei,1641,actions,415,213.106,1.94739,15.6585,0.002
interface_broad,0,ユウレイ,Yurei,1641,strict_boundary_interface,615,696.748,0.88267,-4.4059,0.002
interface_broad,0,カッパ,Kappa,1412,hydrology,1101,326.51,3.37203,52.7422,0.002
interface_broad,0,カッパ,Kappa,1412,mobility,160,239.314,0.66858,-6.0791,0.002
interface_broad,0,カッパ,Kappa,1412,boundary,162,233.676,0.69327,-5.5054,0.002
interface_broad,0,カッパ,Kappa,1412,livelihood,398,270.562,1.47101,8.8229,0.002
interface_broad,0,カッパ,Kappa,1412,dwelling,247,335.916,0.7353,-5.8496,0.002
interface_broad,0,カッパ,Kappa,1412,death_ritual,109,208.17,0.52361,-7.9014,0.002
interface_broad,0,カッパ,Kappa,1412,taboo_time_weather,182,296.018,0.61483,-7.5468,0.002
interface_broad,0,カッパ,Kappa,1412,actors,410,377.882,1.08499,2.0691,0.02196
interface_broad,0,カッパ,Kappa,1412,actions,127,156.334,0.81236,-2.7316,0.00599
interface_broad,0,カッパ,Kappa,1412,strict_boundary_interface,850,620.228,1.37046,13.0329,0.002
interface_broad,0,タヌキ,Tanuki,1268,hydrology,153,257.336,0.59455,-7.6588,0.002
interface_broad,0,タヌキ,Tanuki,1268,mobility,294,218.154,1.34767,6.043,0.002
interface_broad,0,タヌキ,Tanuki,1268,boundary,196,244.984,0.80005,-3.6426,0.002
interface_broad,0,タヌキ,Tanuki,1268,livelihood,186,234.66,0.79264,-3.6861,0.002
interface_broad,0,タヌキ,Tanuki,1268,dwelling,309,312.904,0.98752,-0.2573,0.3992
interface_broad,0,タヌキ,Tanuki,1268,death_ritual,73,186.262,0.39192,-8.759,0.002
interface_broad,0,タヌキ,Tanuki,1268,taboo_time_weather,341,278.8,1.2231,4.059,0.002
interface_broad,0,タヌキ,Tanuki,1268,actors,355,342.328,1.03702,0.8103,0.22156
interface_broad,0,タヌキ,Tanuki,1268,actions,178,137.512,1.29443,3.8349,0.002
interface_broad,0,タヌキ,Tanuki,1268,strict_boundary_interface,512,546.592,0.93671,-1.9156,0.02794
interface_broad,0,テング,Tengu,1224,hydrology,157,252.664,0.62138,-6.8686,0.002
interface_broad,0,テング,Tengu,1224,mobility,135,197.028,0.68518,-5.0222,0.002
interface_broad,0,テング,Tengu,1224,boundary,181,232.476,0.77857,-3.8202,0.002
interface_broad,0,テング,Tengu,1224,livelihood,181,224.672,0.80562,-3.1952,0.002
interface_broad,0,テング,Tengu,1224,dwelling,207,291.92,0.7091,-6.1656,0.002
interface_broad,0,テング,Tengu,1224,death_ritual,35,172.834,0.20251,-11.5496,0.002
interface_broad,0,テング,Tengu,1224,taboo_time_weather,266,261.246,1.0182,0.3227,0.38523
interface_broad,0,テング,Tengu,1224,actors,307,324.978,0.94468,-1.2287,0.10978
interface_broad,0,テング,Tengu,1224,actions,124,130.274,0.95184,-0.5923,0.30339
interface_broad,0,テング,Tengu,1224,strict_boundary_interface,542,512.166,1.05825,1.7619,0.04192
interface_broad,0,オニ,Oni,807,hydrology,127,168.486,0.75377,-3.6905,0.002
interface_broad,0,オニ,Oni,807,mobility,195,135.32,1.44103,5.8286,0.002
interface_broad,0,オニ,Oni,807,boundary,179,153.316,1.16752,2.4958,0.01597
interface_broad,0,オニ,Oni,807,livelihood,172,155.446,1.10649,1.5423,0.05788
interface_broad,0,オニ,Oni,807,dwelling,236,197.808,1.19308,3.1739,0.002
interface_broad,0,オニ,Oni,807,death_ritual,87,117.468,0.74063,-3.112,0.00399
interface_broad,0,オニ,Oni,807,taboo_time_weather,172,174.216,0.98728,-0.2013,0.42515
interface_broad,0,オニ,Oni,807,actors,239,219.43,1.08919,1.5637,0.06986
interface_broad,0,オニ,Oni,807,actions,65,84.344,0.77065,-2.2445,0.00998
interface_broad,0,オニ,Oni,807,strict_boundary_interface,355,348.314,1.0192,0.4658,0.3493
interface_broad,0,ヤマノカミ,Yama-no-kami,722,hydrology,93,160.33,0.58005,-6.0944,0.002
interface_broad,0,ヤマノカミ,Yama-no-kami,722,mobility,51,115.59,0.44121,-6.6515,0.002
interface_broad,0,ヤマノカミ,Yama-no-kami,722,boundary,93,128.208,0.72538,-3.4025,0.002
interface_broad,0,ヤマノカミ,Yama-no-kami,722,livelihood,213,141.046,1.51015,7.2192,0.002
interface_broad,0,ヤマノカミ,Yama-no-kami,722,dwelling,121,173.96,0.69556,-4.6724,0.002
interface_broad,0,ヤマノカミ,Yama-no-kami,722,death_ritual,20,98.954,0.20211,-8.2616,0.002
interface_broad,0,ヤマノカミ,Yama-no-kami,722,taboo_time_weather,155,153.228,1.01156,0.1733,0.43713
interface_broad,0,ヤマノカミ,Yama-no-kami,722,actors,205,195.626,1.04792,0.815,0.23752
interface_broad,0,ヤマノカミ,Yama-no-kami,722,actions,35,73.744,0.47461,-4.9106,0.002
interface_broad,0,ヤマノカミ,Yama-no-kami,722,strict_boundary_interface,437,309.712,1.41099,9.8967,0.002
interface_broad,0,イヌガミ,Inugami,552,hydrology,39,111.472,0.34986,-8.2775,0.002
interface_broad,0,イヌガミ,Inugami,552,mobility,112,91.96,1.21792,2.2648,0.01796
interface_broad,0,イヌガミ,Inugami,552,boundary,64,99.556,0.64285,-4.1728,0.002
interface_broad,0,イヌガミ,Inugami,552,livelihood,82,102.506,0.79995,-2.2737,0.01397
interface_broad,0,イヌガミ,Inugami,552,dwelling,202,134.904,1.49736,6.4492,0.002
interface_broad,0,イヌガミ,Inugami,552,death_ritual,47,80.322,0.58514,-4.1033,0.002
interface_broad,0,イヌガミ,Inugami,552,taboo_time_weather,97,117.554,0.82515,-2.2643,0.01198
interface_broad,0,イヌガミ,Inugami,552,actors,111,144.552,0.76789,-3.3969,0.002
interface_broad,0,イヌガミ,Inugami,552,actions,29,59.306,0.48899,-4.4711,0.002
interface_broad,0,イヌガミ,Inugami,552,strict_boundary_interface,221,239.176,0.92401,-1.6281,0.06188
interface_broad,0,ネコ,Neko,466,hydrology,52,99.984,0.52008,-5.6126,0.002
interface_broad,0,ネコ,Neko,466,mobility,54,80.014,0.67488,-3.3617,0.00399
interface_broad,0,ネコ,Neko,466,boundary,84,87.956,0.95502,-0.4726,0.33733
interface_broad,0,ネコ,Neko,466,livelihood,52,94.346,0.55116,-5.0796,0.002
interface_broad,0,ネコ,Neko,466,dwelling,137,120.552,1.13644,1.7446,0.0499
interface_broad,0,ネコ,Neko,466,death_ritual,156,66.35,2.35117,12.3026,0.002
interface_broad,0,ネコ,Neko,466,taboo_time_weather,117,101.93,1.14785,1.743,0.04192
interface_broad,0,ネコ,Neko,466,actors,98,129.808,0.75496,-3.2119,0.002
interface_broad,0,ネコ,Neko,466,actions,42,46.094,0.91118,-0.6166,0.28942
interface_broad,0,ネコ,Neko,466,strict_boundary_interface,144,201.902,0.71322,-5.3601,0.002
interface_broad,0,ヒノタマ,Hitodama,249,hydrology,35,51.708,0.67688,-2.7238,0.00399
interface_broad,0,ヒノタマ,Hitodama,249,mobility,34,42.792,0.79454,-1.494,0.08782
interface_broad,0,ヒノタマ,Hitodama,249,boundary,58,44.868,1.29268,2.0788,0.02794
interface_broad,0,ヒノタマ,Hitodama,249,livelihood,25,46.758,0.53467,-3.4065,0.00599
interface_broad,0,ヒノタマ,Hitodama,249,dwelling,58,60.27,0.96234,-0.3417,0.39721
interface_broad,0,ヒノタマ,Hitodama,249,death_ritual,53,39.124,1.35467,2.4846,0.00798
interface_broad,0,ヒノタマ,Hitodama,249,taboo_time_weather,80,52.666,1.51901,4.3077,0.002
interface_broad,0,ヒノタマ,Hitodama,249,actors,37,66.53,0.55614,-4.2841,0.002
interface_broad,0,ヒノタマ,Hitodama,249,actions,48,29.744,1.61377,3.8916,0.002
interface_broad,0,ヒノタマ,Hitodama,249,strict_boundary_interface,93,107.294,0.86678,-1.8336,0.0479
interface_strict,0,その他,Other,19084,hydrology,3497,3945.194,0.88639,-12.185,0.002
interface_strict,0,その他,Other,19084,mobility,3101,3242.3,0.95642,-4.3299,0.002
interface_strict,0,その他,Other,19084,boundary,3838,3539.21,1.08442,9.1159,0.002
interface_strict,0,その他,Other,19084,livelihood,3612,3703.852,0.9752,-2.6,0.00599
interface_strict,0,その他,Other,19084,dwelling,4873,4750.984,1.02568,3.0832,0.002
interface_strict,0,その他,Other,19084,death_ritual,2692,2831.992,0.95057,-4.5766,0.002
interface_strict,0,その他,Other,19084,taboo_time_weather,4061,4116.73,0.98646,-1.4957,0.07385
interface_strict,0,その他,Other,19084,actors,5044,5264.362,0.95814,-5.6763,0.002
interface_strict,0,その他,Other,19084,actions,2114,2043.16,1.03467,2.6265,0.01397
interface_strict,0,その他,Other,19084,strict_boundary_interface,4942,5184.072,0.9533,-5.9578,0.002
interface_strict,0,キツネ,Kitsune,3618,hydrology,447,777.896,0.57463,-14.8859,0.002
interface_strict,0,キツネ,Kitsune,3618,mobility,759,585.572,1.29617,8.2212,0.002
interface_strict,0,キツネ,Kitsune,3618,boundary,375,679.006,0.55228,-14.1962,0.002
interface_strict,0,キツネ,Kitsune,3618,livelihood,865,701.852,1.23245,7.3746,0.002
interface_strict,0,キツネ,Kitsune,3618,dwelling,871,911.546,0.95552,-1.729,0.05589
interface_strict,0,キツネ,Kitsune,3618,death_ritual,193,516.028,0.37401,-17.1699,0.002
interface_strict,0,キツネ,Kitsune,3618,taboo_time_weather,717,752.076,0.95336,-1.4936,0.07385
interface_strict,0,キツネ,Kitsune,3618,actors,878,966.81,0.90814,-3.5343,0.00399
interface_strict,0,キツネ,Kitsune,3618,actions,310,427.176,0.7257,-6.545,0.002
interface_strict,0,キツネ,Kitsune,3618,strict_boundary_interface,737,978.496,0.7532,-9.9216,0.002
interface_strict,0,ヘビ・リュウ,Snake/Dragon,2335,hydrology,1090,488.346,2.23202,32.0974,0.002
interface_strict,0,ヘビ・リュウ,Snake/Dragon,2335,mobility,359,383.95,0.93502,-1.4525,0.08583
interface_strict,0,ヘビ・リュウ,Snake/Dragon,2335,boundary,551,446.788,1.23325,5.7828,0.002
interface_strict,0,ヘビ・リュウ,Snake/Dragon,2335,livelihood,450,446.704,1.00738,0.1778,0.43912
interface_strict,0,ヘビ・リュウ,Snake/Dragon,2335,dwelling,548,573.586,0.95539,-1.2763,0.1018
interface_strict,0,ヘビ・リュウ,Snake/Dragon,2335,death_ritual,219,334.638,0.65444,-7.3029,0.002
interface_strict,0,ヘビ・リュウ,Snake/Dragon,2335,taboo_time_weather,609,503.014,1.2107,5.4966,0.002
interface_strict,0,ヘビ・リュウ,Snake/Dragon,2335,actors,949,638.166,1.48707,15.1005,0.002
interface_strict,0,ヘビ・リュウ,Snake/Dragon,2335,actions,158,244.206,0.64699,-6.401,0.002
interface_strict,0,ヘビ・リュウ,Snake/Dragon,2335,strict_boundary_interface,930,632.58,1.47017,14.9051,0.002
interface_strict,0,ユウレイ,Yurei,1641,hydrology,185,336.074,0.55047,-9.9842,0.002
interface_strict,0,ユウレイ,Yurei,1641,mobility,358,280.006,1.27854,5.0141,0.002
interface_strict,0,ユウレイ,Yurei,1641,boundary,404,294.956,1.3697,7.4,0.002
interface_strict,0,ユウレイ,Yurei,1641,livelihood,183,296.596,0.617,-7.2917,0.002
interface_strict,0,ユウレイ,Yurei,1641,dwelling,455,399.65,1.1385,3.182,0.002
interface_strict,0,ユウレイ,Yurei,1641,death_ritual,1233,264.858,4.65532,70.3474,0.002
interface_strict,0,ユウレイ,Yurei,1641,taboo_time_weather,356,345.522,1.03033,0.6444,0.2994
interface_strict,0,ユウレイ,Yurei,1641,actors,469,431.528,1.08684,2.1435,0.02395
interface_strict,0,ユウレイ,Yurei,1641,actions,415,213.106,1.94739,15.6585,0.002
interface_strict,0,ユウレイ,Yurei,1641,strict_boundary_interface,571,439.638,1.2988,7.764,0.002
interface_strict,0,カッパ,Kappa,1412,hydrology,1101,326.51,3.37203,52.7422,0.002
interface_strict,0,カッパ,Kappa,1412,mobility,160,239.314,0.66858,-6.0791,0.002
interface_strict,0,カッパ,Kappa,1412,boundary,162,233.676,0.69327,-5.5054,0.002
interface_strict,0,カッパ,Kappa,1412,livelihood,398,270.562,1.47101,8.8229,0.002
interface_strict,0,カッパ,Kappa,1412,dwelling,247,335.916,0.7353,-5.8496,0.002
interface_strict,0,カッパ,Kappa,1412,death_ritual,109,208.17,0.52361,-7.9014,0.002
interface_strict,0,カッパ,Kappa,1412,taboo_time_weather,182,296.018,0.61483,-7.5468,0.002
interface_strict,0,カッパ,Kappa,1412,actors,410,377.882,1.08499,2.0691,0.02196
interface_strict,0,カッパ,Kappa,1412,actions,127,156.334,0.81236,-2.7316,0.00599
interface_strict,0,カッパ,Kappa,1412,strict_boundary_interface,591,385.258,1.53404,13.6089,0.002
interface_strict,0,タヌキ,Tanuki,1268,hydrology,153,257.336,0.59455,-7.6588,0.002
interface_strict,0,タヌキ,Tanuki,1268,mobility,294,218.154,1.34767,6.043,0.002
interface_strict,0,タヌキ,Tanuki,1268,boundary,196,244.984,0.80005,-3.6426,0.002
interface_strict,0,タヌキ,Tanuki,1268,livelihood,186,234.66,0.79264,-3.6861,0.002
interface_strict,0,タヌキ,Tanuki,1268,dwelling,309,312.904,0.98752,-0.2573,0.3992
interface_strict,0,タヌキ,Tanuki,1268,death_ritual,73,186.262,0.39192,-8.759,0.002
interface_strict,0,タヌキ,Tanuki,1268,taboo_time_weather,341,278.8,1.2231,4.059,0.002
interface_strict,0,タヌキ,Tanuki,1268,actors,355,342.328,1.03702,0.8103,0.22156
interface_strict,0,タヌキ,Tanuki,1268,actions,178,137.512,1.29443,3.8349,0.002
interface_strict,0,タヌキ,Tanuki,1268,strict_boundary_interface,296,343.832,0.86089,-3.0583,0.002
interface_strict,0,テング,Tengu,1224,hydrology,157,252.664,0.62138,-6.8686,0.002
interface_strict,0,テング,Tengu,1224,mobility,135,197.028,0.68518,-5.0222,0.002
interface_strict,0,テング,Tengu,1224,boundary,181,232.476,0.77857,-3.8202,0.002
interface_strict,0,テング,Tengu,1224,livelihood,181,224.672,0.80562,-3.1952,0.002
interface_strict,0,テング,Tengu,1224,dwelling,207,291.92,0.7091,-6.1656,0.002
interface_strict,0,テング,Tengu,1224,death_ritual,35,172.834,0.20251,-11.5496,0.002
interface_strict,0,テング,Tengu,1224,taboo_time_weather,266,261.246,1.0182,0.3227,0.38523
interface_strict,0,テング,Tengu,1224,actors,307,324.978,0.94468,-1.2287,0.10978
interface_strict,0,テング,Tengu,1224,actions,124,130.274,0.95184,-0.5923,0.30339
interface_strict,0,テング,Tengu,1224,strict_boundary_interface,269,325.75,0.82579,-3.7061,0.002
interface_strict,0,オニ,Oni,807,hydrology,127,168.486,0.75377,-3.6905,0.002
interface_strict,0,オニ,Oni,807,mobility,195,135.32,1.44103,5.8286,0.002
interface_strict,0,オニ,Oni,807,boundary,179,153.316,1.16752,2.4958,0.01597
interface_strict,0,オニ,Oni,807,livelihood,172,155.446,1.10649,1.5423,0.05788
interface_strict,0,オニ,Oni,807,dwelling,236,197.808,1.19308,3.1739,0.002
interface_strict,0,オニ,Oni,807,death_ritual,87,117.468,0.74063,-3.112,0.00399
interface_strict,0,オニ,Oni,807,taboo_time_weather,172,174.216,0.98728,-0.2013,0.42515
interface_strict,0,オニ,Oni,807,actors,239,219.43,1.08919,1.5637,0.06986
interface_strict,0,オニ,Oni,807,actions,65,84.344,0.77065,-2.2445,0.00998
interface_strict,0,オニ,Oni,807,strict_boundary_interface,250,220.054,1.13608,2.4553,0.01397
interface_strict,0,ヤマノカミ,Yama-no-kami,722,hydrology,93,160.33,0.58005,-6.0944,0.002
interface_strict,0,ヤマノカミ,Yama-no-kami,722,mobility,51,115.59,0.44121,-6.6515,0.002
interface_strict,0,ヤマノカミ,Yama-no-kami,722,boundary,93,128.208,0.72538,-3.4025,0.002
interface_strict,0,ヤマノカミ,Yama-no-kami,722,livelihood,213,141.046,1.51015,7.2192,0.002
interface_strict,0,ヤマノカミ,Yama-no-kami,722,dwelling,121,173.96,0.69556,-4.6724,0.002
interface_strict,0,ヤマノカミ,Yama-no-kami,722,death_ritual,20,98.954,0.20211,-8.2616,0.002
interface_strict,0,ヤマノカミ,Yama-no-kami,722,taboo_time_weather,155,153.228,1.01156,0.1733,0.43713
interface_strict,0,ヤマノカミ,Yama-no-kami,722,actors,205,195.626,1.04792,0.815,0.23752
interface_strict,0,ヤマノカミ,Yama-no-kami,722,actions,35,73.744,0.47461,-4.9106,0.002
interface_strict,0,ヤマノカミ,Yama-no-kami,722,strict_boundary_interface,155,192.358,0.80579,-3.4488,0.00399
interface_strict,0,イヌガミ,Inugami,552,hydrology,39,111.472,0.34986,-8.2775,0.002
interface_strict,0,イヌガミ,Inugami,552,mobility,112,91.96,1.21792,2.2648,0.01796
interface_strict,0,イヌガミ,Inugami,552,boundary,64,99.556,0.64285,-4.1728,0.002
interface_strict,0,イヌガミ,Inugami,552,livelihood,82,102.506,0.79995,-2.2737,0.01397
interface_strict,0,イヌガミ,Inugami,552,dwelling,202,134.904,1.49736,6.4492,0.002
interface_strict,0,イヌガミ,Inugami,552,death_ritual,47,80.322,0.58514,-4.1033,0.002
interface_strict,0,イヌガミ,Inugami,552,taboo_time_weather,97,117.554,0.82515,-2.2643,0.01198
interface_strict,0,イヌガミ,Inugami,552,actors,111,144.552,0.76789,-3.3969,0.002
interface_strict,0,イヌガミ,Inugami,552,actions,29,59.306,0.48899,-4.4711,0.002
interface_strict,0,イヌガミ,Inugami,552,strict_boundary_interface,125,148.128,0.84386,-2.2696,0.01198
interface_strict,0,ネコ,Neko,466,hydrology,52,99.984,0.52008,-5.6126,0.002
interface_strict,0,ネコ,Neko,466,mobility,54,80.014,0.67488,-3.3617,0.00399
interface_strict,0,ネコ,Neko,466,boundary,84,87.956,0.95502,-0.4726,0.33733
interface_strict,0,ネコ,Neko,466,livelihood,52,94.346,0.55116,-5.0796,0.002
interface_strict,0,ネコ,Neko,466,dwelling,137,120.552,1.13644,1.7446,0.0499
interface_strict,0,ネコ,Neko,466,death_ritual,156,66.35,2.35117,12.3026,0.002
interface_strict,0,ネコ,Neko,466,taboo_time_weather,117,101.93,1.14785,1.743,0.04192
interface_strict,0,ネコ,Neko,466,actors,98,129.808,0.75496,-3.2119,0.002
interface_strict,0,ネコ,Neko,466,actions,42,46.094,0.91118,-0.6166,0.28942
interface_strict,0,ネコ,Neko,466,strict_boundary_interface,115,129.098,0.8908,-1.4951,0.07784
interface_strict,0,ヒノタマ,Hitodama,249,hydrology,35,51.708,0.67688,-2.7238,0.00399
interface_strict,0,ヒノタマ,Hitodama,249,mobility,34,42.792,0.79454,-1.494,0.08782
interface_strict,0,ヒノタマ,Hitodama,249,boundary,58,44.868,1.29268,2.0788,0.02794
interface_strict,0,ヒノタマ,Hitodama,249,livelihood,25,46.758,0.53467,-3.4065,0.00599
interface_strict,0,ヒノタマ,Hitodama,249,dwelling,58,60.27,0.96234,-0.3417,0.39721
interface_strict,0,ヒノタマ,Hitodama,249,death_ritual,53,39.124,1.35467,2.4846,0.00798
interface_strict,0,ヒノタマ,Hitodama,249,taboo_time_weather,80,52.666,1.51901,4.3077,0.002
interface_strict,0,ヒノタマ,Hitodama,249,actors,37,66.53,0.55614,-4.2841,0.002
interface_strict,0,ヒノタマ,Hitodama,249,actions,48,29.744,1.61377,3.8916,0.002
interface_strict,0,ヒノタマ,Hitodama,249,strict_boundary_interface,66,67.736,0.97437,-0.2461,0.42116
interface_conservative,0,その他,Other,19084,hydrology,3497,3945.194,0.88639,-12.185,0.002
interface_conservative,0,その他,Other,19084,mobility,3101,3242.3,0.95642,-4.3299,0.002
interface_conservative,0,その他,Other,19084,boundary,3838,3539.21,1.08442,9.1159,0.002
interface_conservative,0,その他,Other,19084,livelihood,3612,3703.852,0.9752,-2.6,0.00599
interface_conservative,0,その他,Other,19084,dwelling,4873,4750.984,1.02568,3.0832,0.002
interface_conservative,0,その他,Other,19084,death_ritual,2692,2831.992,0.95057,-4.5766,0.002
interface_conservative,0,その他,Other,19084,taboo_time_weather,4061,4116.73,0.98646,-1.4957,0.07385
interface_conservative,0,その他,Other,19084,actors,5044,5264.362,0.95814,-5.6763,0.002
interface_conservative,0,その他,Other,19084,actions,2114,2043.16,1.03467,2.6265,0.01397
interface_conservative,0,その他,Other,19084,strict_boundary_interface,4562,4772.836,0.95583,-5.3613,0.002
interface_conservative,0,キツネ,Kitsune,3618,hydrology,447,777.896,0.57463,-14.8859,0.002
interface_conservative,0,キツネ,Kitsune,3618,mobility,759,585.572,1.29617,8.2212,0.002
interface_conservative,0,キツネ,Kitsune,3618,boundary,375,679.006,0.55228,-14.1962,0.002
interface_conservative,0,キツネ,Kitsune,3618,livelihood,865,701.852,1.23245,7.3746,0.002
interface_conservative,0,キツネ,Kitsune,3618,dwelling,871,911.546,0.95552,-1.729,0.05589
interface_conservative,0,キツネ,Kitsune,3618,death_ritual,193,516.028,0.37401,-17.1699,0.002
interface_conservative,0,キツネ,Kitsune,3618,taboo_time_weather,717,752.076,0.95336,-1.4936,0.07385
interface_conservative,0,キツネ,Kitsune,3618,actors,878,966.81,0.90814,-3.5343,0.00399
interface_conservative,0,キツネ,Kitsune,3618,actions,310,427.176,0.7257,-6.545,0.002
interface_conservative,0,キツネ,Kitsune,3618,strict_boundary_interface,699,896.474,0.77972,-8.4257,0.002
interface_conservative,0,ヘビ・リュウ,Snake/Dragon,2335,hydrology,1090,488.346,2.23202,32.0974,0.002
interface_conservative,0,ヘビ・リュウ,Snake/Dragon,2335,mobility,359,383.95,0.93502,-1.4525,0.08583
interface_conservative,0,ヘビ・リュウ,Snake/Dragon,2335,boundary,551,446.788,1.23325,5.7828,0.002
interface_conservative,0,ヘビ・リュウ,Snake/Dragon,2335,livelihood,450,446.704,1.00738,0.1778,0.43912
interface_conservative,0,ヘビ・リュウ,Snake/Dragon,2335,dwelling,548,573.586,0.95539,-1.2763,0.1018
interface_conservative,0,ヘビ・リュウ,Snake/Dragon,2335,death_ritual,219,334.638,0.65444,-7.3029,0.002
interface_conservative,0,ヘビ・リュウ,Snake/Dragon,2335,taboo_time_weather,609,503.014,1.2107,5.4966,0.002
interface_conservative,0,ヘビ・リュウ,Snake/Dragon,2335,actors,949,638.166,1.48707,15.1005,0.002
interface_conservative,0,ヘビ・リュウ,Snake/Dragon,2335,actions,158,244.206,0.64699,-6.401,0.002
interface_conservative,0,ヘビ・リュウ,Snake/Dragon,2335,strict_boundary_interface,773,580.818,1.33088,9.7911,0.002
interface_conservative,0,ユウレイ,Yurei,1641,hydrology,185,336.074,0.55047,-9.9842,0.002
interface_conservative,0,ユウレイ,Yurei,1641,mobility,358,280.006,1.27854,5.0141,0.002
interface_conservative,0,ユウレイ,Yurei,1641,boundary,404,294.956,1.3697,7.4,0.002
interface_conservative,0,ユウレイ,Yurei,1641,livelihood,183,296.596,0.617,-7.2917,0.002
interface_conservative,0,ユウレイ,Yurei,1641,dwelling,455,399.65,1.1385,3.182,0.002
interface_conservative,0,ユウレイ,Yurei,1641,death_ritual,1233,264.858,4.65532,70.3474,0.002
interface_conservative,0,ユウレイ,Yurei,1641,taboo_time_weather,356,345.522,1.03033,0.6444,0.2994
interface_conservative,0,ユウレイ,Yurei,1641,actors,469,431.528,1.08684,2.1435,0.02395
interface_conservative,0,ユウレイ,Yurei,1641,actions,415,213.106,1.94739,15.6585,0.002
interface_conservative,0,ユウレイ,Yurei,1641,strict_boundary_interface,551,403.294,1.36625,8.89,0.002
interface_conservative,0,カッパ,Kappa,1412,hydrology,1101,326.51,3.37203,52.7422,0.002
interface_conservative,0,カッパ,Kappa,1412,mobility,160,239.314,0.66858,-6.0791,0.002
interface_conservative,0,カッパ,Kappa,1412,boundary,162,233.676,0.69327,-5.5054,0.002
interface_conservative,0,カッパ,Kappa,1412,livelihood,398,270.562,1.47101,8.8229,0.002
interface_conservative,0,カッパ,Kappa,1412,dwelling,247,335.916,0.7353,-5.8496,0.002
interface_conservative,0,カッパ,Kappa,1412,death_ritual,109,208.17,0.52361,-7.9014,0.002
interface_conservative,0,カッパ,Kappa,1412,taboo_time_weather,182,296.018,0.61483,-7.5468,0.002
interface_conservative,0,カッパ,Kappa,1412,actors,410,377.882,1.08499,2.0691,0.02196
interface_conservative,0,カッパ,Kappa,1412,actions,127,156.334,0.81236,-2.7316,0.00599
interface_conservative,0,カッパ,Kappa,1412,strict_boundary_interface,521,350.396,1.48689,12.0844,0.002
interface_conservative,0,タヌキ,Tanuki,1268,hydrology,153,257.336,0.59455,-7.6588,0.002
interface_conservative,0,タヌキ,Tanuki,1268,mobility,294,218.154,1.34767,6.043,0.002
interface_conservative,0,タヌキ,Tanuki,1268,boundary,196,244.984,0.80005,-3.6426,0.002
interface_conservative,0,タヌキ,Tanuki,1268,livelihood,186,234.66,0.79264,-3.6861,0.002
interface_conservative,0,タヌキ,Tanuki,1268,dwelling,309,312.904,0.98752,-0.2573,0.3992
interface_conservative,0,タヌキ,Tanuki,1268,death_ritual,73,186.262,0.39192,-8.759,0.002
interface_conservative,0,タヌキ,Tanuki,1268,taboo_time_weather,341,278.8,1.2231,4.059,0.002
interface_conservative,0,タヌキ,Tanuki,1268,actors,355,342.328,1.03702,0.8103,0.22156
interface_conservative,0,タヌキ,Tanuki,1268,actions,178,137.512,1.29443,3.8349,0.002
interface_conservative,0,タヌキ,Tanuki,1268,strict_boundary_interface,284,317.258,0.89517,-2.2631,0.01198
interface_conservative,0,テング,Tengu,1224,hydrology,157,252.664,0.62138,-6.8686,0.002
interface_conservative,0,テング,Tengu,1224,mobility,135,197.028,0.68518,-5.0222,0.002
interface_conservative,0,テング,Tengu,1224,boundary,181,232.476,0.77857,-3.8202,0.002
interface_conservative,0,テング,Tengu,1224,livelihood,181,224.672,0.80562,-3.1952,0.002
interface_conservative,0,テング,Tengu,1224,dwelling,207,291.92,0.7091,-6.1656,0.002
interface_conservative,0,テング,Tengu,1224,death_ritual,35,172.834,0.20251,-11.5496,0.002
interface_conservative,0,テング,Tengu,1224,taboo_time_weather,266,261.246,1.0182,0.3227,0.38523
interface_conservative,0,テング,Tengu,1224,actors,307,324.978,0.94468,-1.2287,0.10978
interface_conservative,0,テング,Tengu,1224,actions,124,130.274,0.95184,-0.5923,0.30339
interface_conservative,0,テング,Tengu,1224,strict_boundary_interface,243,298.744,0.81341,-3.7801,0.002
interface_conservative,0,オニ,Oni,807,hydrology,127,168.486,0.75377,-3.6905,0.002
interface_conservative,0,オニ,Oni,807,mobility,195,135.32,1.44103,5.8286,0.002
interface_conservative,0,オニ,Oni,807,boundary,179,153.316,1.16752,2.4958,0.01597
interface_conservative,0,オニ,Oni,807,livelihood,172,155.446,1.10649,1.5423,0.05788
interface_conservative,0,オニ,Oni,807,dwelling,236,197.808,1.19308,3.1739,0.002
interface_conservative,0,オニ,Oni,807,death_ritual,87,117.468,0.74063,-3.112,0.00399
interface_conservative,0,オニ,Oni,807,taboo_time_weather,172,174.216,0.98728,-0.2013,0.42515
interface_conservative,0,オニ,Oni,807,actors,239,219.43,1.08919,1.5637,0.06986
interface_conservative,0,オニ,Oni,807,actions,65,84.344,0.77065,-2.2445,0.00998
interface_conservative,0,オニ,Oni,807,strict_boundary_interface,244,202.186,1.20681,3.5634,0.002
interface_conservative,0,ヤマノカミ,Yama-no-kami,722,hydrology,93,160.33,0.58005,-6.0944,0.002
interface_conservative,0,ヤマノカミ,Yama-no-kami,722,mobility,51,115.59,0.44121,-6.6515,0.002
interface_conservative,0,ヤマノカミ,Yama-no-kami,722,boundary,93,128.208,0.72538,-3.4025,0.002
interface_conservative,0,ヤマノカミ,Yama-no-kami,722,livelihood,213,141.046,1.51015,7.2192,0.002
interface_conservative,0,ヤマノカミ,Yama-no-kami,722,dwelling,121,173.96,0.69556,-4.6724,0.002
interface_conservative,0,ヤマノカミ,Yama-no-kami,722,death_ritual,20,98.954,0.20211,-8.2616,0.002
interface_conservative,0,ヤマノカミ,Yama-no-kami,722,taboo_time_weather,155,153.228,1.01156,0.1733,0.43713
interface_conservative,0,ヤマノカミ,Yama-no-kami,722,actors,205,195.626,1.04792,0.815,0.23752
interface_conservative,0,ヤマノカミ,Yama-no-kami,722,actions,35,73.744,0.47461,-4.9106,0.002
interface_conservative,0,ヤマノカミ,Yama-no-kami,722,strict_boundary_interface,148,175.734,0.84218,-2.57,0.00399
interface_conservative,0,イヌガミ,Inugami,552,hydrology,39,111.472,0.34986,-8.2775,0.002
interface_conservative,0,イヌガミ,Inugami,552,mobility,112,91.96,1.21792,2.2648,0.01796
interface_conservative,0,イヌガミ,Inugami,552,boundary,64,99.556,0.64285,-4.1728,0.002
interface_conservative,0,イヌガミ,Inugami,552,livelihood,82,102.506,0.79995,-2.2737,0.01397
interface_conservative,0,イヌガミ,Inugami,552,dwelling,202,134.904,1.49736,6.4492,0.002
interface_conservative,0,イヌガミ,Inugami,552,death_ritual,47,80.322,0.58514,-4.1033,0.002
interface_conservative,0,イヌガミ,Inugami,552,taboo_time_weather,97,117.554,0.82515,-2.2643,0.01198
interface_conservative,0,イヌガミ,Inugami,552,actors,111,144.552,0.76789,-3.3969,0.002
interface_conservative,0,イヌガミ,Inugami,552,actions,29,59.306,0.48899,-4.4711,0.002
interface_conservative,0,イヌガミ,Inugami,552,strict_boundary_interface,124,136.858,0.90605,-1.3198,0.0978
interface_conservative,0,ネコ,Neko,466,hydrology,52,99.984,0.52008,-5.6126,0.002
interface_conservative,0,ネコ,Neko,466,mobility,54,80.014,0.67488,-3.3617,0.00399
interface_conservative,0,ネコ,Neko,466,boundary,84,87.956,0.95502,-0.4726,0.33733
interface_conservative,0,ネコ,Neko,466,livelihood,52,94.346,0.55116,-5.0796,0.002
interface_conservative,0,ネコ,Neko,466,dwelling,137,120.552,1.13644,1.7446,0.0499
interface_conservative,0,ネコ,Neko,466,death_ritual,156,66.35,2.35117,12.3026,0.002
interface_conservative,0,ネコ,Neko,466,taboo_time_weather,117,101.93,1.14785,1.743,0.04192
interface_conservative,0,ネコ,Neko,466,actors,98,129.808,0.75496,-3.2119,0.002
interface_conservative,0,ネコ,Neko,466,actions,42,46.094,0.91118,-0.6166,0.28942
interface_conservative,0,ネコ,Neko,466,strict_boundary_interface,106,119.026,0.89056,-1.4007,0.09381
interface_conservative,0,ヒノタマ,Hitodama,249,hydrology,35,51.708,0.67688,-2.7238,0.00399
interface_conservative,0,ヒノタマ,Hitodama,249,mobility,34,42.792,0.79454,-1.494,0.08782
interface_conservative,0,ヒノタマ,Hitodama,249,boundary,58,44.868,1.29268,2.0788,0.02794
interface_conservative,0,ヒノタマ,Hitodama,249,livelihood,25,46.758,0.53467,-3.4065,0.00599
interface_conservative,0,ヒノタマ,Hitodama,249,dwelling,58,60.27,0.96234,-0.3417,0.39721
interface_conservative,0,ヒノタマ,Hitodama,249,death_ritual,53,39.124,1.35467,2.4846,0.00798
interface_conservative,0,ヒノタマ,Hitodama,249,taboo_time_weather,80,52.666,1.51901,4.3077,0.002
interface_conservative,0,ヒノタマ,Hitodama,249,actors,37,66.53,0.55614,-4.2841,0.002
interface_conservative,0,ヒノタマ,Hitodama,249,actions,48,29.744,1.61377,3.8916,0.002
interface_conservative,0,ヒノタマ,Hitodama,249,strict_boundary_interface,61,62.376,0.97794,-0.1973,0.44711
drop_10pct,1,その他,Other,19084,hydrology,2907,3286.512,0.88452,-11.0611,0.002
drop_10pct,1,その他,Other,19084,mobility,2989,3111.326,0.96068,-3.7805,0.002
drop_10pct,1,その他,Other,19084,boundary,3443,3141.544,1.09596,9.6972,0.002
drop_10pct,1,その他,Other,19084,livelihood,2724,2777.942,0.98058,-1.7161,0.0479
drop_10pct,1,その他,Other,19084,dwelling,4353,4277.11,1.01774,2.0187,0.02595
drop_10pct,1,その他,Other,19084,death_ritual,2437,2628.618,0.9271,-6.3741,0.002
drop_10pct,1,その他,Other,19084,taboo_time_weather,2034,1925.702,1.05624,4.1431,0.002
drop_10pct,1,その他,Other,19084,actors,4494,4616.014,0.97357,-3.3119,0.002
drop_10pct,1,その他,Other,19084,actions,2083,2013.288,1.03463,2.6188,0.01397
drop_10pct,1,その他,Other,19084,strict_boundary_interface,3982,4127.07,0.96485,-3.9783,0.002
drop_10pct,1,キツネ,Kitsune,3618,hydrology,415,644.946,0.64346,-11.2688,0.002
drop_10pct,1,キツネ,Kitsune,3618,mobility,716,558.69,1.28157,7.7103,0.002
drop_10pct,1,キツネ,Kitsune,3618,boundary,315,609.556,0.51677,-14.7424,0.002
drop_10pct,1,キツネ,Kitsune,3618,livelihood,689,534.786,1.28837,7.9274,0.002
drop_10pct,1,キツネ,Kitsune,3618,dwelling,816,818.458,0.997,-0.1086,0.45709
drop_10pct,1,キツネ,Kitsune,3618,death_ritual,174,481.81,0.36114,-16.9626,0.002
drop_10pct,1,キツネ,Kitsune,3618,taboo_time_weather,236,359.096,0.65721,-7.3869,0.002
drop_10pct,1,キツネ,Kitsune,3618,actors,722,844.3,0.85515,-5.0742,0.002
drop_10pct,1,キツネ,Kitsune,3618,actions,308,422.728,0.7286,-6.4264,0.002
drop_10pct,1,キツネ,Kitsune,3618,strict_boundary_interface,609,775.632,0.78517,-7.6377,0.002
drop_10pct,1,ヘビ・リュウ,Snake/Dragon,2335,hydrology,654,401.018,1.63085,15.0498,0.002
drop_10pct,1,ヘビ・リュウ,Snake/Dragon,2335,mobility,347,367.52,0.94417,-1.2153,0.12575
drop_10pct,1,ヘビ・リュウ,Snake/Dragon,2335,boundary,517,399.034,1.29563,6.8617,0.002
drop_10pct,1,ヘビ・リュウ,Snake/Dragon,2335,livelihood,368,341.808,1.07663,1.5945,0.07385
drop_10pct,1,ヘビ・リュウ,Snake/Dragon,2335,dwelling,481,515.134,0.93374,-1.7902,0.03992
drop_10pct,1,ヘビ・リュウ,Snake/Dragon,2335,death_ritual,212,309.876,0.68414,-6.388,0.002
drop_10pct,1,ヘビ・リュウ,Snake/Dragon,2335,taboo_time_weather,442,238.732,1.85145,14.1309,0.002
drop_10pct,1,ヘビ・リュウ,Snake/Dragon,2335,actors,860,556.018,1.54671,15.8888,0.002
drop_10pct,1,ヘビ・リュウ,Snake/Dragon,2335,actions,154,240.406,0.64058,-6.4465,0.002
drop_10pct,1,ヘビ・リュウ,Snake/Dragon,2335,strict_boundary_interface,660,502.4,1.31369,8.5482,0.002
drop_10pct,1,ユウレイ,Yurei,1641,hydrology,168,277.116,0.60624,-7.5925,0.002
drop_10pct,1,ユウレイ,Yurei,1641,mobility,353,267.976,1.31728,5.5476,0.002
drop_10pct,1,ユウレイ,Yurei,1641,boundary,381,263.242,1.44734,8.1827,0.002
drop_10pct,1,ユウレイ,Yurei,1641,livelihood,114,220.472,0.51707,-7.8495,0.002
drop_10pct,1,ユウレイ,Yurei,1641,dwelling,405,358.022,1.13122,2.8376,0.00399
drop_10pct,1,ユウレイ,Yurei,1641,death_ritual,1197,246.68,4.85244,70.745,0.002
drop_10pct,1,ユウレイ,Yurei,1641,taboo_time_weather,131,163.252,0.80244,-2.6865,0.00399
drop_10pct,1,ユウレイ,Yurei,1641,actors,422,380.498,1.10907,2.4698,0.00998
drop_10pct,1,ユウレイ,Yurei,1641,actions,413,210.976,1.95757,15.7288,0.002
drop_10pct,1,ユウレイ,Yurei,1641,strict_boundary_interface,514,347.844,1.47767,10.3543,0.002
drop_10pct,1,カッパ,Kappa,1412,hydrology,1059,280.764,3.77185,56.0737,0.002
drop_10pct,1,カッパ,Kappa,1412,mobility,158,230.15,0.68651,-5.5527,0.002
drop_10pct,1,カッパ,Kappa,1412,boundary,109,207.45,0.52543,-7.7894,0.002
drop_10pct,1,カッパ,Kappa,1412,livelihood,171,191.206,0.89432,-1.6463,0.05988
drop_10pct,1,カッパ,Kappa,1412,dwelling,228,304.81,0.74801,-5.206,0.002
drop_10pct,1,カッパ,Kappa,1412,death_ritual,106,193.892,0.5467,-7.0519,0.002
drop_10pct,1,カッパ,Kappa,1412,taboo_time_weather,90,143.77,0.626,-5.0777,0.002
drop_10pct,1,カッパ,Kappa,1412,actors,372,333.31,1.11608,2.5499,0.00998
drop_10pct,1,カッパ,Kappa,1412,actions,126,154.422,0.81595,-2.663,0.00599
drop_10pct,1,カッパ,Kappa,1412,strict_boundary_interface,370,305.106,1.21269,4.6438,0.002
drop_10pct,1,タヌキ,Tanuki,1268,hydrology,138,206.962,0.66679,-5.4508,0.002
drop_10pct,1,タヌキ,Tanuki,1268,mobility,282,208.332,1.35361,6.0308,0.002
drop_10pct,1,タヌキ,Tanuki,1268,boundary,170,217.266,0.78245,-3.6266,0.002
drop_10pct,1,タヌキ,Tanuki,1268,livelihood,158,179.0,0.88268,-1.7753,0.04391
drop_10pct,1,タヌキ,Tanuki,1268,dwelling,275,281.29,0.97764,-0.4311,0.34731
drop_10pct,1,タヌキ,Tanuki,1268,death_ritual,64,171.672,0.3728,-8.6093,0.002
drop_10pct,1,タヌキ,Tanuki,1268,taboo_time_weather,89,131.632,0.67613,-3.9445,0.002
drop_10pct,1,タヌキ,Tanuki,1268,actors,301,298.642,1.0079,0.1567,0.45908
drop_10pct,1,タヌキ,Tanuki,1268,actions,176,134.968,1.30401,3.9221,0.002
drop_10pct,1,タヌキ,Tanuki,1268,strict_boundary_interface,248,270.99,0.91516,-1.6047,0.05589
drop_10pct,1,テング,Tengu,1224,hydrology,146,205.222,0.71142,-4.6401,0.002
drop_10pct,1,テング,Tengu,1224,mobility,117,187.852,0.62283,-5.8883,0.002
drop_10pct,1,テング,Tengu,1224,boundary,163,208.246,0.78273,-3.5458,0.002
drop_10pct,1,テング,Tengu,1224,livelihood,148,174.61,0.8476,-2.2224,0.01397
drop_10pct,1,テング,Tengu,1224,dwelling,192,262.422,0.73165,-5.2147,0.002
drop_10pct,1,テング,Tengu,1224,death_ritual,33,161.202,0.20471,-10.9611,0.002
drop_10pct,1,テング,Tengu,1224,taboo_time_weather,100,125.702,0.79553,-2.4312,0.00998
drop_10pct,1,テング,Tengu,1224,actors,229,283.19,0.80864,-3.8924,0.002
drop_10pct,1,テング,Tengu,1224,actions,120,128.254,0.93564,-0.7812,0.22754
drop_10pct,1,テング,Tengu,1224,strict_boundary_interface,215,257.836,0.83386,-3.1031,0.002
drop_10pct,1,オニ,Oni,807,hydrology,113,139.226,0.81163,-2.5419,0.00798
drop_10pct,1,オニ,Oni,807,mobility,187,129.24,1.44692,5.7734,0.002
drop_10pct,1,オニ,Oni,807,boundary,135,136.296,0.99049,-0.1331,0.47505
drop_10pct,1,オニ,Oni,807,livelihood,143,118.186,1.20996,2.6191,0.01198
drop_10pct,1,オニ,Oni,807,dwelling,201,177.786,1.13057,1.9557,0.03593
drop_10pct,1,オニ,Oni,807,death_ritual,79,108.678,0.72692,-3.1191,0.00399
drop_10pct,1,オニ,Oni,807,taboo_time_weather,42,81.382,0.51608,-4.6303,0.002
drop_10pct,1,オニ,Oni,807,actors,205,191.386,1.07113,1.1225,0.14571
drop_10pct,1,オニ,Oni,807,actions,63,83.002,0.75902,-2.343,0.00798
drop_10pct,1,オニ,Oni,807,strict_boundary_interface,194,174.454,1.11204,1.7627,0.0499
drop_10pct,1,ヤマノカミ,Yama-no-kami,722,hydrology,79,135.418,0.58338,-5.3972,0.002
drop_10pct,1,ヤマノカミ,Yama-no-kami,722,mobility,43,110.664,0.38856,-7.3022,0.002
drop_10pct,1,ヤマノカミ,Yama-no-kami,722,boundary,88,115.008,0.76516,-2.7066,0.00399
drop_10pct,1,ヤマノカミ,Yama-no-kami,722,livelihood,180,105.068,1.71318,8.7693,0.002
drop_10pct,1,ヤマノカミ,Yama-no-kami,722,dwelling,107,158.01,0.67717,-4.7281,0.002
drop_10pct,1,ヤマノカミ,Yama-no-kami,722,death_ritual,19,92.014,0.20649,-7.9313,0.002
drop_10pct,1,ヤマノカミ,Yama-no-kami,722,taboo_time_weather,111,74.066,1.49866,4.8526,0.002
drop_10pct,1,ヤマノカミ,Yama-no-kami,722,actors,156,171.082,0.91184,-1.4134,0.08184
drop_10pct,1,ヤマノカミ,Yama-no-kami,722,actions,35,72.628,0.48191,-4.7731,0.002
drop_10pct,1,ヤマノカミ,Yama-no-kami,722,strict_boundary_interface,136,153.066,0.88851,-1.6064,0.05589
drop_10pct,1,イヌガミ,Inugami,552,hydrology,36,91.824,0.39205,-6.8131,0.002
drop_10pct,1,イヌガミ,Inugami,552,mobility,101,87.084,1.1598,1.5767,0.05589
drop_10pct,1,イヌガミ,Inugami,552,boundary,51,88.544,0.57598,-4.5585,0.002
drop_10pct,1,イヌガミ,Inugami,552,livelihood,61,76.8,0.79427,-1.9393,0.02196
drop_10pct,1,イヌガミ,Inugami,552,dwelling,199,123.37,1.61303,7.5277,0.002
drop_10pct,1,イヌガミ,Inugami,552,death_ritual,42,73.508,0.57137,-4.0006,0.002
drop_10pct,1,イヌガミ,Inugami,552,taboo_time_weather,27,55.854,0.4834,-4.3241,0.002
drop_10pct,1,イヌガミ,Inugami,552,actors,94,127.13,0.7394,-3.4186,0.00399
drop_10pct,1,イヌガミ,Inugami,552,actions,27,58.4,0.46233,-4.6822,0.002
drop_10pct,1,イヌガミ,Inugami,552,strict_boundary_interface,106,117.566,0.90162,-1.282,0.10778
drop_10pct,1,ネコ,Neko,466,hydrology,48,84.966,0.56493,-4.63,0.002
drop_10pct,1,ネコ,Neko,466,mobility,53,77.146,0.68701,-3.1888,0.00599
drop_10pct,1,ネコ,Neko,466,boundary,76,77.764,0.97732,-0.2167,0.43313
drop_10pct,1,ネコ,Neko,466,livelihood,48,70.91,0.67691,-3.0782,0.002
drop_10pct,1,ネコ,Neko,466,dwelling,127,107.656,1.17968,2.1173,0.02395
drop_10pct,1,ネコ,Neko,466,death_ritual,155,61.586,2.51681,13.2938,0.002
drop_10pct,1,ネコ,Neko,466,taboo_time_weather,43,46.69,0.92097,-0.5639,0.33733
drop_10pct,1,ネコ,Neko,466,actors,88,113.738,0.77371,-2.7483,0.00599
drop_10pct,1,ネコ,Neko,466,actions,41,45.506,0.90098,-0.6884,0.26148
drop_10pct,1,ネコ,Neko,466,strict_boundary_interface,101,102.874,0.98178,-0.2092,0.45509
drop_10pct,1,ヒノタマ,Hitodama,249,hydrology,34,43.026,0.79022,-1.5653,0.07186
drop_10pct,1,ヒノタマ,Hitodama,249,mobility,31,41.02,0.75573,-1.7227,0.03593
drop_10pct,1,ヒノタマ,Hitodama,249,boundary,56,40.05,1.39825,2.6898,0.00599
drop_10pct,1,ヒノタマ,Hitodama,249,livelihood,21,34.212,0.61382,-2.4597,0.01198
drop_10pct,1,ヒノタマ,Hitodama,249,dwelling,54,53.932,1.00126,0.0104,0.53493
drop_10pct,1,ヒノタマ,Hitodama,249,death_ritual,48,36.464,1.31637,2.129,0.01996
drop_10pct,1,ヒノタマ,Hitodama,249,taboo_time_weather,26,25.122,1.03495,0.1784,0.46906
drop_10pct,1,ヒノタマ,Hitodama,249,actors,31,58.692,0.52818,-4.2333,0.002
drop_10pct,1,ヒノタマ,Hitodama,249,actions,48,29.422,1.63143,4.0011,0.002
drop_10pct,1,ヒノタマ,Hitodama,249,strict_boundary_interface,54,54.162,0.99701,-0.0247,0.51497
drop_10pct,2,その他,Other,19084,hydrology,3084,3468.594,0.88912,-11.2611,0.002
drop_10pct,2,その他,Other,19084,mobility,3101,3242.3,0.95642,-4.3299,0.002
drop_10pct,2,その他,Other,19084,boundary,2919,2605.824,1.12018,11.0987,0.002
drop_10pct,2,その他,Other,19084,livelihood,2237,2417.226,0.92544,-6.2303,0.002
drop_10pct,2,その他,Other,19084,dwelling,2226,1956.902,1.13751,9.9712,0.002
drop_10pct,2,その他,Other,19084,death_ritual,2560,2723.012,0.94014,-5.3733,0.002
drop_10pct,2,その他,Other,19084,taboo_time_weather,4040,4096.014,0.98632,-1.5046,0.07784
drop_10pct,2,その他,Other,19084,actors,4998,5214.948,0.9584,-5.5903,0.002
drop_10pct,2,その他,Other,19084,actions,1089,1101.808,0.98838,-0.6494,0.2475
drop_10pct,2,その他,Other,19084,strict_boundary_interface,3949,4174.956,0.94588,-6.0967,0.002
drop_10pct,2,キツネ,Kitsune,3618,hydrology,409,684.666,0.59737,-13.1987,0.002
drop_10pct,2,キツネ,Kitsune,3618,mobility,759,585.572,1.29617,8.2212,0.002
drop_10pct,2,キツネ,Kitsune,3618,boundary,281,489.28,0.57431,-11.2661,0.002
drop_10pct,2,キツネ,Kitsune,3618,livelihood,653,447.952,1.45775,10.7511,0.002
drop_10pct,2,キツネ,Kitsune,3618,dwelling,225,384.262,0.58554,-9.9744,0.002
drop_10pct,2,キツネ,Kitsune,3618,death_ritual,191,499.69,0.38224,-16.7822,0.002
drop_10pct,2,キツネ,Kitsune,3618,taboo_time_weather,717,747.87,0.95872,-1.3139,0.09182
drop_10pct,2,キツネ,Kitsune,3618,actors,871,956.27,0.91083,-3.4094,0.00399
drop_10pct,2,キツネ,Kitsune,3618,actions,192,197.546,0.97193,-0.4491,0.36128
drop_10pct,2,キツネ,Kitsune,3618,strict_boundary_interface,622,770.904,0.80684,-6.694,0.002
drop_10pct,2,ヘビ・リュウ,Snake/Dragon,2335,hydrology,767,424.472,1.80695,19.7727,0.002
drop_10pct,2,ヘビ・リュウ,Snake/Dragon,2335,mobility,359,383.95,0.93502,-1.4525,0.08583
drop_10pct,2,ヘビ・リュウ,Snake/Dragon,2335,boundary,330,320.266,1.03039,0.63,0.29142
drop_10pct,2,ヘビ・リュウ,Snake/Dragon,2335,livelihood,245,288.888,0.84808,-2.8439,0.00399
drop_10pct,2,ヘビ・リュウ,Snake/Dragon,2335,dwelling,193,236.086,0.8175,-3.0228,0.00399
drop_10pct,2,ヘビ・リュウ,Snake/Dragon,2335,death_ritual,217,321.744,0.67445,-6.889,0.002
drop_10pct,2,ヘビ・リュウ,Snake/Dragon,2335,taboo_time_weather,605,500.056,1.20986,5.4513,0.002
drop_10pct,2,ヘビ・リュウ,Snake/Dragon,2335,actors,944,631.474,1.49492,15.0867,0.002
drop_10pct,2,ヘビ・リュウ,Snake/Dragon,2335,actions,105,130.994,0.80156,-2.5429,0.00599
drop_10pct,2,ヘビ・リュウ,Snake/Dragon,2335,strict_boundary_interface,629,498.374,1.2621,7.1088,0.002
drop_10pct,2,ユウレイ,Yurei,1641,hydrology,173,293.38,0.58968,-8.1299,0.002
drop_10pct,2,ユウレイ,Yurei,1641,mobility,358,280.006,1.27854,5.0141,0.002
drop_10pct,2,ユウレイ,Yurei,1641,boundary,308,218.694,1.40836,6.9487,0.002
drop_10pct,2,ユウレイ,Yurei,1641,livelihood,132,195.206,0.67621,-4.8451,0.002
drop_10pct,2,ユウレイ,Yurei,1641,dwelling,218,164.966,1.32148,4.4845,0.002
drop_10pct,2,ユウレイ,Yurei,1641,death_ritual,1216,255.866,4.75249,70.9289,0.002
drop_10pct,2,ユウレイ,Yurei,1641,taboo_time_weather,356,344.052,1.03473,0.7333,0.26547
drop_10pct,2,ユウレイ,Yurei,1641,actors,466,427.75,1.08942,2.2016,0.02395
drop_10pct,2,ユウレイ,Yurei,1641,actions,140,94.794,1.47689,4.7701,0.002
drop_10pct,2,ユウレイ,Yurei,1641,strict_boundary_interface,483,354.62,1.36202,7.9197,0.002
drop_10pct,2,カッパ,Kappa,1412,hydrology,1088,295.776,3.67846,56.0336,0.002
drop_10pct,2,カッパ,Kappa,1412,mobility,160,239.314,0.66858,-6.0791,0.002
drop_10pct,2,カッパ,Kappa,1412,boundary,130,181.08,0.71791,-4.3099,0.002
drop_10pct,2,カッパ,Kappa,1412,livelihood,311,182.098,1.70787,10.6896,0.002
drop_10pct,2,カッパ,Kappa,1412,dwelling,81,126.958,0.63801,-4.5258,0.002
drop_10pct,2,カッパ,Kappa,1412,death_ritual,100,201.032,0.49743,-8.0699,0.002
drop_10pct,2,カッパ,Kappa,1412,taboo_time_weather,175,294.38,0.59447,-7.9344,0.002
drop_10pct,2,カッパ,Kappa,1412,actors,408,375.212,1.08739,2.0981,0.02395
drop_10pct,2,カッパ,Kappa,1412,actions,70,84.722,0.82623,-1.7249,0.04192
drop_10pct,2,カッパ,Kappa,1412,strict_boundary_interface,527,319.694,1.64845,14.1236,0.002
drop_10pct,2,タヌキ,Tanuki,1268,hydrology,140,219.456,0.63794,-6.2093,0.002
drop_10pct,2,タヌキ,Tanuki,1268,mobility,294,218.154,1.34767,6.043,0.002
drop_10pct,2,タヌキ,Tanuki,1268,boundary,98,176.178,0.55626,-6.4424,0.002
drop_10pct,2,タヌキ,Tanuki,1268,livelihood,123,150.794,0.81568,-2.5408,0.00599
drop_10pct,2,タヌキ,Tanuki,1268,dwelling,112,126.322,0.88662,-1.3647,0.08982
drop_10pct,2,タヌキ,Tanuki,1268,death_ritual,73,178.68,0.40855,-8.326,0.002
drop_10pct,2,タヌキ,Tanuki,1268,taboo_time_weather,341,277.566,1.22854,4.1549,0.002
drop_10pct,2,タヌキ,Tanuki,1268,actors,353,339.552,1.03961,0.8677,0.19561
drop_10pct,2,タヌキ,Tanuki,1268,actions,106,72.124,1.46969,4.1913,0.002
drop_10pct,2,タヌキ,Tanuki,1268,strict_boundary_interface,235,273.726,0.85852,-2.7139,0.00399
drop_10pct,2,テング,Tengu,1224,hydrology,148,218.016,0.67885,-5.4437,0.002
drop_10pct,2,テング,Tengu,1224,mobility,135,197.028,0.68518,-5.0222,0.002
drop_10pct,2,テング,Tengu,1224,boundary,127,165.436,0.76767,-3.3184,0.002
drop_10pct,2,テング,Tengu,1224,livelihood,116,144.362,0.80354,-2.4659,0.00998
drop_10pct,2,テング,Tengu,1224,dwelling,79,119.33,0.66203,-4.0271,0.002
drop_10pct,2,テング,Tengu,1224,death_ritual,35,165.456,0.21154,-11.3022,0.002
drop_10pct,2,テング,Tengu,1224,taboo_time_weather,264,259.618,1.01688,0.2989,0.39721
drop_10pct,2,テング,Tengu,1224,actors,305,321.586,0.94842,-1.1426,0.13972
drop_10pct,2,テング,Tengu,1224,actions,88,68.878,1.27762,2.4401,0.00798
drop_10pct,2,テング,Tengu,1224,strict_boundary_interface,228,254.508,0.89585,-1.8909,0.03194
drop_10pct,2,オニ,Oni,807,hydrology,114,147.244,0.77423,-3.085,0.002
drop_10pct,2,オニ,Oni,807,mobility,195,135.32,1.44103,5.8286,0.002
drop_10pct,2,オニ,Oni,807,boundary,121,110.966,1.09042,1.0445,0.1477
drop_10pct,2,オニ,Oni,807,livelihood,105,101.13,1.03827,0.4201,0.33333
drop_10pct,2,オニ,Oni,807,dwelling,118,82.98,1.42203,4.2154,0.002
drop_10pct,2,オニ,Oni,807,death_ritual,87,113.096,0.76926,-2.7343,0.00798
drop_10pct,2,オニ,Oni,807,taboo_time_weather,172,173.302,0.99249,-0.1183,0.46507
drop_10pct,2,オニ,Oni,807,actors,230,217.362,1.05814,1.0115,0.15968
drop_10pct,2,オニ,Oni,807,actions,38,44.738,0.84939,-1.0695,0.15569
drop_10pct,2,オニ,Oni,807,strict_boundary_interface,196,175.092,1.11941,1.847,0.03194
drop_10pct,2,ヤマノカミ,Yama-no-kami,722,hydrology,84,143.164,0.58674,-5.63,0.002
drop_10pct,2,ヤマノカミ,Yama-no-kami,722,mobility,51,115.59,0.44121,-6.6515,0.002
drop_10pct,2,ヤマノカミ,Yama-no-kami,722,boundary,88,94.478,0.93143,-0.7118,0.25349
drop_10pct,2,ヤマノカミ,Yama-no-kami,722,livelihood,156,91.742,1.70042,7.3266,0.002
drop_10pct,2,ヤマノカミ,Yama-no-kami,722,dwelling,27,67.784,0.39832,-5.2713,0.002
drop_10pct,2,ヤマノカミ,Yama-no-kami,722,death_ritual,19,95.296,0.19938,-8.205,0.002
drop_10pct,2,ヤマノカミ,Yama-no-kami,722,taboo_time_weather,153,152.392,1.00399,0.0594,0.48703
drop_10pct,2,ヤマノカミ,Yama-no-kami,722,actors,203,193.984,1.04648,0.7872,0.23553
drop_10pct,2,ヤマノカミ,Yama-no-kami,722,actions,30,41.486,0.72314,-1.857,0.03593
drop_10pct,2,ヤマノカミ,Yama-no-kami,722,strict_boundary_interface,147,154.634,0.95063,-0.729,0.26547
drop_10pct,2,イヌガミ,Inugami,552,hydrology,37,98.842,0.37433,-7.3904,0.002
drop_10pct,2,イヌガミ,Inugami,552,mobility,112,91.96,1.21792,2.2648,0.01796
drop_10pct,2,イヌガミ,Inugami,552,boundary,60,74.782,0.80233,-1.8462,0.04391
drop_10pct,2,イヌガミ,Inugami,552,livelihood,61,68.466,0.89095,-0.9937,0.16567
drop_10pct,2,イヌガミ,Inugami,552,dwelling,34,50.704,0.67056,-2.5188,0.00998
drop_10pct,2,イヌガミ,Inugami,552,death_ritual,46,77.48,0.5937,-3.9383,0.002
drop_10pct,2,イヌガミ,Inugami,552,taboo_time_weather,96,116.994,0.82055,-2.3139,0.01198
drop_10pct,2,イヌガミ,Inugami,552,actors,107,143.254,0.74693,-3.6927,0.002
drop_10pct,2,イヌガミ,Inugami,552,actions,15,32.404,0.46291,-3.21,0.002
drop_10pct,2,イヌガミ,Inugami,552,strict_boundary_interface,112,121.354,0.92292,-0.9747,0.17964
drop_10pct,2,ネコ,Neko,466,hydrology,51,89.034,0.57281,-4.6357,0.002
drop_10pct,2,ネコ,Neko,466,mobility,54,80.014,0.67488,-3.3617,0.00399
drop_10pct,2,ネコ,Neko,466,boundary,35,64.974,0.53868,-3.9688,0.002
drop_10pct,2,ネコ,Neko,466,livelihood,30,60.968,0.49206,-4.3348,0.002
drop_10pct,2,ネコ,Neko,466,dwelling,53,51.134,1.03649,0.2898,0.42515
drop_10pct,2,ネコ,Neko,466,death_ritual,140,63.736,2.19656,10.6502,0.002
drop_10pct,2,ネコ,Neko,466,taboo_time_weather,117,101.382,1.15405,1.8039,0.03593
drop_10pct,2,ネコ,Neko,466,actors,94,128.71,0.73032,-3.524,0.002
drop_10pct,2,ネコ,Neko,466,actions,23,25.932,0.88694,-0.5809,0.32136
drop_10pct,2,ネコ,Neko,466,strict_boundary_interface,72,104.422,0.68951,-3.6109,0.002
drop_10pct,2,ヒノタマ,Hitodama,249,hydrology,33,45.356,0.72758,-2.1426,0.02595
drop_10pct,2,ヒノタマ,Hitodama,249,mobility,34,42.792,0.79454,-1.494,0.08782
drop_10pct,2,ヒノタマ,Hitodama,249,boundary,38,33.042,1.15005,0.8683,0.21357
drop_10pct,2,ヒノタマ,Hitodama,249,livelihood,11,31.168,0.35293,-3.7486,0.002
drop_10pct,2,ヒノタマ,Hitodama,249,dwelling,26,24.572,1.05811,0.3303,0.42715
drop_10pct,2,ヒノタマ,Hitodama,249,death_ritual,49,37.912,1.29247,2.013,0.02794
drop_10pct,2,ヒノタマ,Hitodama,249,taboo_time_weather,80,52.374,1.52748,4.394,0.002
drop_10pct,2,ヒノタマ,Hitodama,249,actors,37,65.898,0.56147,-4.2269,0.002
drop_10pct,2,ヒノタマ,Hitodama,249,actions,14,14.574,0.96061,-0.1684,0.52695
drop_10pct,2,ヒノタマ,Hitodama,249,strict_boundary_interface,57,54.716,1.04174,0.3495,0.39521
drop_10pct,3,その他,Other,19084,hydrology,3376,3826.692,0.88222,-12.381,0.002
drop_10pct,3,その他,Other,19084,mobility,2989,3111.326,0.96068,-3.7805,0.002
drop_10pct,3,その他,Other,19084,boundary,3428,3128.584,1.0957,9.6315,0.002
drop_10pct,3,その他,Other,19084,livelihood,3601,3694.344,0.97473,-2.657,0.00399
drop_10pct,3,その他,Other,19084,dwelling,4873,4750.984,1.02568,3.0832,0.002
drop_10pct,3,その他,Other,19084,death_ritual,2604,2731.06,0.95348,-4.1927,0.002
drop_10pct,3,その他,Other,19084,taboo_time_weather,3396,3543.912,0.95826,-4.1379,0.002
drop_10pct,3,その他,Other,19084,actors,4633,4899.654,0.94558,-6.9494,0.002
drop_10pct,3,その他,Other,19084,actions,1861,1797.09,1.03556,2.4639,0.01198
drop_10pct,3,その他,Other,19084,strict_boundary_interface,4533,4759.93,0.95232,-5.8172,0.002
drop_10pct,3,キツネ,Kitsune,3618,hydrology,439,755.922,0.58075,-14.4743,0.002
drop_10pct,3,キツネ,Kitsune,3618,mobility,716,558.69,1.28157,7.7103,0.002
drop_10pct,3,キツネ,Kitsune,3618,boundary,315,608.342,0.5178,-14.675,0.002
drop_10pct,3,キツネ,Kitsune,3618,livelihood,860,699.286,1.22983,7.3052,0.002
drop_10pct,3,キツネ,Kitsune,3618,dwelling,871,911.546,0.95552,-1.729,0.05589
drop_10pct,3,キツネ,Kitsune,3618,death_ritual,178,497.292,0.35794,-17.1224,0.002
drop_10pct,3,キツネ,Kitsune,3618,taboo_time_weather,665,646.624,1.02842,0.8195,0.21956
drop_10pct,3,キツネ,Kitsune,3618,actors,827,895.134,0.92388,-2.7665,0.00599
drop_10pct,3,キツネ,Kitsune,3618,actions,271,384.09,0.70556,-6.6612,0.002
drop_10pct,3,キツネ,Kitsune,3618,strict_boundary_interface,665,901.15,0.73795,-10.1481,0.002
drop_10pct,3,ヘビ・リュウ,Snake/Dragon,2335,hydrology,1046,472.524,2.21364,30.7372,0.002
drop_10pct,3,ヘビ・リュウ,Snake/Dragon,2335,mobility,347,367.52,0.94417,-1.2153,0.12575
drop_10pct,3,ヘビ・リュウ,Snake/Dragon,2335,boundary,513,397.73,1.28982,6.7256,0.002
drop_10pct,3,ヘビ・リュウ,Snake/Dragon,2335,livelihood,450,445.622,1.00982,0.2362,0.42116
drop_10pct,3,ヘビ・リュウ,Snake/Dragon,2335,dwelling,548,573.586,0.95539,-1.2763,0.1018
drop_10pct,3,ヘビ・リュウ,Snake/Dragon,2335,death_ritual,203,323.268,0.62796,-7.6616,0.002
drop_10pct,3,ヘビ・リュウ,Snake/Dragon,2335,taboo_time_weather,502,432.536,1.1606,3.8818,0.002
drop_10pct,3,ヘビ・リュウ,Snake/Dragon,2335,actors,914,592.158,1.54351,15.9693,0.002
drop_10pct,3,ヘビ・リュウ,Snake/Dragon,2335,actions,136,215.472,0.63117,-6.0182,0.002
drop_10pct,3,ヘビ・リュウ,Snake/Dragon,2335,strict_boundary_interface,867,580.006,1.49481,15.0916,0.002
drop_10pct,3,ユウレイ,Yurei,1641,hydrology,182,327.05,0.55649,-9.6628,0.002
drop_10pct,3,ユウレイ,Yurei,1641,mobility,353,267.976,1.31728,5.5476,0.002
drop_10pct,3,ユウレイ,Yurei,1641,boundary,380,261.952,1.45065,8.1795,0.002
drop_10pct,3,ユウレイ,Yurei,1641,livelihood,182,295.79,0.6153,-7.3249,0.002
drop_10pct,3,ユウレイ,Yurei,1641,dwelling,455,399.65,1.1385,3.182,0.002
drop_10pct,3,ユウレイ,Yurei,1641,death_ritual,1228,256.884,4.78037,70.538,0.002
drop_10pct,3,ユウレイ,Yurei,1641,taboo_time_weather,304,293.956,1.03417,0.6629,0.27944
drop_10pct,3,ユウレイ,Yurei,1641,actors,444,400.632,1.10825,2.5593,0.00798
drop_10pct,3,ユウレイ,Yurei,1641,actions,386,191.492,2.01575,16.2925,0.002
drop_10pct,3,ユウレイ,Yurei,1641,strict_boundary_interface,542,404.082,1.34131,8.3621,0.002
drop_10pct,3,カッパ,Kappa,1412,hydrology,1096,318.732,3.43863,54.4105,0.002
drop_10pct,3,カッパ,Kappa,1412,mobility,158,230.15,0.68651,-5.5527,0.002
drop_10pct,3,カッパ,Kappa,1412,boundary,109,206.1,0.52887,-7.6628,0.002
drop_10pct,3,カッパ,Kappa,1412,livelihood,398,269.978,1.47419,8.8929,0.002
drop_10pct,3,カッパ,Kappa,1412,dwelling,247,335.916,0.7353,-5.8496,0.002
drop_10pct,3,カッパ,Kappa,1412,death_ritual,93,200.664,0.46346,-8.6605,0.002
drop_10pct,3,カッパ,Kappa,1412,taboo_time_weather,163,248.124,0.65693,-6.0718,0.002
drop_10pct,3,カッパ,Kappa,1412,actors,399,356.44,1.1194,2.8323,0.00399
drop_10pct,3,カッパ,Kappa,1412,actions,106,136.46,0.77678,-3.0157,0.00399
drop_10pct,3,カッパ,Kappa,1412,strict_boundary_interface,555,355.694,1.56033,13.2189,0.002
drop_10pct,3,タヌキ,Tanuki,1268,hydrology,148,248.088,0.59656,-7.5261,0.002
drop_10pct,3,タヌキ,Tanuki,1268,mobility,282,208.332,1.35361,6.0308,0.002
drop_10pct,3,タヌキ,Tanuki,1268,boundary,169,216.662,0.78002,-3.6594,0.002
drop_10pct,3,タヌキ,Tanuki,1268,livelihood,186,234.222,0.79412,-3.6442,0.002
drop_10pct,3,タヌキ,Tanuki,1268,dwelling,309,312.904,0.98752,-0.2573,0.3992
drop_10pct,3,タヌキ,Tanuki,1268,death_ritual,67,179.766,0.37271,-8.9151,0.002
drop_10pct,3,タヌキ,Tanuki,1268,taboo_time_weather,326,239.774,1.35961,6.0147,0.002
drop_10pct,3,タヌキ,Tanuki,1268,actors,326,316.68,1.02943,0.6159,0.28144
drop_10pct,3,タヌキ,Tanuki,1268,actions,157,121.76,1.28942,3.4391,0.002
drop_10pct,3,タヌキ,Tanuki,1268,strict_boundary_interface,264,312.606,0.84451,-3.206,0.002
drop_10pct,3,テング,Tengu,1224,hydrology,146,244.178,0.59792,-7.0945,0.002
drop_10pct,3,テング,Tengu,1224,mobility,117,187.852,0.62283,-5.8883,0.002
drop_10pct,3,テング,Tengu,1224,boundary,163,207.67,0.7849,-3.5065,0.002
drop_10pct,3,テング,Tengu,1224,livelihood,181,224.024,0.80795,-3.1589,0.002
drop_10pct,3,テング,Tengu,1224,dwelling,207,291.92,0.7091,-6.1656,0.002
drop_10pct,3,テング,Tengu,1224,death_ritual,34,167.144,0.20342,-11.3671,0.002
drop_10pct,3,テング,Tengu,1224,taboo_time_weather,241,224.064,1.07559,1.2328,0.12575
drop_10pct,3,テング,Tengu,1224,actors,273,299.678,0.91098,-1.8772,0.03194
drop_10pct,3,テング,Tengu,1224,actions,113,116.144,0.97293,-0.3045,0.43114
drop_10pct,3,テング,Tengu,1224,strict_boundary_interface,235,298.276,0.78786,-4.2603,0.002
drop_10pct,3,オニ,Oni,807,hydrology,121,162.69,0.74375,-3.7967,0.002
drop_10pct,3,オニ,Oni,807,mobility,187,129.24,1.44692,5.7734,0.002
drop_10pct,3,オニ,Oni,807,boundary,135,135.714,0.99474,-0.0732,0.50499
drop_10pct,3,オニ,Oni,807,livelihood,172,155.028,1.10948,1.584,0.05589
drop_10pct,3,オニ,Oni,807,dwelling,236,197.808,1.19308,3.1739,0.002
drop_10pct,3,オニ,Oni,807,death_ritual,84,113.044,0.74307,-3.0115,0.00599
drop_10pct,3,オニ,Oni,807,taboo_time_weather,159,149.42,1.06411,0.9562,0.17764
drop_10pct,3,オニ,Oni,807,actors,213,202.982,1.04935,0.8379,0.20758
drop_10pct,3,オニ,Oni,807,actions,56,73.798,0.75883,-2.1944,0.00998
drop_10pct,3,オニ,Oni,807,strict_boundary_interface,221,201.128,1.0988,1.7025,0.0499
drop_10pct,3,ヤマノカミ,Yama-no-kami,722,hydrology,89,155.882,0.57094,-6.1021,0.002
drop_10pct,3,ヤマノカミ,Yama-no-kami,722,mobility,43,110.664,0.38856,-7.3022,0.002
drop_10pct,3,ヤマノカミ,Yama-no-kami,722,boundary,88,114.562,0.76814,-2.6733,0.00399
drop_10pct,3,ヤマノカミ,Yama-no-kami,722,livelihood,213,140.714,1.51371,7.2382,0.002
drop_10pct,3,ヤマノカミ,Yama-no-kami,722,dwelling,121,173.96,0.69556,-4.6724,0.002
drop_10pct,3,ヤマノカミ,Yama-no-kami,722,death_ritual,19,95.45,0.19906,-8.0684,0.002
drop_10pct,3,ヤマノカミ,Yama-no-kami,722,taboo_time_weather,126,131.882,0.9554,-0.5966,0.29341
drop_10pct,3,ヤマノカミ,Yama-no-kami,722,actors,202,182.888,1.1045,1.6771,0.05589
drop_10pct,3,ヤマノカミ,Yama-no-kami,722,actions,24,64.86,0.37003,-5.6061,0.002
drop_10pct,3,ヤマノカミ,Yama-no-kami,722,strict_boundary_interface,142,177.248,0.80114,-3.3128,0.002
drop_10pct,3,イヌガミ,Inugami,552,hydrology,38,106.846,0.35565,-7.9729,0.002
drop_10pct,3,イヌガミ,Inugami,552,mobility,101,87.084,1.1598,1.5767,0.05589
drop_10pct,3,イヌガミ,Inugami,552,boundary,51,88.246,0.57793,-4.5206,0.002
drop_10pct,3,イヌガミ,Inugami,552,livelihood,82,102.248,0.80197,-2.2508,0.01397
drop_10pct,3,イヌガミ,Inugami,552,dwelling,202,134.904,1.49736,6.4492,0.002
drop_10pct,3,イヌガミ,Inugami,552,death_ritual,39,77.224,0.50502,-4.7714,0.002
drop_10pct,3,イヌガミ,Inugami,552,taboo_time_weather,89,99.388,0.89548,-1.2859,0.10579
drop_10pct,3,イヌガミ,Inugami,552,actors,106,134.33,0.7891,-2.8353,0.00399
drop_10pct,3,イヌガミ,Inugami,552,actions,26,51.92,0.50077,-4.0923,0.002
drop_10pct,3,イヌガミ,Inugami,552,strict_boundary_interface,111,134.502,0.82527,-2.398,0.00798
drop_10pct,3,ネコ,Neko,466,hydrology,51,97.162,0.5249,-5.4811,0.002
drop_10pct,3,ネコ,Neko,466,mobility,53,77.146,0.68701,-3.1888,0.00599
drop_10pct,3,ネコ,Neko,466,boundary,76,77.538,0.98016,-0.1883,0.4491
drop_10pct,3,ネコ,Neko,466,livelihood,52,94.096,0.55263,-5.0627,0.002
drop_10pct,3,ネコ,Neko,466,dwelling,137,120.552,1.13644,1.7446,0.0499
drop_10pct,3,ネコ,Neko,466,death_ritual,143,63.39,2.25588,11.0372,0.002
drop_10pct,3,ネコ,Neko,466,taboo_time_weather,93,88.746,1.04793,0.5035,0.33533
drop_10pct,3,ネコ,Neko,466,actors,90,119.674,0.75204,-3.1124,0.002
drop_10pct,3,ネコ,Neko,466,actions,37,40.476,0.91412,-0.5651,0.30938
drop_10pct,3,ネコ,Neko,466,strict_boundary_interface,109,118.97,0.9162,-1.0537,0.15968
drop_10pct,3,ヒノタマ,Hitodama,249,hydrology,34,50.234,0.67683,-2.6423,0.00798
drop_10pct,3,ヒノタマ,Hitodama,249,mobility,31,41.02,0.75573,-1.7227,0.03593
drop_10pct,3,ヒノタマ,Hitodama,249,boundary,56,39.9,1.40351,2.7278,0.00599
drop_10pct,3,ヒノタマ,Hitodama,249,livelihood,25,46.648,0.53593,-3.3906,0.00599
drop_10pct,3,ヒノタマ,Hitodama,249,dwelling,58,60.27,0.96234,-0.3417,0.39721
drop_10pct,3,ヒノタマ,Hitodama,249,death_ritual,51,37.814,1.34871,2.3941,0.00998
drop_10pct,3,ヒノタマ,Hitodama,249,taboo_time_weather,79,44.574,1.77233,5.7617,0.002
drop_10pct,3,ヒノタマ,Hitodama,249,actors,35,61.75,0.5668,-4.0403,0.002
drop_10pct,3,ヒノタマ,Hitodama,249,actions,47,26.438,1.77774,4.5112,0.002
drop_10pct,3,ヒノタマ,Hitodama,249,strict_boundary_interface,62,62.408,0.99346,-0.0596,0.499
drop_10pct,4,その他,Other,19084,hydrology,3297,3786.142,0.87081,-13.3312,0.002
drop_10pct,4,その他,Other,19084,mobility,3101,3242.3,0.95642,-4.3299,0.002
drop_10pct,4,その他,Other,19084,boundary,3838,3539.21,1.08442,9.1159,0.002
drop_10pct,4,その他,Other,19084,livelihood,3601,3694.344,0.97473,-2.657,0.00399
drop_10pct,4,その他,Other,19084,dwelling,4873,4750.984,1.02568,3.0832,0.002
drop_10pct,4,その他,Other,19084,death_ritual,2437,2628.618,0.9271,-6.3741,0.002
drop_10pct,4,その他,Other,19084,taboo_time_weather,4051,4108.174,0.98608,-1.5353,0.06387
drop_10pct,4,その他,Other,19084,actors,4962,5191.152,0.95586,-5.869,0.002
drop_10pct,4,その他,Other,19084,actions,1861,1797.09,1.03556,2.4639,0.01198
drop_10pct,4,その他,Other,19084,strict_boundary_interface,4763,5035.02,0.94597,-6.7539,0.002
drop_10pct,4,キツネ,Kitsune,3618,hydrology,434,749.568,0.579,-14.3775,0.002
drop_10pct,4,キツネ,Kitsune,3618,mobility,759,585.572,1.29617,8.2212,0.002
drop_10pct,4,キツネ,Kitsune,3618,boundary,375,679.006,0.55228,-14.1962,0.002
drop_10pct,4,キツネ,Kitsune,3618,livelihood,860,699.286,1.22983,7.3052,0.002
drop_10pct,4,キツネ,Kitsune,3618,dwelling,871,911.546,0.95552,-1.729,0.05589
drop_10pct,4,キツネ,Kitsune,3618,death_ritual,174,481.81,0.36114,-16.9626,0.002
drop_10pct,4,キツネ,Kitsune,3618,taboo_time_weather,716,750.608,0.95389,-1.4755,0.07385
drop_10pct,4,キツネ,Kitsune,3618,actors,870,955.656,0.91037,-3.4221,0.00399
drop_10pct,4,キツネ,Kitsune,3618,actions,271,384.09,0.70556,-6.6612,0.002
drop_10pct,4,キツネ,Kitsune,3618,strict_boundary_interface,717,953.214,0.75219,-9.7559,0.002
drop_10pct,4,ヘビ・リュウ,Snake/Dragon,2335,hydrology,1067,468.524,2.27736,32.4257,0.002
drop_10pct,4,ヘビ・リュウ,Snake/Dragon,2335,mobility,359,383.95,0.93502,-1.4525,0.08583
drop_10pct,4,ヘビ・リュウ,Snake/Dragon,2335,boundary,551,446.788,1.23325,5.7828,0.002
drop_10pct,4,ヘビ・リュウ,Snake/Dragon,2335,livelihood,450,445.622,1.00982,0.2362,0.42116
drop_10pct,4,ヘビ・リュウ,Snake/Dragon,2335,dwelling,548,573.586,0.95539,-1.2763,0.1018
drop_10pct,4,ヘビ・リュウ,Snake/Dragon,2335,death_ritual,212,309.876,0.68414,-6.388,0.002
drop_10pct,4,ヘビ・リュウ,Snake/Dragon,2335,taboo_time_weather,609,501.75,1.21375,5.5502,0.002
drop_10pct,4,ヘビ・リュウ,Snake/Dragon,2335,actors,945,630.246,1.49941,15.369,0.002
drop_10pct,4,ヘビ・リュウ,Snake/Dragon,2335,actions,136,215.472,0.63117,-6.0182,0.002
drop_10pct,4,ヘビ・リュウ,Snake/Dragon,2335,strict_boundary_interface,918,614.39,1.49416,15.4766,0.002
drop_10pct,4,ユウレイ,Yurei,1641,hydrology,161,322.538,0.49917,-10.8882,0.002
drop_10pct,4,ユウレイ,Yurei,1641,mobility,358,280.006,1.27854,5.0141,0.002
drop_10pct,4,ユウレイ,Yurei,1641,boundary,404,294.956,1.3697,7.4,0.002
drop_10pct,4,ユウレイ,Yurei,1641,livelihood,182,295.79,0.6153,-7.3249,0.002
drop_10pct,4,ユウレイ,Yurei,1641,dwelling,455,399.65,1.1385,3.182,0.002
drop_10pct,4,ユウレイ,Yurei,1641,death_ritual,1197,246.68,4.85244,70.745,0.002
drop_10pct,4,ユウレイ,Yurei,1641,taboo_time_weather,355,345.046,1.02885,0.6118,0.30739
drop_10pct,4,ユウレイ,Yurei,1641,actors,459,425.39,1.07901,1.9216,0.03194
drop_10pct,4,ユウレイ,Yurei,1641,actions,386,191.492,2.01575,16.2925,0.002
drop_10pct,4,ユウレイ,Yurei,1641,strict_boundary_interface,549,426.678,1.28668,7.2391,0.002
drop_10pct,4,カッパ,Kappa,1412,hydrology,1101,317.548,3.46719,53.5292,0.002
drop_10pct,4,カッパ,Kappa,1412,mobility,160,239.314,0.66858,-6.0791,0.002
drop_10pct,4,カッパ,Kappa,1412,boundary,162,233.676,0.69327,-5.5054,0.002
drop_10pct,4,カッパ,Kappa,1412,livelihood,398,269.978,1.47419,8.8929,0.002
drop_10pct,4,カッパ,Kappa,1412,dwelling,247,335.916,0.7353,-5.8496,0.002
drop_10pct,4,カッパ,Kappa,1412,death_ritual,106,193.892,0.5467,-7.0519,0.002
drop_10pct,4,カッパ,Kappa,1412,taboo_time_weather,181,295.456,0.61261,-7.5799,0.002
drop_10pct,4,カッパ,Kappa,1412,actors,406,370.968,1.09443,2.2763,0.01198
drop_10pct,4,カッパ,Kappa,1412,actions,106,136.46,0.77678,-3.0157,0.00399
drop_10pct,4,カッパ,Kappa,1412,strict_boundary_interface,590,376.01,1.56911,14.1929,0.002
drop_10pct,4,タヌキ,Tanuki,1268,hydrology,150,245.992,0.60978,-7.2081,0.002
drop_10pct,4,タヌキ,Tanuki,1268,mobility,294,218.154,1.34767,6.043,0.002
drop_10pct,4,タヌキ,Tanuki,1268,boundary,196,244.984,0.80005,-3.6426,0.002
drop_10pct,4,タヌキ,Tanuki,1268,livelihood,186,234.222,0.79412,-3.6442,0.002
drop_10pct,4,タヌキ,Tanuki,1268,dwelling,309,312.904,0.98752,-0.2573,0.3992
drop_10pct,4,タヌキ,Tanuki,1268,death_ritual,64,171.672,0.3728,-8.6093,0.002
drop_10pct,4,タヌキ,Tanuki,1268,taboo_time_weather,341,278.014,1.22656,4.119,0.002
drop_10pct,4,タヌキ,Tanuki,1268,actors,353,338.272,1.04354,0.9533,0.17365
drop_10pct,4,タヌキ,Tanuki,1268,actions,157,121.76,1.28942,3.4391,0.002
drop_10pct,4,タヌキ,Tanuki,1268,strict_boundary_interface,291,333.78,0.87183,-2.7184,0.00399
drop_10pct,4,テング,Tengu,1224,hydrology,156,242.878,0.6423,-6.3123,0.002
drop_10pct,4,テング,Tengu,1224,mobility,135,197.028,0.68518,-5.0222,0.002
drop_10pct,4,テング,Tengu,1224,boundary,181,232.476,0.77857,-3.8202,0.002
drop_10pct,4,テング,Tengu,1224,livelihood,181,224.024,0.80795,-3.1589,0.002
drop_10pct,4,テング,Tengu,1224,dwelling,207,291.92,0.7091,-6.1656,0.002
drop_10pct,4,テング,Tengu,1224,death_ritual,33,161.202,0.20471,-10.9611,0.002
drop_10pct,4,テング,Tengu,1224,taboo_time_weather,266,260.6,1.02072,0.3658,0.36527
drop_10pct,4,テング,Tengu,1224,actors,306,321.038,0.95316,-1.0413,0.16567
drop_10pct,4,テング,Tengu,1224,actions,113,116.144,0.97293,-0.3045,0.43114
drop_10pct,4,テング,Tengu,1224,strict_boundary_interface,269,316.834,0.84903,-3.1476,0.002
drop_10pct,4,オニ,Oni,807,hydrology,123,161.508,0.76157,-3.4822,0.002
drop_10pct,4,オニ,Oni,807,mobility,195,135.32,1.44103,5.8286,0.002
drop_10pct,4,オニ,Oni,807,boundary,179,153.316,1.16752,2.4958,0.01597
drop_10pct,4,オニ,Oni,807,livelihood,172,155.028,1.10948,1.584,0.05589
drop_10pct,4,オニ,Oni,807,dwelling,236,197.808,1.19308,3.1739,0.002
drop_10pct,4,オニ,Oni,807,death_ritual,79,108.678,0.72692,-3.1191,0.00399
drop_10pct,4,オニ,Oni,807,taboo_time_weather,172,173.794,0.98968,-0.1629,0.44711
drop_10pct,4,オニ,Oni,807,actors,234,216.504,1.08081,1.4111,0.08782
drop_10pct,4,オニ,Oni,807,actions,56,73.798,0.75883,-2.1944,0.00998
drop_10pct,4,オニ,Oni,807,strict_boundary_interface,244,213.698,1.1418,2.5087,0.00599
drop_10pct,4,ヤマノカミ,Yama-no-kami,722,hydrology,91,155.484,0.58527,-5.9766,0.002
drop_10pct,4,ヤマノカミ,Yama-no-kami,722,mobility,51,115.59,0.44121,-6.6515,0.002
drop_10pct,4,ヤマノカミ,Yama-no-kami,722,boundary,93,128.208,0.72538,-3.4025,0.002
drop_10pct,4,ヤマノカミ,Yama-no-kami,722,livelihood,213,140.714,1.51371,7.2382,0.002
drop_10pct,4,ヤマノカミ,Yama-no-kami,722,dwelling,121,173.96,0.69556,-4.6724,0.002
drop_10pct,4,ヤマノカミ,Yama-no-kami,722,death_ritual,19,92.014,0.20649,-7.9313,0.002
drop_10pct,4,ヤマノカミ,Yama-no-kami,722,taboo_time_weather,153,152.844,1.00102,0.0153,0.50499
drop_10pct,4,ヤマノカミ,Yama-no-kami,722,actors,203,192.856,1.0526,0.881,0.22954
drop_10pct,4,ヤマノカミ,Yama-no-kami,722,actions,24,64.86,0.37003,-5.6061,0.002
drop_10pct,4,ヤマノカミ,Yama-no-kami,722,strict_boundary_interface,153,187.344,0.81668,-3.1968,0.00399
drop_10pct,4,イヌガミ,Inugami,552,hydrology,38,107.178,0.35455,-8.1116,0.002
drop_10pct,4,イヌガミ,Inugami,552,mobility,112,91.96,1.21792,2.2648,0.01796
drop_10pct,4,イヌガミ,Inugami,552,boundary,64,99.556,0.64285,-4.1728,0.002
drop_10pct,4,イヌガミ,Inugami,552,livelihood,82,102.248,0.80197,-2.2508,0.01397
drop_10pct,4,イヌガミ,Inugami,552,dwelling,202,134.904,1.49736,6.4492,0.002
drop_10pct,4,イヌガミ,Inugami,552,death_ritual,42,73.508,0.57137,-4.0006,0.002
drop_10pct,4,イヌガミ,Inugami,552,taboo_time_weather,97,117.42,0.82609,-2.2511,0.01198
drop_10pct,4,イヌガミ,Inugami,552,actors,110,142.516,0.77184,-3.3214,0.002
drop_10pct,4,イヌガミ,Inugami,552,actions,26,51.92,0.50077,-4.0923,0.002
drop_10pct,4,イヌガミ,Inugami,552,strict_boundary_interface,123,143.68,0.85607,-2.0477,0.01397
drop_10pct,4,ネコ,Neko,466,hydrology,51,95.988,0.53132,-5.4372,0.002
drop_10pct,4,ネコ,Neko,466,mobility,54,80.014,0.67488,-3.3617,0.00399
drop_10pct,4,ネコ,Neko,466,boundary,84,87.956,0.95502,-0.4726,0.33733
drop_10pct,4,ネコ,Neko,466,livelihood,52,94.096,0.55263,-5.0627,0.002
drop_10pct,4,ネコ,Neko,466,dwelling,137,120.552,1.13644,1.7446,0.0499
drop_10pct,4,ネコ,Neko,466,death_ritual,155,61.586,2.51681,13.2938,0.002
drop_10pct,4,ネコ,Neko,466,taboo_time_weather,117,101.704,1.1504,1.7707,0.04192
drop_10pct,4,ネコ,Neko,466,actors,93,127.926,0.72698,-3.5433,0.002
drop_10pct,4,ネコ,Neko,466,actions,37,40.476,0.91412,-0.5651,0.30938
drop_10pct,4,ネコ,Neko,466,strict_boundary_interface,114,125.506,0.90832,-1.2347,0.11577
drop_10pct,4,ヒノタマ,Hitodama,249,hydrology,34,49.652,0.68477,-2.6153,0.00998
drop_10pct,4,ヒノタマ,Hitodama,249,mobility,34,42.792,0.79454,-1.494,0.08782
drop_10pct,4,ヒノタマ,Hitodama,249,boundary,58,44.868,1.29268,2.0788,0.02794
drop_10pct,4,ヒノタマ,Hitodama,249,livelihood,25,46.648,0.53593,-3.3906,0.00599
drop_10pct,4,ヒノタマ,Hitodama,249,dwelling,58,60.27,0.96234,-0.3417,0.39721
drop_10pct,4,ヒノタマ,Hitodama,249,death_ritual,48,36.464,1.31637,2.129,0.01996
drop_10pct,4,ヒノタマ,Hitodama,249,taboo_time_weather,80,52.59,1.5212,4.3269,0.002
drop_10pct,4,ヒノタマ,Hitodama,249,actors,37,65.476,0.56509,-4.1417,0.002
drop_10pct,4,ヒノタマ,Hitodama,249,actions,47,26.438,1.77774,4.5112,0.002
drop_10pct,4,ヒノタマ,Hitodama,249,strict_boundary_interface,61,65.846,0.9264,-0.6859,0.2515
drop_10pct,5,その他,Other,19084,hydrology,3187,3652.046,0.87266,-12.6665,0.002
drop_10pct,5,その他,Other,19084,mobility,3023,3164.09,0.95541,-4.2897,0.002
drop_10pct,5,その他,Other,19084,boundary,3778,3479.81,1.08569,9.1045,0.002
drop_10pct,5,その他,Other,19084,livelihood,3341,3457.366,0.96634,-3.3908,0.002
drop_10pct,5,その他,Other,19084,dwelling,4416,4380.736,1.00805,0.918,0.1996
drop_10pct,5,その他,Other,19084,death_ritual,2692,2831.992,0.95057,-4.5766,0.002
drop_10pct,5,その他,Other,19084,taboo_time_weather,3412,3559.448,0.95858,-4.1245,0.002
drop_10pct,5,その他,Other,19084,actors,4951,5168.048,0.958,-5.614,0.002
drop_10pct,5,その他,Other,19084,actions,2046,1975.846,1.03551,2.6691,0.01397
drop_10pct,5,その他,Other,19084,strict_boundary_interface,4637,4900.198,0.94629,-6.5587,0.002
drop_10pct,5,キツネ,Kitsune,3618,hydrology,437,718.004,0.60863,-12.9343,0.002
drop_10pct,5,キツネ,Kitsune,3618,mobility,754,572.948,1.316,8.6765,0.002
drop_10pct,5,キツネ,Kitsune,3618,boundary,367,667.984,0.54941,-14.006,0.002
drop_10pct,5,キツネ,Kitsune,3618,livelihood,853,671.434,1.27042,8.3657,0.002
drop_10pct,5,キツネ,Kitsune,3618,dwelling,840,841.336,0.99841,-0.0579,0.46906
drop_10pct,5,キツネ,Kitsune,3618,death_ritual,193,516.028,0.37401,-17.1699,0.002
drop_10pct,5,キツネ,Kitsune,3618,taboo_time_weather,665,649.65,1.02363,0.6867,0.25349
drop_10pct,5,キツネ,Kitsune,3618,actors,856,947.5,0.90343,-3.6555,0.00399
drop_10pct,5,キツネ,Kitsune,3618,actions,293,415.754,0.70474,-6.9806,0.002
drop_10pct,5,キツネ,Kitsune,3618,strict_boundary_interface,728,924.384,0.78755,-8.3825,0.002
drop_10pct,5,ヘビ・リュウ,Snake/Dragon,2335,hydrology,967,451.182,2.14326,28.5771,0.002
drop_10pct,5,ヘビ・リュウ,Snake/Dragon,2335,mobility,349,374.994,0.93068,-1.5369,0.06587
drop_10pct,5,ヘビ・リュウ,Snake/Dragon,2335,boundary,546,439.57,1.24212,5.9566,0.002
drop_10pct,5,ヘビ・リュウ,Snake/Dragon,2335,livelihood,419,422.416,0.99191,-0.1885,0.44311
drop_10pct,5,ヘビ・リュウ,Snake/Dragon,2335,dwelling,511,526.448,0.97066,-0.7943,0.22954
drop_10pct,5,ヘビ・リュウ,Snake/Dragon,2335,death_ritual,219,334.638,0.65444,-7.3029,0.002
drop_10pct,5,ヘビ・リュウ,Snake/Dragon,2335,taboo_time_weather,505,434.748,1.16159,3.9155,0.002
drop_10pct,5,ヘビ・リュウ,Snake/Dragon,2335,actors,939,626.144,1.49966,15.2176,0.002
drop_10pct,5,ヘビ・リュウ,Snake/Dragon,2335,actions,155,235.916,0.65701,-6.1138,0.002
drop_10pct,5,ヘビ・リュウ,Snake/Dragon,2335,strict_boundary_interface,849,597.972,1.4198,12.7126,0.002
drop_10pct,5,ユウレイ,Yurei,1641,hydrology,165,310.22,0.53188,-9.9858,0.002
drop_10pct,5,ユウレイ,Yurei,1641,mobility,344,273.802,1.25638,4.5293,0.002
drop_10pct,5,ユウレイ,Yurei,1641,boundary,403,289.72,1.391,7.7088,0.002
drop_10pct,5,ユウレイ,Yurei,1641,livelihood,138,276.842,0.49848,-9.1004,0.002
drop_10pct,5,ユウレイ,Yurei,1641,dwelling,433,370.456,1.16883,3.6603,0.002
drop_10pct,5,ユウレイ,Yurei,1641,death_ritual,1233,264.858,4.65532,70.3474,0.002
drop_10pct,5,ユウレイ,Yurei,1641,taboo_time_weather,304,295.114,1.03011,0.5866,0.29741
drop_10pct,5,ユウレイ,Yurei,1641,actors,460,424.072,1.08472,2.0353,0.02395
drop_10pct,5,ユウレイ,Yurei,1641,actions,402,207.718,1.93532,15.2611,0.002
drop_10pct,5,ユウレイ,Yurei,1641,strict_boundary_interface,553,414.93,1.33275,8.3363,0.002
drop_10pct,5,カッパ,Kappa,1412,hydrology,1071,302.872,3.53615,53.6068,0.002
drop_10pct,5,カッパ,Kappa,1412,mobility,149,233.512,0.63808,-6.5617,0.002
drop_10pct,5,カッパ,Kappa,1412,boundary,158,229.136,0.68955,-5.5333,0.002
drop_10pct,5,カッパ,Kappa,1412,livelihood,386,250.042,1.54374,10.0051,0.002
drop_10pct,5,カッパ,Kappa,1412,dwelling,236,312.926,0.75417,-5.1815,0.002
drop_10pct,5,カッパ,Kappa,1412,death_ritual,109,208.17,0.52361,-7.9014,0.002
drop_10pct,5,カッパ,Kappa,1412,taboo_time_weather,168,249.482,0.6734,-5.7793,0.002
drop_10pct,5,カッパ,Kappa,1412,actors,406,370.682,1.09528,2.2674,0.01597
drop_10pct,5,カッパ,Kappa,1412,actions,125,151.458,0.82531,-2.5168,0.00599
drop_10pct,5,カッパ,Kappa,1412,strict_boundary_interface,565,363.396,1.55478,14.0142,0.002
drop_10pct,5,タヌキ,Tanuki,1268,hydrology,149,238.004,0.62604,-6.7463,0.002
drop_10pct,5,タヌキ,Tanuki,1268,mobility,291,212.938,1.36659,6.3356,0.002
drop_10pct,5,タヌキ,Tanuki,1268,boundary,191,241.044,0.79239,-3.7589,0.002
drop_10pct,5,タヌキ,Tanuki,1268,livelihood,182,222.178,0.81916,-3.0568,0.002
drop_10pct,5,タヌキ,Tanuki,1268,dwelling,286,287.21,0.99579,-0.081,0.47705
drop_10pct,5,タヌキ,Tanuki,1268,death_ritual,73,186.262,0.39192,-8.759,0.002
drop_10pct,5,タヌキ,Tanuki,1268,taboo_time_weather,326,240.692,1.35443,5.9433,0.002
drop_10pct,5,タヌキ,Tanuki,1268,actors,349,336.568,1.03694,0.8057,0.21557
drop_10pct,5,タヌキ,Tanuki,1268,actions,170,132.942,1.27875,3.5594,0.002
drop_10pct,5,タヌキ,Tanuki,1268,strict_boundary_interface,289,324.814,0.88974,-2.357,0.00798
drop_10pct,5,テング,Tengu,1224,hydrology,151,234.406,0.64418,-6.0279,0.002
drop_10pct,5,テング,Tengu,1224,mobility,133,192.668,0.69031,-4.9222,0.002
drop_10pct,5,テング,Tengu,1224,boundary,180,228.392,0.78812,-3.6126,0.002
drop_10pct,5,テング,Tengu,1224,livelihood,171,213.14,0.80229,-3.1237,0.002
drop_10pct,5,テング,Tengu,1224,dwelling,193,268.306,0.71933,-5.745,0.002
drop_10pct,5,テング,Tengu,1224,death_ritual,35,172.834,0.20251,-11.5496,0.002
drop_10pct,5,テング,Tengu,1224,taboo_time_weather,242,225.366,1.07381,1.2088,0.12375
drop_10pct,5,テング,Tengu,1224,actors,297,318.94,0.93121,-1.5209,0.06188
drop_10pct,5,テング,Tengu,1224,actions,123,125.462,0.98038,-0.2359,0.44311
drop_10pct,5,テング,Tengu,1224,strict_boundary_interface,258,307.59,0.83878,-3.3002,0.002
drop_10pct,5,オニ,Oni,807,hydrology,121,154.906,0.78112,-3.1323,0.002
drop_10pct,5,オニ,Oni,807,mobility,192,132.348,1.45072,5.8522,0.002
drop_10pct,5,オニ,Oni,807,boundary,166,151.08,1.09876,1.46,0.06986
drop_10pct,5,オニ,Oni,807,livelihood,172,146.732,1.17221,2.4168,0.01796
drop_10pct,5,オニ,Oni,807,dwelling,205,181.16,1.1316,2.0431,0.02994
drop_10pct,5,オニ,Oni,807,death_ritual,87,117.468,0.74063,-3.112,0.00399
drop_10pct,5,オニ,Oni,807,taboo_time_weather,159,150.146,1.05897,0.8827,0.1976
drop_10pct,5,オニ,Oni,807,actors,236,215.178,1.09677,1.6685,0.05389
drop_10pct,5,オニ,Oni,807,actions,62,81.86,0.75739,-2.3527,0.00798
drop_10pct,5,オニ,Oni,807,strict_boundary_interface,228,208.194,1.09513,1.6346,0.0479
drop_10pct,5,ヤマノカミ,Yama-no-kami,722,hydrology,88,148.296,0.59341,-5.5891,0.002
drop_10pct,5,ヤマノカミ,Yama-no-kami,722,mobility,48,112.72,0.42583,-6.6676,0.002
drop_10pct,5,ヤマノカミ,Yama-no-kami,722,boundary,91,126.13,0.72148,-3.4552,0.002
drop_10pct,5,ヤマノカミ,Yama-no-kami,722,livelihood,207,133.198,1.55408,7.5139,0.002
drop_10pct,5,ヤマノカミ,Yama-no-kami,722,dwelling,117,160.618,0.72844,-3.9408,0.002
drop_10pct,5,ヤマノカミ,Yama-no-kami,722,death_ritual,20,98.954,0.20211,-8.2616,0.002
drop_10pct,5,ヤマノカミ,Yama-no-kami,722,taboo_time_weather,128,132.526,0.96585,-0.4593,0.33333
drop_10pct,5,ヤマノカミ,Yama-no-kami,722,actors,202,191.904,1.05261,0.8802,0.20758
drop_10pct,5,ヤマノカミ,Yama-no-kami,722,actions,34,71.158,0.47781,-4.8811,0.002
drop_10pct,5,ヤマノカミ,Yama-no-kami,722,strict_boundary_interface,149,181.37,0.82153,-2.9647,0.00399
drop_10pct,5,イヌガミ,Inugami,552,hydrology,37,102.142,0.36224,-7.6536,0.002
drop_10pct,5,イヌガミ,Inugami,552,mobility,111,89.984,1.23355,2.3968,0.01796
drop_10pct,5,イヌガミ,Inugami,552,boundary,62,97.852,0.63361,-4.2573,0.002
drop_10pct,5,イヌガミ,Inugami,552,livelihood,82,96.644,0.84847,-1.6909,0.0479
drop_10pct,5,イヌガミ,Inugami,552,dwelling,201,124.536,1.61399,7.6564,0.002
drop_10pct,5,イヌガミ,Inugami,552,death_ritual,47,80.322,0.58514,-4.1033,0.002
drop_10pct,5,イヌガミ,Inugami,552,taboo_time_weather,90,99.882,0.90106,-1.2249,0.10579
drop_10pct,5,イヌガミ,Inugami,552,actors,108,142.214,0.75942,-3.478,0.002
drop_10pct,5,イヌガミ,Inugami,552,actions,29,57.468,0.50463,-4.3285,0.002
drop_10pct,5,イヌガミ,Inugami,552,strict_boundary_interface,123,140.202,0.87731,-1.7169,0.04192
drop_10pct,5,ネコ,Neko,466,hydrology,46,93.156,0.4938,-5.712,0.002
drop_10pct,5,ネコ,Neko,466,mobility,54,78.234,0.69024,-3.1694,0.00399
drop_10pct,5,ネコ,Neko,466,boundary,81,86.266,0.93896,-0.6319,0.28543
drop_10pct,5,ネコ,Neko,466,livelihood,49,88.576,0.5532,-4.9092,0.002
drop_10pct,5,ネコ,Neko,466,dwelling,127,111.502,1.13899,1.7157,0.04591
drop_10pct,5,ネコ,Neko,466,death_ritual,156,66.35,2.35117,12.3026,0.002
drop_10pct,5,ネコ,Neko,466,taboo_time_weather,93,89.166,1.043,0.4565,0.36128
drop_10pct,5,ネコ,Neko,466,actors,96,127.376,0.75367,-3.184,0.002
drop_10pct,5,ネコ,Neko,466,actions,42,44.562,0.94251,-0.3978,0.36727
drop_10pct,5,ネコ,Neko,466,strict_boundary_interface,106,122.038,0.86858,-1.695,0.05389
drop_10pct,5,ヒノタマ,Hitodama,249,hydrology,34,47.766,0.7118,-2.2816,0.01796
drop_10pct,5,ヒノタマ,Hitodama,249,mobility,32,41.762,0.76625,-1.6841,0.0479
drop_10pct,5,ヒノタマ,Hitodama,249,boundary,58,44.016,1.3177,2.2354,0.01597
drop_10pct,5,ヒノタマ,Hitodama,249,livelihood,22,43.432,0.50654,-3.5378,0.00399
drop_10pct,5,ヒノタマ,Hitodama,249,dwelling,56,55.766,1.0042,0.0356,0.51697
drop_10pct,5,ヒノタマ,Hitodama,249,death_ritual,53,39.124,1.35467,2.4846,0.00798
drop_10pct,5,ヒノタマ,Hitodama,249,taboo_time_weather,79,44.78,1.76418,5.6781,0.002
drop_10pct,5,ヒノタマ,Hitodama,249,actors,34,65.374,0.52008,-4.5458,0.002
drop_10pct,5,ヒノタマ,Hitodama,249,actions,48,28.856,1.66343,4.1838,0.002
drop_10pct,5,ヒノタマ,Hitodama,249,strict_boundary_interface,64,63.912,1.00138,0.0126,0.53493
drop_20pct,1,その他,Other,19084,hydrology,2710,2989.832,0.90641,-8.664,0.002
drop_20pct,1,その他,Other,19084,mobility,1993,2078.146,0.95903,-3.1802,0.002
drop_20pct,1,その他,Other,19084,boundary,3231,2987.962,1.08134,8.119,0.002
drop_20pct,1,その他,Other,19084,livelihood,3181,3296.578,0.96494,-3.4836,0.002
drop_20pct,1,その他,Other,19084,dwelling,4756,4662.202,1.02012,2.3979,0.00798
drop_20pct,1,その他,Other,19084,death_ritual,2452,2630.292,0.93222,-5.9207,0.002
drop_20pct,1,その他,Other,19084,taboo_time_weather,3788,3894.118,0.97275,-2.8768,0.002
drop_20pct,1,その他,Other,19084,actors,3642,3847.654,0.94655,-5.7994,0.002
drop_20pct,1,その他,Other,19084,actions,1062,1028.786,1.03228,1.767,0.04192
drop_20pct,1,その他,Other,19084,strict_boundary_interface,3783,3922.248,0.9645,-3.9113,0.002
drop_20pct,1,キツネ,Kitsune,3618,hydrology,389,602.834,0.64529,-10.5785,0.002
drop_20pct,1,キツネ,Kitsune,3618,mobility,394,358.848,1.09796,2.1522,0.01198
drop_20pct,1,キツネ,Kitsune,3618,boundary,321,574.74,0.55851,-12.956,0.002
drop_20pct,1,キツネ,Kitsune,3618,livelihood,830,640.88,1.29509,9.003,0.002
drop_20pct,1,キツネ,Kitsune,3618,dwelling,865,896.13,0.96526,-1.3218,0.09581
drop_20pct,1,キツネ,Kitsune,3618,death_ritual,183,482.998,0.37888,-16.2732,0.002
drop_20pct,1,キツネ,Kitsune,3618,taboo_time_weather,707,714.392,0.98965,-0.3246,0.38323
drop_20pct,1,キツネ,Kitsune,3618,actors,645,715.678,0.90124,-3.1697,0.002
drop_20pct,1,キツネ,Kitsune,3618,actions,130,182.376,0.71281,-4.3969,0.002
drop_20pct,1,キツネ,Kitsune,3618,strict_boundary_interface,546,749.804,0.72819,-9.5182,0.002
drop_20pct,1,ヘビ・リュウ,Snake/Dragon,2335,hydrology,732,367.512,1.99177,22.2059,0.002
drop_20pct,1,ヘビ・リュウ,Snake/Dragon,2335,mobility,237,242.948,0.97552,-0.4146,0.34531
drop_20pct,1,ヘビ・リュウ,Snake/Dragon,2335,boundary,507,380.696,1.33177,7.5978,0.002
drop_20pct,1,ヘビ・リュウ,Snake/Dragon,2335,livelihood,385,402.876,0.95563,-1.0315,0.17166
drop_20pct,1,ヘビ・リュウ,Snake/Dragon,2335,dwelling,548,562.982,0.97339,-0.7561,0.27345
drop_20pct,1,ヘビ・リュウ,Snake/Dragon,2335,death_ritual,208,310.678,0.6695,-6.7948,0.002
drop_20pct,1,ヘビ・リュウ,Snake/Dragon,2335,taboo_time_weather,583,475.608,1.2258,5.788,0.002
drop_20pct,1,ヘビ・リュウ,Snake/Dragon,2335,actors,714,471.05,1.51576,13.0749,0.002
drop_20pct,1,ヘビ・リュウ,Snake/Dragon,2335,actions,98,121.516,0.80648,-2.3569,0.00998
drop_20pct,1,ヘビ・リュウ,Snake/Dragon,2335,strict_boundary_interface,691,481.802,1.4342,11.6568,0.002
drop_20pct,1,ユウレイ,Yurei,1641,hydrology,145,250.874,0.57798,-7.7046,0.002
drop_20pct,1,ユウレイ,Yurei,1641,mobility,275,172.92,1.59033,7.996,0.002
drop_20pct,1,ユウレイ,Yurei,1641,boundary,232,242.27,0.95761,-0.758,0.22954
drop_20pct,1,ユウレイ,Yurei,1641,livelihood,127,265.07,0.47912,-9.2469,0.002
drop_20pct,1,ユウレイ,Yurei,1641,dwelling,446,392.946,1.13502,3.0825,0.002
drop_20pct,1,ユウレイ,Yurei,1641,death_ritual,1212,248.566,4.87597,72.2463,0.002
drop_20pct,1,ユウレイ,Yurei,1641,taboo_time_weather,352,328.314,1.07214,1.4785,0.06786
drop_20pct,1,ユウレイ,Yurei,1641,actors,276,314.788,0.87678,-2.4742,0.00798
drop_20pct,1,ユウレイ,Yurei,1641,actions,139,88.73,1.56655,5.394,0.002
drop_20pct,1,ユウレイ,Yurei,1641,strict_boundary_interface,366,325.674,1.12382,2.6381,0.00599
drop_20pct,1,カッパ,Kappa,1412,hydrology,736,238.478,3.08624,36.2707,0.002
drop_20pct,1,カッパ,Kappa,1412,mobility,126,153.638,0.82011,-2.6018,0.00599
drop_20pct,1,カッパ,Kappa,1412,boundary,151,193.76,0.77931,-3.4331,0.002
drop_20pct,1,カッパ,Kappa,1412,livelihood,376,239.568,1.56949,10.3117,0.002
drop_20pct,1,カッパ,Kappa,1412,dwelling,238,329.824,0.7216,-6.1113,0.002
drop_20pct,1,カッパ,Kappa,1412,death_ritual,85,193.754,0.4387,-9.0441,0.002
drop_20pct,1,カッパ,Kappa,1412,taboo_time_weather,171,281.706,0.60702,-7.3408,0.002
drop_20pct,1,カッパ,Kappa,1412,actors,356,278.842,1.27671,5.5743,0.002
drop_20pct,1,カッパ,Kappa,1412,actions,68,79.088,0.8598,-1.3551,0.0998
drop_20pct,1,カッパ,Kappa,1412,strict_boundary_interface,408,282.246,1.44555,9.1704,0.002
drop_20pct,1,タヌキ,Tanuki,1268,hydrology,131,190.208,0.68872,-4.9855,0.002
drop_20pct,1,タヌキ,Tanuki,1268,mobility,175,138.79,1.2609,3.5582,0.002
drop_20pct,1,タヌキ,Tanuki,1268,boundary,184,207.768,0.8856,-1.8813,0.03393
drop_20pct,1,タヌキ,Tanuki,1268,livelihood,174,213.15,0.81633,-3.0453,0.00399
drop_20pct,1,タヌキ,Tanuki,1268,dwelling,307,307.39,0.99873,-0.026,0.50499
drop_20pct,1,タヌキ,Tanuki,1268,death_ritual,69,172.55,0.39988,-8.2379,0.002
drop_20pct,1,タヌキ,Tanuki,1268,taboo_time_weather,338,263.178,1.2843,5.0065,0.002
drop_20pct,1,タヌキ,Tanuki,1268,actors,261,249.178,1.04744,0.841,0.20958
drop_20pct,1,タヌキ,Tanuki,1268,actions,81,66.962,1.20964,1.7863,0.05389
drop_20pct,1,タヌキ,Tanuki,1268,strict_boundary_interface,254,261.646,0.97078,-0.5329,0.31936
drop_20pct,1,テング,Tengu,1224,hydrology,138,190.432,0.72467,-4.2447,0.002
drop_20pct,1,テング,Tengu,1224,mobility,79,123.448,0.63995,-4.2025,0.002
drop_20pct,1,テング,Tengu,1224,boundary,164,199.91,0.82037,-2.7825,0.002
drop_20pct,1,テング,Tengu,1224,livelihood,163,203.272,0.80188,-3.033,0.00399
drop_20pct,1,テング,Tengu,1224,dwelling,207,286.432,0.72268,-5.7729,0.002
drop_20pct,1,テング,Tengu,1224,death_ritual,34,159.78,0.21279,-11.1929,0.002
drop_20pct,1,テング,Tengu,1224,taboo_time_weather,254,247.612,1.0258,0.4363,0.3493
drop_20pct,1,テング,Tengu,1224,actors,262,242.406,1.08083,1.4063,0.08982
drop_20pct,1,テング,Tengu,1224,actions,87,64.05,1.35831,3.0743,0.00399
drop_20pct,1,テング,Tengu,1224,strict_boundary_interface,219,248.242,0.8822,-2.0722,0.02196
drop_20pct,1,オニ,Oni,807,hydrology,104,127.074,0.81842,-2.296,0.00998
drop_20pct,1,オニ,Oni,807,mobility,129,86.776,1.48659,4.8332,0.002
drop_20pct,1,オニ,Oni,807,boundary,164,129.646,1.26498,3.4547,0.00399
drop_20pct,1,オニ,Oni,807,livelihood,168,140.468,1.196,2.6597,0.01597
drop_20pct,1,オニ,Oni,807,dwelling,233,193.714,1.2028,3.3026,0.002
drop_20pct,1,オニ,Oni,807,death_ritual,81,109.29,0.74115,-2.9767,0.00399
drop_20pct,1,オニ,Oni,807,taboo_time_weather,169,165.708,1.01987,0.3036,0.38523
drop_20pct,1,オニ,Oni,807,actors,177,160.334,1.10395,1.4416,0.08184
drop_20pct,1,オニ,Oni,807,actions,35,41.618,0.84098,-1.1011,0.14371
drop_20pct,1,オニ,Oni,807,strict_boundary_interface,206,167.676,1.22856,3.3891,0.002
drop_20pct,1,ヤマノカミ,Yama-no-kami,722,hydrology,77,120.198,0.64061,-4.5041,0.002
drop_20pct,1,ヤマノカミ,Yama-no-kami,722,mobility,30,73.304,0.40925,-5.2505,0.002
drop_20pct,1,ヤマノカミ,Yama-no-kami,722,boundary,82,109.128,0.75141,-2.9021,0.002
drop_20pct,1,ヤマノカミ,Yama-no-kami,722,livelihood,200,127.146,1.57299,7.3921,0.002
drop_20pct,1,ヤマノカミ,Yama-no-kami,722,dwelling,121,170.608,0.70923,-4.4461,0.002
drop_20pct,1,ヤマノカミ,Yama-no-kami,722,death_ritual,17,91.664,0.18546,-8.1759,0.002
drop_20pct,1,ヤマノカミ,Yama-no-kami,722,taboo_time_weather,122,143.628,0.84942,-2.12,0.01796
drop_20pct,1,ヤマノカミ,Yama-no-kami,722,actors,158,144.11,1.09638,1.3352,0.09581
drop_20pct,1,ヤマノカミ,Yama-no-kami,722,actions,29,38.958,0.74439,-1.6627,0.05589
drop_20pct,1,ヤマノカミ,Yama-no-kami,722,strict_boundary_interface,124,144.814,0.85627,-2.06,0.01996
drop_20pct,1,イヌガミ,Inugami,552,hydrology,33,84.886,0.38876,-6.6173,0.002
drop_20pct,1,イヌガミ,Inugami,552,mobility,61,59.78,1.02041,0.1665,0.46108
drop_20pct,1,イヌガミ,Inugami,552,boundary,56,82.896,0.67555,-3.39,0.002
drop_20pct,1,イヌガミ,Inugami,552,livelihood,78,91.976,0.84805,-1.6747,0.04591
drop_20pct,1,イヌガミ,Inugami,552,dwelling,201,132.288,1.51941,6.6994,0.002
drop_20pct,1,イヌガミ,Inugami,552,death_ritual,46,74.198,0.61996,-3.6165,0.002
drop_20pct,1,イヌガミ,Inugami,552,taboo_time_weather,92,111.344,0.82627,-2.1479,0.01397
drop_20pct,1,イヌガミ,Inugami,552,actors,81,104.704,0.77361,-2.773,0.00399
drop_20pct,1,イヌガミ,Inugami,552,actions,15,30.268,0.49557,-2.9256,0.00399
drop_20pct,1,イヌガミ,Inugami,552,strict_boundary_interface,90,111.898,0.8043,-2.4723,0.00599
drop_20pct,1,ネコ,Neko,466,hydrology,50,77.19,0.64775,-3.5242,0.002
drop_20pct,1,ネコ,Neko,466,mobility,42,51.454,0.81626,-1.463,0.08184
drop_20pct,1,ネコ,Neko,466,boundary,81,74.75,1.08361,0.8025,0.21357
drop_20pct,1,ネコ,Neko,466,livelihood,44,84.552,0.52039,-5.1819,0.002
drop_20pct,1,ネコ,Neko,466,dwelling,135,118.17,1.14242,1.7929,0.0479
drop_20pct,1,ネコ,Neko,466,death_ritual,139,61.562,2.25789,11.1269,0.002
drop_20pct,1,ネコ,Neko,466,taboo_time_weather,116,96.376,1.20362,2.3287,0.01597
drop_20pct,1,ネコ,Neko,466,actors,69,94.154,0.73284,-2.9122,0.002
drop_20pct,1,ネコ,Neko,466,actions,23,24.074,0.95539,-0.2207,0.44711
drop_20pct,1,ネコ,Neko,466,strict_boundary_interface,105,98.396,1.06712,0.7577,0.2475
drop_20pct,1,ヒノタマ,Hitodama,249,hydrology,33,38.482,0.85754,-1.0206,0.16766
drop_20pct,1,ヒノタマ,Hitodama,249,mobility,26,26.948,0.96482,-0.1918,0.49102
drop_20pct,1,ヒノタマ,Hitodama,249,boundary,48,37.474,1.28089,1.8069,0.05589
drop_20pct,1,ヒノタマ,Hitodama,249,livelihood,21,41.464,0.50646,-3.4183,0.00399
drop_20pct,1,ヒノタマ,Hitodama,249,dwelling,55,59.314,0.92727,-0.6501,0.26347
drop_20pct,1,ヒノタマ,Hitodama,249,death_ritual,46,36.668,1.2545,1.7332,0.05988
drop_20pct,1,ヒノタマ,Hitodama,249,taboo_time_weather,80,50.016,1.59949,4.8602,0.002
drop_20pct,1,ヒノタマ,Hitodama,249,actors,31,49.102,0.63134,-2.9058,0.002
drop_20pct,1,ヒノタマ,Hitodama,249,actions,13,13.574,0.95771,-0.1717,0.52495
drop_20pct,1,ヒノタマ,Hitodama,249,strict_boundary_interface,53,50.554,1.04838,0.3977,0.3493
drop_20pct,2,その他,Other,19084,hydrology,2950,3319.438,0.8887,-10.9358,0.002
drop_20pct,2,その他,Other,19084,mobility,2499,2645.41,0.94466,-4.9456,0.002
drop_20pct,2,その他,Other,19084,boundary,2669,2386.362,1.11844,10.2252,0.002
drop_20pct,2,その他,Other,19084,livelihood,3339,3461.838,0.96452,-3.6022,0.002
drop_20pct,2,その他,Other,19084,dwelling,4835,4717.96,1.02481,2.946,0.002
drop_20pct,2,その他,Other,19084,death_ritual,2297,2515.0,0.91332,-7.3041,0.002
drop_20pct,2,その他,Other,19084,taboo_time_weather,1265,1164.758,1.08606,4.7245,0.002
drop_20pct,2,その他,Other,19084,actors,3579,3750.814,0.95419,-4.8489,0.002
drop_20pct,2,その他,Other,19084,actions,1753,1673.714,1.04737,3.2001,0.002
drop_20pct,2,その他,Other,19084,strict_boundary_interface,3379,3596.938,0.93941,-6.2775,0.002
drop_20pct,2,キツネ,Kitsune,3618,hydrology,394,651.482,0.60477,-12.3256,0.002
drop_20pct,2,キツネ,Kitsune,3618,mobility,659,484.072,1.36137,8.6059,0.002
drop_20pct,2,キツネ,Kitsune,3618,boundary,250,450.052,0.55549,-11.1658,0.002
drop_20pct,2,キツネ,Kitsune,3618,livelihood,849,671.314,1.26468,8.2392,0.002
drop_20pct,2,キツネ,Kitsune,3618,dwelling,862,904.984,0.9525,-1.8182,0.05389
drop_20pct,2,キツネ,Kitsune,3618,death_ritual,172,464.768,0.37008,-16.5225,0.002
drop_20pct,2,キツネ,Kitsune,3618,taboo_time_weather,160,213.168,0.75058,-3.9301,0.002
drop_20pct,2,キツネ,Kitsune,3618,actors,632,686.116,0.92113,-2.456,0.00998
drop_20pct,2,キツネ,Kitsune,3618,actions,260,363.24,0.71578,-6.2364,0.002
drop_20pct,2,キツネ,Kitsune,3618,strict_boundary_interface,570,674.122,0.84554,-4.9053,0.002
drop_20pct,2,ヘビ・リュウ,Snake/Dragon,2335,hydrology,676,406.504,1.66296,15.7767,0.002
drop_20pct,2,ヘビ・リュウ,Snake/Dragon,2335,mobility,293,316.308,0.92631,-1.4591,0.08184
drop_20pct,2,ヘビ・リュウ,Snake/Dragon,2335,boundary,299,293.082,1.02019,0.3999,0.3513
drop_20pct,2,ヘビ・リュウ,Snake/Dragon,2335,livelihood,422,422.776,0.99816,-0.0431,0.49102
drop_20pct,2,ヘビ・リュウ,Snake/Dragon,2335,dwelling,546,569.9,0.95806,-1.191,0.12176
drop_20pct,2,ヘビ・リュウ,Snake/Dragon,2335,death_ritual,210,296.45,0.70838,-5.8891,0.002
drop_20pct,2,ヘビ・リュウ,Snake/Dragon,2335,taboo_time_weather,165,141.208,1.16849,2.1202,0.02794
drop_20pct,2,ヘビ・リュウ,Snake/Dragon,2335,actors,655,455.15,1.43909,10.7528,0.002
drop_20pct,2,ヘビ・リュウ,Snake/Dragon,2335,actions,109,201.68,0.54046,-7.0751,0.002
drop_20pct,2,ヘビ・リュウ,Snake/Dragon,2335,strict_boundary_interface,502,432.404,1.16095,3.9108,0.002
drop_20pct,2,ユウレイ,Yurei,1641,hydrology,171,284.496,0.60106,-7.802,0.002
drop_20pct,2,ユウレイ,Yurei,1641,mobility,324,230.838,1.40358,6.551,0.002
drop_20pct,2,ユウレイ,Yurei,1641,boundary,290,201.036,1.44253,7.1744,0.002
drop_20pct,2,ユウレイ,Yurei,1641,livelihood,137,276.892,0.49478,-9.2092,0.002
drop_20pct,2,ユウレイ,Yurei,1641,dwelling,455,397.398,1.14495,3.3154,0.002
drop_20pct,2,ユウレイ,Yurei,1641,death_ritual,1180,237.322,4.97215,71.3914,0.002
drop_20pct,2,ユウレイ,Yurei,1641,taboo_time_weather,95,99.474,0.95502,-0.4777,0.33134
drop_20pct,2,ユウレイ,Yurei,1641,actors,283,306.394,0.92365,-1.4983,0.07984
drop_20pct,2,ユウレイ,Yurei,1641,actions,353,180.966,1.95064,14.6643,0.002
drop_20pct,2,ユウレイ,Yurei,1641,strict_boundary_interface,432,305.6,1.41361,8.2469,0.002
drop_20pct,2,カッパ,Kappa,1412,hydrology,1085,286.96,3.78101,57.2447,0.002
drop_20pct,2,カッパ,Kappa,1412,mobility,126,198.776,0.63388,-5.9655,0.002
drop_20pct,2,カッパ,Kappa,1412,boundary,122,167.496,0.72838,-3.9939,0.002
drop_20pct,2,カッパ,Kappa,1412,livelihood,386,250.12,1.54326,10.0476,0.002
drop_20pct,2,カッパ,Kappa,1412,dwelling,247,334.26,0.73895,-5.7563,0.002
drop_20pct,2,カッパ,Kappa,1412,death_ritual,97,186.184,0.52099,-7.175,0.002
drop_20pct,2,カッパ,Kappa,1412,taboo_time_weather,57,87.006,0.65513,-3.6588,0.002
drop_20pct,2,カッパ,Kappa,1412,actors,345,273.212,1.26276,5.2095,0.002
drop_20pct,2,カッパ,Kappa,1412,actions,102,126.746,0.80476,-2.545,0.00998
drop_20pct,2,カッパ,Kappa,1412,strict_boundary_interface,489,277.03,1.76515,15.6325,0.002
drop_20pct,2,タヌキ,Tanuki,1268,hydrology,138,212.146,0.6505,-5.8975,0.002
drop_20pct,2,タヌキ,Tanuki,1268,mobility,241,179.354,1.34371,5.1103,0.002
drop_20pct,2,タヌキ,Tanuki,1268,boundary,95,161.55,0.58805,-5.6416,0.002
drop_20pct,2,タヌキ,Tanuki,1268,livelihood,184,222.712,0.82618,-2.9378,0.002
drop_20pct,2,タヌキ,Tanuki,1268,dwelling,309,310.95,0.99373,-0.1296,0.46707
drop_20pct,2,タヌキ,Tanuki,1268,death_ritual,64,163.958,0.39034,-8.1863,0.002
drop_20pct,2,タヌキ,Tanuki,1268,taboo_time_weather,52,79.024,0.65803,-3.2237,0.002
drop_20pct,2,タヌキ,Tanuki,1268,actors,261,242.808,1.07492,1.3399,0.0998
drop_20pct,2,タヌキ,Tanuki,1268,actions,154,114.71,1.34252,3.9363,0.002
drop_20pct,2,タヌキ,Tanuki,1268,strict_boundary_interface,198,237.744,0.83283,-2.9583,0.002
drop_20pct,2,テング,Tengu,1224,hydrology,146,209.398,0.69724,-5.0507,0.002
drop_20pct,2,テング,Tengu,1224,mobility,115,161.916,0.71024,-4.1702,0.002
drop_20pct,2,テング,Tengu,1224,boundary,112,152.072,0.73649,-3.5198,0.002
drop_20pct,2,テング,Tengu,1224,livelihood,175,213.162,0.82097,-2.8231,0.00399
drop_20pct,2,テング,Tengu,1224,dwelling,205,290.422,0.70587,-6.2495,0.002
drop_20pct,2,テング,Tengu,1224,death_ritual,33,153.444,0.21506,-10.6759,0.002
drop_20pct,2,テング,Tengu,1224,taboo_time_weather,57,74.306,0.7671,-2.0881,0.01597
drop_20pct,2,テング,Tengu,1224,actors,247,233.042,1.05989,1.0198,0.16567
drop_20pct,2,テング,Tengu,1224,actions,109,109.416,0.9962,-0.041,0.51697
drop_20pct,2,テング,Tengu,1224,strict_boundary_interface,188,220.166,0.8539,-2.5348,0.00798
drop_20pct,2,オニ,Oni,807,hydrology,114,141.638,0.80487,-2.567,0.00599
drop_20pct,2,オニ,Oni,807,mobility,137,111.052,1.23366,2.7744,0.00599
drop_20pct,2,オニ,Oni,807,boundary,115,101.052,1.13803,1.4918,0.07186
drop_20pct,2,オニ,Oni,807,livelihood,172,146.854,1.17123,2.4028,0.01996
drop_20pct,2,オニ,Oni,807,dwelling,235,196.496,1.19595,3.2094,0.002
drop_20pct,2,オニ,Oni,807,death_ritual,79,104.164,0.75842,-2.7289,0.00998
drop_20pct,2,オニ,Oni,807,taboo_time_weather,22,48.19,0.45653,-3.703,0.002
drop_20pct,2,オニ,Oni,807,actors,160,156.218,1.02421,0.3229,0.37525
drop_20pct,2,オニ,Oni,807,actions,47,68.958,0.68157,-2.8092,0.00399
drop_20pct,2,オニ,Oni,807,strict_boundary_interface,175,151.872,1.15229,2.2207,0.01996
drop_20pct,2,ヤマノカミ,Yama-no-kami,722,hydrology,81,137.472,0.58921,-5.4693,0.002
drop_20pct,2,ヤマノカミ,Yama-no-kami,722,mobility,43,95.972,0.44805,-5.8922,0.002
drop_20pct,2,ヤマノカミ,Yama-no-kami,722,boundary,77,86.99,0.88516,-1.157,0.15369
drop_20pct,2,ヤマノカミ,Yama-no-kami,722,livelihood,211,133.356,1.58223,7.8675,0.002
drop_20pct,2,ヤマノカミ,Yama-no-kami,722,dwelling,121,172.834,0.70009,-4.6139,0.002
drop_20pct,2,ヤマノカミ,Yama-no-kami,722,death_ritual,18,88.2,0.20408,-7.8673,0.002
drop_20pct,2,ヤマノカミ,Yama-no-kami,722,taboo_time_weather,94,44.464,2.11407,7.9688,0.002
drop_20pct,2,ヤマノカミ,Yama-no-kami,722,actors,152,139.994,1.08576,1.1699,0.12176
drop_20pct,2,ヤマノカミ,Yama-no-kami,722,actions,21,60.384,0.34777,-5.5447,0.002
drop_20pct,2,ヤマノカミ,Yama-no-kami,722,strict_boundary_interface,129,134.688,0.95777,-0.5719,0.31737
drop_20pct,2,イヌガミ,Inugami,552,hydrology,37,96.186,0.38467,-7.0359,0.002
drop_20pct,2,イヌガミ,Inugami,552,mobility,97,78.25,1.23962,2.3004,0.00998
drop_20pct,2,イヌガミ,Inugami,552,boundary,57,68.764,0.82892,-1.4886,0.07984
drop_20pct,2,イヌガミ,Inugami,552,livelihood,82,96.742,0.84762,-1.6996,0.04391
drop_20pct,2,イヌガミ,Inugami,552,dwelling,201,134.194,1.49783,6.4511,0.002
drop_20pct,2,イヌガミ,Inugami,552,death_ritual,41,70.496,0.58159,-3.8155,0.002
drop_20pct,2,イヌガミ,Inugami,552,taboo_time_weather,22,34.86,0.6311,-2.2606,0.01397
drop_20pct,2,イヌガミ,Inugami,552,actors,74,102.41,0.72259,-3.2905,0.002
drop_20pct,2,イヌガミ,Inugami,552,actions,24,48.89,0.4909,-4.1176,0.002
drop_20pct,2,イヌガミ,Inugami,552,strict_boundary_interface,109,105.924,1.02904,0.3503,0.37126
drop_20pct,2,ネコ,Neko,466,hydrology,49,84.378,0.58072,-4.3954,0.002
drop_20pct,2,ネコ,Neko,466,mobility,41,64.6,0.63467,-3.3088,0.002
drop_20pct,2,ネコ,Neko,466,boundary,35,58.998,0.59324,-3.2943,0.002
drop_20pct,2,ネコ,Neko,466,livelihood,49,88.774,0.55196,-4.9439,0.002
drop_20pct,2,ネコ,Neko,466,dwelling,136,119.656,1.13659,1.7416,0.05788
drop_20pct,2,ネコ,Neko,466,death_ritual,139,58.836,2.3625,11.6462,0.002
drop_20pct,2,ネコ,Neko,466,taboo_time_weather,32,27.96,1.14449,0.8041,0.22555
drop_20pct,2,ネコ,Neko,466,actors,72,92.282,0.78022,-2.3042,0.01198
drop_20pct,2,ネコ,Neko,466,actions,37,37.486,0.98704,-0.0825,0.52096
drop_20pct,2,ネコ,Neko,466,strict_boundary_interface,60,89.942,0.6671,-3.5094,0.002
drop_20pct,2,ヒノタマ,Hitodama,249,hydrology,33,43.902,0.75167,-1.8947,0.03792
drop_20pct,2,ヒノタマ,Hitodama,249,mobility,27,35.452,0.76159,-1.5869,0.06786
drop_20pct,2,ヒノタマ,Hitodama,249,boundary,37,30.546,1.21129,1.1525,0.14571
drop_20pct,2,ヒノタマ,Hitodama,249,livelihood,22,43.46,0.50621,-3.5176,0.00399
drop_20pct,2,ヒノタマ,Hitodama,249,dwelling,57,59.946,0.95086,-0.4437,0.35329
drop_20pct,2,ヒノタマ,Hitodama,249,death_ritual,44,35.178,1.25078,1.6543,0.06986
drop_20pct,2,ヒノタマ,Hitodama,249,taboo_time_weather,9,15.582,0.57759,-1.7211,0.05589
drop_20pct,2,ヒノタマ,Hitodama,249,actors,26,47.56,0.54668,-3.5864,0.002
drop_20pct,2,ヒノタマ,Hitodama,249,actions,42,24.81,1.69287,3.8768,0.002
drop_20pct,2,ヒノタマ,Hitodama,249,strict_boundary_interface,43,47.57,0.90393,-0.7214,0.2495
drop_20pct,3,その他,Other,19084,hydrology,3376,3826.692,0.88222,-12.381,0.002
drop_20pct,3,その他,Other,19084,mobility,2461,2629.422,0.93595,-5.3577,0.002
drop_20pct,3,その他,Other,19084,boundary,2577,2286.432,1.12708,10.9196,0.002
drop_20pct,3,その他,Other,19084,livelihood,3196,3205.942,0.9969,-0.2979,0.37325
drop_20pct,3,その他,Other,19084,dwelling,2169,1906.448,1.13772,9.7816,0.002
drop_20pct,3,その他,Other,19084,death_ritual,2214,2422.02,0.91411,-7.1804,0.002
drop_20pct,3,その他,Other,19084,taboo_time_weather,3405,3551.72,0.95869,-4.1041,0.002
drop_20pct,3,その他,Other,19084,actors,4243,4383.85,0.96787,-3.9357,0.002
drop_20pct,3,その他,Other,19084,actions,1862,1790.668,1.03984,2.719,0.00399
drop_20pct,3,その他,Other,19084,strict_boundary_interface,3484,3779.39,0.92184,-8.2692,0.002
drop_20pct,3,キツネ,Kitsune,3618,hydrology,439,755.922,0.58075,-14.4743,0.002
drop_20pct,3,キツネ,Kitsune,3618,mobility,719,497.826,1.44428,11.1589,0.002
drop_20pct,3,キツネ,Kitsune,3618,boundary,263,425.926,0.61748,-9.4635,0.002
drop_20pct,3,キツネ,Kitsune,3618,livelihood,578,615.162,0.93959,-1.7679,0.04391
drop_20pct,3,キツネ,Kitsune,3618,dwelling,222,375.796,0.59075,-9.7355,0.002
drop_20pct,3,キツネ,Kitsune,3618,death_ritual,173,446.524,0.38744,-15.4526,0.002
drop_20pct,3,キツネ,Kitsune,3618,taboo_time_weather,664,648.316,1.02419,0.7031,0.25349
drop_20pct,3,キツネ,Kitsune,3618,actors,689,802.322,0.85876,-4.8471,0.002
drop_20pct,3,キツネ,Kitsune,3618,actions,279,382.496,0.72942,-6.0058,0.002
drop_20pct,3,キツネ,Kitsune,3618,strict_boundary_interface,600,713.426,0.84101,-5.3368,0.002
drop_20pct,3,ヘビ・リュウ,Snake/Dragon,2335,hydrology,1046,472.524,2.21364,30.7372,0.002
drop_20pct,3,ヘビ・リュウ,Snake/Dragon,2335,mobility,298,316.75,0.94081,-1.1916,0.12974
drop_20pct,3,ヘビ・リュウ,Snake/Dragon,2335,boundary,321,283.024,1.13418,2.5982,0.01198
drop_20pct,3,ヘビ・リュウ,Snake/Dragon,2335,livelihood,413,388.494,1.06308,1.378,0.08982
drop_20pct,3,ヘビ・リュウ,Snake/Dragon,2335,dwelling,192,230.372,0.83343,-2.6885,0.00399
drop_20pct,3,ヘビ・リュウ,Snake/Dragon,2335,death_ritual,199,285.374,0.69733,-5.8442,0.002
drop_20pct,3,ヘビ・リュウ,Snake/Dragon,2335,taboo_time_weather,504,433.784,1.16187,3.9269,0.002
drop_20pct,3,ヘビ・リュウ,Snake/Dragon,2335,actors,842,527.614,1.59586,16.7471,0.002
drop_20pct,3,ヘビ・リュウ,Snake/Dragon,2335,actions,148,213.818,0.69218,-5.183,0.002
drop_20pct,3,ヘビ・リュウ,Snake/Dragon,2335,strict_boundary_interface,724,458.498,1.57907,14.6751,0.002
drop_20pct,3,ユウレイ,Yurei,1641,hydrology,182,327.05,0.55649,-9.6628,0.002
drop_20pct,3,ユウレイ,Yurei,1641,mobility,174,227.066,0.7663,-3.7525,0.002
drop_20pct,3,ユウレイ,Yurei,1641,boundary,141,183.838,0.76698,-3.5779,0.002
drop_20pct,3,ユウレイ,Yurei,1641,livelihood,129,255.032,0.50582,-8.4181,0.002
drop_20pct,3,ユウレイ,Yurei,1641,dwelling,214,161.268,1.32698,4.4783,0.002
drop_20pct,3,ユウレイ,Yurei,1641,death_ritual,1183,231.61,5.10772,72.9567,0.002
drop_20pct,3,ユウレイ,Yurei,1641,taboo_time_weather,304,294.686,1.03161,0.6122,0.29541
drop_20pct,3,ユウレイ,Yurei,1641,actors,406,361.494,1.12312,2.6496,0.00599
drop_20pct,3,ユウレイ,Yurei,1641,actions,401,192.292,2.08537,16.9975,0.002
drop_20pct,3,ユウレイ,Yurei,1641,strict_boundary_interface,249,314.582,0.79153,-4.4108,0.002
drop_20pct,3,カッパ,Kappa,1412,hydrology,1096,318.732,3.43863,54.4105,0.002
drop_20pct,3,カッパ,Kappa,1412,mobility,131,184.578,0.70973,-4.3629,0.002
drop_20pct,3,カッパ,Kappa,1412,boundary,127,155.452,0.81697,-2.4889,0.00399
drop_20pct,3,カッパ,Kappa,1412,livelihood,381,235.05,1.62093,10.9953,0.002
drop_20pct,3,カッパ,Kappa,1412,dwelling,74,123.226,0.60052,-4.9731,0.002
drop_20pct,3,カッパ,Kappa,1412,death_ritual,92,179.584,0.5123,-7.2705,0.002
drop_20pct,3,カッパ,Kappa,1412,taboo_time_weather,165,249.072,0.66246,-5.9949,0.002
drop_20pct,3,カッパ,Kappa,1412,actors,359,317.818,1.12958,2.7591,0.00599
drop_20pct,3,カッパ,Kappa,1412,actions,100,137.738,0.72602,-3.7046,0.002
drop_20pct,3,カッパ,Kappa,1412,strict_boundary_interface,545,284.486,1.91574,18.4105,0.002
drop_20pct,3,タヌキ,Tanuki,1268,hydrology,148,248.088,0.59656,-7.5261,0.002
drop_20pct,3,タヌキ,Tanuki,1268,mobility,273,180.604,1.51159,8.1044,0.002
drop_20pct,3,タヌキ,Tanuki,1268,boundary,93,154.502,0.60193,-5.3189,0.002
drop_20pct,3,タヌキ,Tanuki,1268,livelihood,179,206.432,0.86711,-2.1638,0.01996
drop_20pct,3,タヌキ,Tanuki,1268,dwelling,109,123.31,0.88395,-1.3652,0.09581
drop_20pct,3,タヌキ,Tanuki,1268,death_ritual,67,159.718,0.41949,-7.6003,0.002
drop_20pct,3,タヌキ,Tanuki,1268,taboo_time_weather,326,240.22,1.35709,5.9943,0.002
drop_20pct,3,タヌキ,Tanuki,1268,actors,277,283.04,0.97866,-0.4031,0.37325
drop_20pct,3,タヌキ,Tanuki,1268,actions,146,121.47,1.20194,2.4838,0.00798
drop_20pct,3,タヌキ,Tanuki,1268,strict_boundary_interface,218,249.9,0.87235,-2.2289,0.01198
drop_20pct,3,テング,Tengu,1224,hydrology,146,244.178,0.59792,-7.0945,0.002
drop_20pct,3,テング,Tengu,1224,mobility,129,165.502,0.77945,-3.2514,0.002
drop_20pct,3,テング,Tengu,1224,boundary,126,146.576,0.85962,-1.9041,0.02994
drop_20pct,3,テング,Tengu,1224,livelihood,171,195.018,0.87684,-1.834,0.04192
drop_20pct,3,テング,Tengu,1224,dwelling,78,116.444,0.66985,-3.9168,0.002
drop_20pct,3,テング,Tengu,1224,death_ritual,35,144.586,0.24207,-10.1782,0.002
drop_20pct,3,テング,Tengu,1224,taboo_time_weather,243,224.766,1.08112,1.3218,0.10379
drop_20pct,3,テング,Tengu,1224,actors,208,269.16,0.77277,-4.4929,0.002
drop_20pct,3,テング,Tengu,1224,actions,77,113.892,0.67608,-3.6946,0.002
drop_20pct,3,テング,Tengu,1224,strict_boundary_interface,220,234.89,0.93661,-1.108,0.14172
drop_20pct,3,オニ,Oni,807,hydrology,121,162.69,0.74375,-3.7967,0.002
drop_20pct,3,オニ,Oni,807,mobility,177,110.484,1.60204,7.2527,0.002
drop_20pct,3,オニ,Oni,807,boundary,115,97.762,1.17633,1.8164,0.04192
drop_20pct,3,オニ,Oni,807,livelihood,170,135.022,1.25905,3.4319,0.00399
drop_20pct,3,オニ,Oni,807,dwelling,115,81.074,1.41846,4.1259,0.002
drop_20pct,3,オニ,Oni,807,death_ritual,75,101.108,0.74178,-2.8658,0.00599
drop_20pct,3,オニ,Oni,807,taboo_time_weather,159,149.796,1.06144,0.92,0.18563
drop_20pct,3,オニ,Oni,807,actors,199,181.358,1.09728,1.4876,0.08383
drop_20pct,3,オニ,Oni,807,actions,60,74.192,0.80871,-1.7167,0.0499
drop_20pct,3,オニ,Oni,807,strict_boundary_interface,189,159.75,1.1831,2.6551,0.00798
drop_20pct,3,ヤマノカミ,Yama-no-kami,722,hydrology,89,155.882,0.57094,-6.1021,0.002
drop_20pct,3,ヤマノカミ,Yama-no-kami,722,mobility,43,93.048,0.46213,-5.6641,0.002
drop_20pct,3,ヤマノカミ,Yama-no-kami,722,boundary,88,83.714,1.0512,0.5086,0.32934
drop_20pct,3,ヤマノカミ,Yama-no-kami,722,livelihood,208,124.296,1.67342,8.6273,0.002
drop_20pct,3,ヤマノカミ,Yama-no-kami,722,dwelling,27,65.97,0.40928,-5.1424,0.002
drop_20pct,3,ヤマノカミ,Yama-no-kami,722,death_ritual,14,84.168,0.16633,-8.0226,0.002
drop_20pct,3,ヤマノカミ,Yama-no-kami,722,taboo_time_weather,126,132.226,0.95291,-0.6349,0.27944
drop_20pct,3,ヤマノカミ,Yama-no-kami,722,actors,152,162.238,0.9369,-0.9853,0.20359
drop_20pct,3,ヤマノカミ,Yama-no-kami,722,actions,30,63.978,0.46891,-4.4227,0.002
drop_20pct,3,ヤマノカミ,Yama-no-kami,722,strict_boundary_interface,142,141.602,1.00281,0.0385,0.51497
drop_20pct,3,イヌガミ,Inugami,552,hydrology,38,106.846,0.35565,-7.9729,0.002
drop_20pct,3,イヌガミ,Inugami,552,mobility,105,72.864,1.44104,3.9833,0.002
drop_20pct,3,イヌガミ,Inugami,552,boundary,54,64.594,0.83599,-1.3972,0.08982
drop_20pct,3,イヌガミ,Inugami,552,livelihood,78,90.5,0.86188,-1.4937,0.07585
drop_20pct,3,イヌガミ,Inugami,552,dwelling,31,49.366,0.62796,-2.8306,0.00399
drop_20pct,3,イヌガミ,Inugami,552,death_ritual,39,69.316,0.56264,-3.987,0.002
drop_20pct,3,イヌガミ,Inugami,552,taboo_time_weather,90,99.788,0.90191,-1.2063,0.10778
drop_20pct,3,イヌガミ,Inugami,552,actors,89,119.92,0.74216,-3.3043,0.00399
drop_20pct,3,イヌガミ,Inugami,552,actions,26,51.924,0.50073,-3.9294,0.002
drop_20pct,3,イヌガミ,Inugami,552,strict_boundary_interface,107,106.13,1.0082,0.094,0.48104
drop_20pct,3,ネコ,Neko,466,hydrology,51,97.162,0.5249,-5.4811,0.002
drop_20pct,3,ネコ,Neko,466,mobility,42,65.708,0.63919,-3.312,0.002
drop_20pct,3,ネコ,Neko,466,boundary,34,57.878,0.58744,-3.3399,0.002
drop_20pct,3,ネコ,Neko,466,livelihood,48,81.96,0.58565,-4.324,0.002
drop_20pct,3,ネコ,Neko,466,dwelling,51,49.818,1.02373,0.1856,0.46307
drop_20pct,3,ネコ,Neko,466,death_ritual,78,56.008,1.39266,3.2327,0.002
drop_20pct,3,ネコ,Neko,466,taboo_time_weather,93,88.944,1.0456,0.4825,0.3493
drop_20pct,3,ネコ,Neko,466,actors,81,108.222,0.74846,-2.9468,0.00599
drop_20pct,3,ネコ,Neko,466,actions,35,39.908,0.87702,-0.7823,0.25749
drop_20pct,3,ネコ,Neko,466,strict_boundary_interface,67,95.91,0.69857,-3.2683,0.002
drop_20pct,3,ヒノタマ,Hitodama,249,hydrology,34,50.234,0.67683,-2.6423,0.00798
drop_20pct,3,ヒノタマ,Hitodama,249,mobility,26,34.148,0.76139,-1.4858,0.06188
drop_20pct,3,ヒノタマ,Hitodama,249,boundary,29,28.302,1.02466,0.1377,0.46507
drop_20pct,3,ヒノタマ,Hitodama,249,livelihood,22,40.092,0.54874,-3.0277,0.00599
drop_20pct,3,ヒノタマ,Hitodama,249,dwelling,25,23.908,1.04568,0.2534,0.47505
drop_20pct,3,ヒノタマ,Hitodama,249,death_ritual,45,33.984,1.32415,2.0792,0.01996
drop_20pct,3,ヒノタマ,Hitodama,249,taboo_time_weather,79,44.682,1.76805,5.7104,0.002
drop_20pct,3,ヒノタマ,Hitodama,249,actors,28,55.964,0.50032,-4.2666,0.002
drop_20pct,3,ヒノタマ,Hitodama,249,actions,45,26.624,1.6902,4.0924,0.002
drop_20pct,3,ヒノタマ,Hitodama,249,strict_boundary_interface,42,48.436,0.86712,-0.9901,0.16168
drop_20pct,4,その他,Other,19084,hydrology,3372,3823.064,0.88202,-12.4171,0.002
drop_20pct,4,その他,Other,19084,mobility,2685,2815.37,0.95369,-4.2872,0.002
drop_20pct,4,その他,Other,19084,boundary,3778,3479.81,1.08569,9.1045,0.002
drop_20pct,4,その他,Other,19084,livelihood,3482,3574.932,0.974,-2.6609,0.00399
drop_20pct,4,その他,Other,19084,dwelling,1565,1411.774,1.10853,6.6002,0.002
drop_20pct,4,その他,Other,19084,death_ritual,2190,1981.322,1.10532,7.853,0.002
drop_20pct,4,その他,Other,19084,taboo_time_weather,3856,3953.058,0.97545,-2.6258,0.00599
drop_20pct,4,その他,Other,19084,actors,4066,4304.26,0.94465,-6.6218,0.002
drop_20pct,4,その他,Other,19084,actions,780,805.89,0.96787,-1.4948,0.07186
drop_20pct,4,その他,Other,19084,strict_boundary_interface,4409,4633.256,0.9516,-5.7848,0.002
drop_20pct,4,キツネ,Kitsune,3618,hydrology,438,755.472,0.57977,-14.5148,0.002
drop_20pct,4,キツネ,Kitsune,3618,mobility,679,504.944,1.3447,8.4102,0.002
drop_20pct,4,キツネ,Kitsune,3618,boundary,367,667.984,0.54941,-14.006,0.002
drop_20pct,4,キツネ,Kitsune,3618,livelihood,856,677.196,1.26404,8.1406,0.002
drop_20pct,4,キツネ,Kitsune,3618,dwelling,165,275.928,0.59798,-7.8445,0.002
drop_20pct,4,キツネ,Kitsune,3618,death_ritual,147,361.824,0.40627,-13.0481,0.002
drop_20pct,4,キツネ,Kitsune,3618,taboo_time_weather,711,726.306,0.97893,-0.6619,0.2515
drop_20pct,4,キツネ,Kitsune,3618,actors,771,794.888,0.96995,-1.0298,0.1497
drop_20pct,4,キツネ,Kitsune,3618,actions,149,145.722,1.02249,0.3051,0.39321
drop_20pct,4,キツネ,Kitsune,3618,strict_boundary_interface,650,875.878,0.74211,-9.7504,0.002
drop_20pct,4,ヘビ・リュウ,Snake/Dragon,2335,hydrology,1045,472.106,2.21349,30.6941,0.002
drop_20pct,4,ヘビ・リュウ,Snake/Dragon,2335,mobility,310,332.756,0.93161,-1.3878,0.09381
drop_20pct,4,ヘビ・リュウ,Snake/Dragon,2335,boundary,546,439.57,1.24212,5.9566,0.002
drop_20pct,4,ヘビ・リュウ,Snake/Dragon,2335,livelihood,421,431.274,0.97618,-0.5664,0.28743
drop_20pct,4,ヘビ・リュウ,Snake/Dragon,2335,dwelling,142,169.176,0.83936,-2.2606,0.00798
drop_20pct,4,ヘビ・リュウ,Snake/Dragon,2335,death_ritual,148,238.598,0.62029,-6.5726,0.002
drop_20pct,4,ヘビ・リュウ,Snake/Dragon,2335,taboo_time_weather,592,482.774,1.22625,5.795,0.002
drop_20pct,4,ヘビ・リュウ,Snake/Dragon,2335,actors,842,524.614,1.60499,16.1404,0.002
drop_20pct,4,ヘビ・リュウ,Snake/Dragon,2335,actions,80,96.504,0.82898,-1.8079,0.03593
drop_20pct,4,ヘビ・リュウ,Snake/Dragon,2335,strict_boundary_interface,850,564.304,1.50628,14.5461,0.002
drop_20pct,4,ユウレイ,Yurei,1641,hydrology,182,326.826,0.55687,-9.6727,0.002
drop_20pct,4,ユウレイ,Yurei,1641,mobility,337,243.666,1.38304,6.379,0.002
drop_20pct,4,ユウレイ,Yurei,1641,boundary,403,289.72,1.391,7.7088,0.002
drop_20pct,4,ユウレイ,Yurei,1641,livelihood,175,286.898,0.60997,-7.2976,0.002
drop_20pct,4,ユウレイ,Yurei,1641,dwelling,186,122.816,1.51446,6.1027,0.002
drop_20pct,4,ユウレイ,Yurei,1641,death_ritual,473,174.372,2.71259,27.1872,0.002
drop_20pct,4,ユウレイ,Yurei,1641,taboo_time_weather,353,333.172,1.05951,1.2296,0.12575
drop_20pct,4,ユウレイ,Yurei,1641,actors,421,350.938,1.19964,4.3148,0.002
drop_20pct,4,ユウレイ,Yurei,1641,actions,106,69.106,1.53388,4.6466,0.002
drop_20pct,4,ユウレイ,Yurei,1641,strict_boundary_interface,511,393.264,1.29938,7.3315,0.002
drop_20pct,4,カッパ,Kappa,1412,hydrology,1096,318.446,3.44171,54.3789,0.002
drop_20pct,4,カッパ,Kappa,1412,mobility,134,211.402,0.63386,-6.1518,0.002
drop_20pct,4,カッパ,Kappa,1412,boundary,158,229.136,0.68955,-5.5333,0.002
drop_20pct,4,カッパ,Kappa,1412,livelihood,396,263.05,1.50542,9.3997,0.002
drop_20pct,4,カッパ,Kappa,1412,dwelling,64,91.892,0.69647,-3.1169,0.00399
drop_20pct,4,カッパ,Kappa,1412,death_ritual,98,142.464,0.68789,-4.2249,0.002
drop_20pct,4,カッパ,Kappa,1412,taboo_time_weather,175,286.314,0.61122,-7.3081,0.002
drop_20pct,4,カッパ,Kappa,1412,actors,225,300.05,0.74988,-5.1049,0.002
drop_20pct,4,カッパ,Kappa,1412,actions,41,60.346,0.67942,-2.667,0.00599
drop_20pct,4,カッパ,Kappa,1412,strict_boundary_interface,571,350.028,1.6313,14.9959,0.002
drop_20pct,4,タヌキ,Tanuki,1268,hydrology,148,247.838,0.59716,-7.4951,0.002
drop_20pct,4,タヌキ,Tanuki,1268,mobility,251,188.036,1.33485,5.1314,0.002
drop_20pct,4,タヌキ,Tanuki,1268,boundary,191,241.044,0.79239,-3.7589,0.002
drop_20pct,4,タヌキ,Tanuki,1268,livelihood,177,226.966,0.77985,-3.8437,0.002
drop_20pct,4,タヌキ,Tanuki,1268,dwelling,77,90.204,0.85362,-1.4548,0.09182
drop_20pct,4,タヌキ,Tanuki,1268,death_ritual,52,131.732,0.39474,-7.376,0.002
drop_20pct,4,タヌキ,Tanuki,1268,taboo_time_weather,339,267.11,1.26914,4.8176,0.002
drop_20pct,4,タヌキ,Tanuki,1268,actors,314,281.492,1.11548,2.2797,0.00998
drop_20pct,4,タヌキ,Tanuki,1268,actions,85,53.136,1.59967,4.5582,0.002
drop_20pct,4,タヌキ,Tanuki,1268,strict_boundary_interface,244,303.988,0.80266,-3.9352,0.002
drop_20pct,4,テング,Tengu,1224,hydrology,146,243.942,0.5985,-7.1095,0.002
drop_20pct,4,テング,Tengu,1224,mobility,118,169.97,0.69424,-4.5627,0.002
drop_20pct,4,テング,Tengu,1224,boundary,180,228.392,0.78812,-3.6126,0.002
drop_20pct,4,テング,Tengu,1224,livelihood,171,216.91,0.78835,-3.3871,0.002
drop_20pct,4,テング,Tengu,1224,dwelling,59,86.992,0.67822,-3.1486,0.00399
drop_20pct,4,テング,Tengu,1224,death_ritual,21,126.746,0.16569,-10.0056,0.002
drop_20pct,4,テング,Tengu,1224,taboo_time_weather,256,251.362,1.01845,0.3162,0.37525
drop_20pct,4,テング,Tengu,1224,actors,224,265.59,0.84341,-3.0813,0.00399
drop_20pct,4,テング,Tengu,1224,actions,76,51.452,1.4771,3.579,0.00399
drop_20pct,4,テング,Tengu,1224,strict_boundary_interface,246,288.816,0.85175,-2.9563,0.002
drop_20pct,4,オニ,Oni,807,hydrology,121,162.55,0.74439,-3.7865,0.002
drop_20pct,4,オニ,Oni,807,mobility,141,117.198,1.20309,2.508,0.01198
drop_20pct,4,オニ,Oni,807,boundary,166,151.08,1.09876,1.46,0.06986
drop_20pct,4,オニ,Oni,807,livelihood,170,150.278,1.13124,1.861,0.03792
drop_20pct,4,オニ,Oni,807,dwelling,81,59.18,1.36871,3.153,0.002
drop_20pct,4,オニ,Oni,807,death_ritual,67,82.448,0.81263,-1.8689,0.02994
drop_20pct,4,オニ,Oni,807,taboo_time_weather,169,168.01,1.00589,0.0916,0.47705
drop_20pct,4,オニ,Oni,807,actors,198,181.102,1.09331,1.4356,0.08583
drop_20pct,4,オニ,Oni,807,actions,25,32.23,0.77567,-1.3351,0.10579
drop_20pct,4,オニ,Oni,807,strict_boundary_interface,195,196.398,0.99288,-0.1193,0.47106
drop_20pct,4,ヤマノカミ,Yama-no-kami,722,hydrology,89,155.8,0.57125,-6.1067,0.002
drop_20pct,4,ヤマノカミ,Yama-no-kami,722,mobility,44,101.004,0.43563,-6.2377,0.002
drop_20pct,4,ヤマノカミ,Yama-no-kami,722,boundary,91,126.13,0.72148,-3.4552,0.002
drop_20pct,4,ヤマノカミ,Yama-no-kami,722,livelihood,203,136.288,1.48949,6.7306,0.002
drop_20pct,4,ヤマノカミ,Yama-no-kami,722,dwelling,19,47.406,0.40079,-4.3388,0.002
drop_20pct,4,ヤマノカミ,Yama-no-kami,722,death_ritual,15,70.902,0.21156,-6.7334,0.002
drop_20pct,4,ヤマノカミ,Yama-no-kami,722,taboo_time_weather,134,146.308,0.91588,-1.2071,0.12774
drop_20pct,4,ヤマノカミ,Yama-no-kami,722,actors,176,158.45,1.11076,1.5879,0.06587
drop_20pct,4,ヤマノカミ,Yama-no-kami,722,actions,15,30.396,0.49349,-2.897,0.002
drop_20pct,4,ヤマノカミ,Yama-no-kami,722,strict_boundary_interface,144,172.148,0.83649,-2.689,0.00399
drop_20pct,4,イヌガミ,Inugami,552,hydrology,38,106.644,0.35633,-7.9126,0.002
drop_20pct,4,イヌガミ,Inugami,552,mobility,99,81.922,1.20847,2.0528,0.02395
drop_20pct,4,イヌガミ,Inugami,552,boundary,62,97.852,0.63361,-4.2573,0.002
drop_20pct,4,イヌガミ,Inugami,552,livelihood,75,98.872,0.75856,-2.7274,0.00599
drop_20pct,4,イヌガミ,Inugami,552,dwelling,30,36.026,0.83273,-1.0413,0.17964
drop_20pct,4,イヌガミ,Inugami,552,death_ritual,35,56.788,0.61633,-2.9775,0.00599
drop_20pct,4,イヌガミ,Inugami,552,taboo_time_weather,94,112.87,0.83282,-2.0983,0.01796
drop_20pct,4,イヌガミ,Inugami,552,actors,94,117.558,0.79961,-2.5576,0.00599
drop_20pct,4,イヌガミ,Inugami,552,actions,11,23.426,0.46956,-2.6719,0.00798
drop_20pct,4,イヌガミ,Inugami,552,strict_boundary_interface,107,132.566,0.80715,-2.5947,0.00399
drop_20pct,4,ネコ,Neko,466,hydrology,51,97.096,0.52525,-5.4786,0.002
drop_20pct,4,ネコ,Neko,466,mobility,46,69.142,0.6653,-3.1259,0.002
drop_20pct,4,ネコ,Neko,466,boundary,81,86.266,0.93896,-0.6319,0.28543
drop_20pct,4,ネコ,Neko,466,livelihood,50,91.172,0.54841,-4.9745,0.002
drop_20pct,4,ネコ,Neko,466,dwelling,36,37.46,0.96103,-0.2633,0.44511
drop_20pct,4,ネコ,Neko,466,death_ritual,151,48.276,3.12785,15.8341,0.002
drop_20pct,4,ネコ,Neko,466,taboo_time_weather,117,97.916,1.1949,2.2588,0.01597
drop_20pct,4,ネコ,Neko,466,actors,81,107.002,0.757,-2.8074,0.002
drop_20pct,4,ネコ,Neko,466,actions,18,19.162,0.93936,-0.2654,0.43713
drop_20pct,4,ネコ,Neko,466,strict_boundary_interface,99,115.56,0.8567,-1.7734,0.04391
drop_20pct,4,ヒノタマ,Hitodama,249,hydrology,34,50.216,0.67708,-2.6374,0.00798
drop_20pct,4,ヒノタマ,Hitodama,249,mobility,29,37.59,0.77148,-1.5719,0.07385
drop_20pct,4,ヒノタマ,Hitodama,249,boundary,58,44.016,1.3177,2.2354,0.01597
drop_20pct,4,ヒノタマ,Hitodama,249,livelihood,23,45.164,0.50926,-3.4821,0.00399
drop_20pct,4,ヒノタマ,Hitodama,249,dwelling,23,18.146,1.2675,1.271,0.12575
drop_20pct,4,ヒノタマ,Hitodama,249,death_ritual,45,26.528,1.69632,3.7857,0.002
drop_20pct,4,ヒノタマ,Hitodama,249,taboo_time_weather,80,50.8,1.5748,4.6853,0.002
drop_20pct,4,ヒノタマ,Hitodama,249,actors,28,54.056,0.51798,-4.0301,0.002
drop_20pct,4,ヒノタマ,Hitodama,249,actions,12,10.63,1.12888,0.4435,0.38124
drop_20pct,4,ヒノタマ,Hitodama,249,strict_boundary_interface,61,60.794,1.00339,0.0301,0.53293
drop_20pct,5,その他,Other,19084,hydrology,2859,3227.976,0.88569,-11.0461,0.002
drop_20pct,5,その他,Other,19084,mobility,1975,2029.272,0.97326,-2.0788,0.02395
drop_20pct,5,その他,Other,19084,boundary,3680,3400.136,1.08231,8.4667,0.002
drop_20pct,5,その他,Other,19084,livelihood,3088,3159.132,0.97748,-2.1677,0.01996
drop_20pct,5,その他,Other,19084,dwelling,4835,4717.96,1.02481,2.946,0.002
drop_20pct,5,その他,Other,19084,death_ritual,2133,2379.432,0.89643,-8.4578,0.002
drop_20pct,5,その他,Other,19084,taboo_time_weather,3360,3444.648,0.97543,-2.4364,0.00798
drop_20pct,5,その他,Other,19084,actors,4363,4489.804,0.97176,-3.4369,0.002
drop_20pct,5,その他,Other,19084,actions,1950,1899.456,1.02661,1.9099,0.02994
drop_20pct,5,その他,Other,19084,strict_boundary_interface,4119,4268.748,0.96492,-3.9122,0.002
drop_20pct,5,キツネ,Kitsune,3618,hydrology,388,628.036,0.6178,-11.4324,0.002
drop_20pct,5,キツネ,Kitsune,3618,mobility,373,337.476,1.10526,2.2306,0.01397
drop_20pct,5,キツネ,Kitsune,3618,boundary,357,653.46,0.54632,-13.8878,0.002
drop_20pct,5,キツネ,Kitsune,3618,livelihood,780,614.48,1.26937,7.9808,0.002
drop_20pct,5,キツネ,Kitsune,3618,dwelling,862,904.984,0.9525,-1.8182,0.05389
drop_20pct,5,キツネ,Kitsune,3618,death_ritual,163,433.288,0.37619,-15.5249,0.002
drop_20pct,5,キツネ,Kitsune,3618,taboo_time_weather,657,621.422,1.05725,1.5855,0.05389
drop_20pct,5,キツネ,Kitsune,3618,actors,707,821.962,0.86014,-4.8052,0.002
drop_20pct,5,キツネ,Kitsune,3618,actions,296,401.054,0.73806,-6.0388,0.002
drop_20pct,5,キツネ,Kitsune,3618,strict_boundary_interface,571,799.002,0.71464,-10.0169,0.002
drop_20pct,5,ヘビ・リュウ,Snake/Dragon,2335,hydrology,627,393.912,1.59173,13.7633,0.002
drop_20pct,5,ヘビ・リュウ,Snake/Dragon,2335,mobility,226,231.134,0.97779,-0.3669,0.35729
drop_20pct,5,ヘビ・リュウ,Snake/Dragon,2335,boundary,537,430.928,1.24615,5.8447,0.002
drop_20pct,5,ヘビ・リュウ,Snake/Dragon,2335,livelihood,389,386.69,1.00597,0.1363,0.46307
drop_20pct,5,ヘビ・リュウ,Snake/Dragon,2335,dwelling,546,569.9,0.95806,-1.191,0.12176
drop_20pct,5,ヘビ・リュウ,Snake/Dragon,2335,death_ritual,158,277.098,0.5702,-7.9093,0.002
drop_20pct,5,ヘビ・リュウ,Snake/Dragon,2335,taboo_time_weather,349,416.81,0.83731,-3.6955,0.002
drop_20pct,5,ヘビ・リュウ,Snake/Dragon,2335,actors,851,541.04,1.5729,16.1539,0.002
drop_20pct,5,ヘビ・リュウ,Snake/Dragon,2335,actions,132,226.64,0.58242,-7.237,0.002
drop_20pct,5,ヘビ・リュウ,Snake/Dragon,2335,strict_boundary_interface,604,514.294,1.17443,4.7267,0.002
drop_20pct,5,ユウレイ,Yurei,1641,hydrology,163,275.624,0.59139,-7.8154,0.002
drop_20pct,5,ユウレイ,Yurei,1641,mobility,271,167.8,1.61502,8.632,0.002
drop_20pct,5,ユウレイ,Yurei,1641,boundary,398,283.872,1.40204,7.7855,0.002
drop_20pct,5,ユウレイ,Yurei,1641,livelihood,132,252.79,0.52217,-8.2688,0.002
drop_20pct,5,ユウレイ,Yurei,1641,dwelling,455,397.398,1.14495,3.3154,0.002
drop_20pct,5,ユウレイ,Yurei,1641,death_ritual,1211,228.446,5.30103,74.0605,0.002
drop_20pct,5,ユウレイ,Yurei,1641,taboo_time_weather,333,290.07,1.148,2.8915,0.002
drop_20pct,5,ユウレイ,Yurei,1641,actors,409,370.216,1.10476,2.3351,0.01397
drop_20pct,5,ユウレイ,Yurei,1641,actions,409,201.198,2.03282,16.813,0.002
drop_20pct,5,ユウレイ,Yurei,1641,strict_boundary_interface,535,364.974,1.46586,10.4216,0.002
drop_20pct,5,カッパ,Kappa,1412,hydrology,1085,281.414,3.85553,57.7295,0.002
drop_20pct,5,カッパ,Kappa,1412,mobility,100,152.508,0.6557,-4.7951,0.002
drop_20pct,5,カッパ,Kappa,1412,boundary,157,224.066,0.70069,-5.2797,0.002
drop_20pct,5,カッパ,Kappa,1412,livelihood,361,226.33,1.59502,10.3954,0.002
drop_20pct,5,カッパ,Kappa,1412,dwelling,247,334.26,0.73895,-5.7563,0.002
drop_20pct,5,カッパ,Kappa,1412,death_ritual,74,177.754,0.41631,-8.7085,0.002
drop_20pct,5,カッパ,Kappa,1412,taboo_time_weather,159,247.378,0.64274,-6.2239,0.002
drop_20pct,5,カッパ,Kappa,1412,actors,364,323.454,1.12535,2.6754,0.00798
drop_20pct,5,カッパ,Kappa,1412,actions,127,145.508,0.8728,-1.7773,0.03992
drop_20pct,5,カッパ,Kappa,1412,strict_boundary_interface,523,319.116,1.6389,14.9824,0.002
drop_20pct,5,タヌキ,Tanuki,1268,hydrology,135,206.546,0.65361,-5.7815,0.002
drop_20pct,5,タヌキ,Tanuki,1268,mobility,166,131.83,1.2592,3.4698,0.002
drop_20pct,5,タヌキ,Tanuki,1268,boundary,191,235.554,0.81085,-3.3528,0.002
drop_20pct,5,タヌキ,Tanuki,1268,livelihood,150,201.274,0.74525,-3.9404,0.002
drop_20pct,5,タヌキ,Tanuki,1268,dwelling,309,310.95,0.99373,-0.1296,0.46707
drop_20pct,5,タヌキ,Tanuki,1268,death_ritual,58,153.686,0.37739,-8.178,0.002
drop_20pct,5,タヌキ,Tanuki,1268,taboo_time_weather,322,231.562,1.39056,6.3193,0.002
drop_20pct,5,タヌキ,Tanuki,1268,actors,297,291.636,1.01839,0.364,0.37525
drop_20pct,5,タヌキ,Tanuki,1268,actions,170,127.94,1.32875,4.1932,0.002
drop_20pct,5,タヌキ,Tanuki,1268,strict_boundary_interface,258,279.974,0.92151,-1.5108,0.05788
drop_20pct,5,テング,Tengu,1224,hydrology,143,202.002,0.70791,-4.7817,0.002
drop_20pct,5,テング,Tengu,1224,mobility,70,116.054,0.60317,-4.4626,0.002
drop_20pct,5,テング,Tengu,1224,boundary,169,224.064,0.75425,-4.184,0.002
drop_20pct,5,テング,Tengu,1224,livelihood,150,194.63,0.77069,-3.4145,0.002
drop_20pct,5,テング,Tengu,1224,dwelling,205,290.422,0.70587,-6.2495,0.002
drop_20pct,5,テング,Tengu,1224,death_ritual,22,142.104,0.15482,-11.1396,0.002
drop_20pct,5,テング,Tengu,1224,taboo_time_weather,232,215.712,1.07551,1.2278,0.1018
drop_20pct,5,テング,Tengu,1224,actors,226,275.72,0.81967,-3.6705,0.002
drop_20pct,5,テング,Tengu,1224,actions,108,120.44,0.89671,-1.2296,0.10579
drop_20pct,5,テング,Tengu,1224,strict_boundary_interface,216,263.474,0.81982,-3.312,0.002
drop_20pct,5,オニ,Oni,807,hydrology,111,137.798,0.80553,-2.5135,0.00599
drop_20pct,5,オニ,Oni,807,mobility,117,82.988,1.40984,3.8674,0.002
drop_20pct,5,オニ,Oni,807,boundary,174,147.788,1.17736,2.5295,0.01597
drop_20pct,5,オニ,Oni,807,livelihood,163,135.226,1.20539,2.6771,0.01796
drop_20pct,5,オニ,Oni,807,dwelling,235,196.496,1.19595,3.2094,0.002
drop_20pct,5,オニ,Oni,807,death_ritual,61,97.42,0.62615,-4.0286,0.002
drop_20pct,5,オニ,Oni,807,taboo_time_weather,157,145.378,1.07994,1.0979,0.13772
drop_20pct,5,オニ,Oni,807,actors,191,186.216,1.02569,0.402,0.35329
drop_20pct,5,オニ,Oni,807,actions,61,78.348,0.77858,-2.0634,0.01198
drop_20pct,5,オニ,Oni,807,strict_boundary_interface,209,180.856,1.15562,2.4324,0.00798
drop_20pct,5,ヤマノカミ,Yama-no-kami,722,hydrology,79,133.998,0.58956,-5.4251,0.002
drop_20pct,5,ヤマノカミ,Yama-no-kami,722,mobility,29,70.368,0.41212,-5.3499,0.002
drop_20pct,5,ヤマノカミ,Yama-no-kami,722,boundary,85,122.948,0.69135,-3.7951,0.002
drop_20pct,5,ヤマノカミ,Yama-no-kami,722,livelihood,158,120.278,1.31362,3.9045,0.002
drop_20pct,5,ヤマノカミ,Yama-no-kami,722,dwelling,121,172.834,0.70009,-4.6139,0.002
drop_20pct,5,ヤマノカミ,Yama-no-kami,722,death_ritual,15,81.98,0.18297,-7.8827,0.002
drop_20pct,5,ヤマノカミ,Yama-no-kami,722,taboo_time_weather,127,126.686,1.00248,0.0323,0.501
drop_20pct,5,ヤマノカミ,Yama-no-kami,722,actors,152,166.59,0.91242,-1.375,0.09182
drop_20pct,5,ヤマノカミ,Yama-no-kami,722,actions,31,68.248,0.45423,-4.9232,0.002
drop_20pct,5,ヤマノカミ,Yama-no-kami,722,strict_boundary_interface,129,156.718,0.82313,-2.6768,0.00599
drop_20pct,5,イヌガミ,Inugami,552,hydrology,36,93.826,0.38369,-6.8783,0.002
drop_20pct,5,イヌガミ,Inugami,552,mobility,62,57.028,1.08719,0.7016,0.26946
drop_20pct,5,イヌガミ,Inugami,552,boundary,58,95.482,0.60744,-4.347,0.002
drop_20pct,5,イヌガミ,Inugami,552,livelihood,66,87.294,0.75607,-2.5149,0.00798
drop_20pct,5,イヌガミ,Inugami,552,dwelling,201,134.194,1.49783,6.4511,0.002
drop_20pct,5,イヌガミ,Inugami,552,death_ritual,40,66.794,0.59886,-3.4425,0.002
drop_20pct,5,イヌガミ,Inugami,552,taboo_time_weather,93,98.708,0.94217,-0.6347,0.28343
drop_20pct,5,イヌガミ,Inugami,552,actors,89,123.77,0.71908,-3.6292,0.002
drop_20pct,5,イヌガミ,Inugami,552,actions,27,54.612,0.4944,-4.2096,0.002
drop_20pct,5,イヌガミ,Inugami,552,strict_boundary_interface,98,121.956,0.80357,-2.4628,0.00399
drop_20pct,5,ネコ,Neko,466,hydrology,47,82.212,0.57169,-4.3597,0.002
drop_20pct,5,ネコ,Neko,466,mobility,41,50.262,0.81573,-1.4379,0.08383
drop_20pct,5,ネコ,Neko,466,boundary,83,84.466,0.98264,-0.179,0.46707
drop_20pct,5,ネコ,Neko,466,livelihood,42,81.206,0.5172,-4.9388,0.002
drop_20pct,5,ネコ,Neko,466,dwelling,136,119.656,1.13659,1.7416,0.05788
drop_20pct,5,ネコ,Neko,466,death_ritual,144,54.892,2.62333,13.1188,0.002
drop_20pct,5,ネコ,Neko,466,taboo_time_weather,107,85.33,1.25396,2.7633,0.00399
drop_20pct,5,ネコ,Neko,466,actors,78,110.642,0.70498,-3.5084,0.002
drop_20pct,5,ネコ,Neko,466,actions,35,42.732,0.81906,-1.1971,0.12974
drop_20pct,5,ネコ,Neko,466,strict_boundary_interface,104,105.978,0.98134,-0.2216,0.43513
drop_20pct,5,ヒノタマ,Hitodama,249,hydrology,33,42.656,0.77363,-1.6976,0.0499
drop_20pct,5,ヒノタマ,Hitodama,249,mobility,23,26.28,0.87519,-0.6844,0.27545
drop_20pct,5,ヒノタマ,Hitodama,249,boundary,57,43.236,1.31835,2.1998,0.01796
drop_20pct,5,ヒノタマ,Hitodama,249,livelihood,20,39.67,0.50416,-3.3699,0.00399
drop_20pct,5,ヒノタマ,Hitodama,249,dwelling,57,59.946,0.95086,-0.4437,0.35329
drop_20pct,5,ヒノタマ,Hitodama,249,death_ritual,47,33.106,1.41968,2.6782,0.00599
drop_20pct,5,ヒノタマ,Hitodama,249,taboo_time_weather,72,44.296,1.62543,4.7367,0.002
drop_20pct,5,ヒノタマ,Hitodama,249,actors,31,56.95,0.54434,-4.0059,0.002
drop_20pct,5,ヒノタマ,Hitodama,249,actions,48,27.824,1.72513,4.3396,0.002
drop_20pct,5,ヒノタマ,Hitodama,249,strict_boundary_interface,65,55.91,1.16258,1.3733,0.09581
drop_30pct,1,その他,Other,19084,hydrology,2114,2547.164,0.82994,-14.5767,0.002
drop_30pct,1,その他,Other,19084,mobility,2716,2903.122,0.93554,-6.0105,0.002
drop_30pct,1,その他,Other,19084,boundary,2824,2520.058,1.12061,10.9599,0.002
drop_30pct,1,その他,Other,19084,livelihood,3067,3037.24,1.0098,0.9162,0.17365
drop_30pct,1,その他,Other,19084,dwelling,4567,4468.414,1.02206,2.5071,0.00998
drop_30pct,1,その他,Other,19084,death_ritual,1961,1772.522,1.10633,7.3778,0.002
drop_30pct,1,その他,Other,19084,taboo_time_weather,3335,3491.348,0.95522,-4.4028,0.002
drop_30pct,1,その他,Other,19084,actors,4131,4250.768,0.97182,-3.3247,0.002
drop_30pct,1,その他,Other,19084,actions,1751,1696.762,1.03197,2.1887,0.01996
drop_30pct,1,その他,Other,19084,strict_boundary_interface,3560,3783.614,0.9409,-6.3485,0.002
drop_30pct,1,キツネ,Kitsune,3618,hydrology,218,515.836,0.42261,-15.87,0.002
drop_30pct,1,キツネ,Kitsune,3618,mobility,701,521.312,1.34468,8.7108,0.002
drop_30pct,1,キツネ,Kitsune,3618,boundary,279,475.646,0.58657,-10.612,0.002
drop_30pct,1,キツネ,Kitsune,3618,livelihood,570,569.906,1.00016,0.0045,0.50299
drop_30pct,1,キツネ,Kitsune,3618,dwelling,837,860.068,0.97318,-0.9945,0.16168
drop_30pct,1,キツネ,Kitsune,3618,death_ritual,133,328.292,0.40513,-12.4529,0.002
drop_30pct,1,キツネ,Kitsune,3618,taboo_time_weather,661,635.914,1.03945,1.1472,0.13772
drop_30pct,1,キツネ,Kitsune,3618,actors,673,769.782,0.87427,-4.2041,0.002
drop_30pct,1,キツネ,Kitsune,3618,actions,272,367.146,0.74085,-5.7736,0.002
drop_30pct,1,キツネ,Kitsune,3618,strict_boundary_interface,537,707.118,0.75942,-7.8969,0.002
drop_30pct,1,ヘビ・リュウ,Snake/Dragon,2335,hydrology,905,320.254,2.82588,37.2513,0.002
drop_30pct,1,ヘビ・リュウ,Snake/Dragon,2335,mobility,321,343.552,0.93436,-1.3752,0.08982
drop_30pct,1,ヘビ・リュウ,Snake/Dragon,2335,boundary,320,310.274,1.03135,0.6389,0.28144
drop_30pct,1,ヘビ・リュウ,Snake/Dragon,2335,livelihood,386,361.538,1.06766,1.432,0.07984
drop_30pct,1,ヘビ・リュウ,Snake/Dragon,2335,dwelling,525,540.72,0.97093,-0.803,0.24152
drop_30pct,1,ヘビ・リュウ,Snake/Dragon,2335,death_ritual,147,214.166,0.68638,-5.0831,0.002
drop_30pct,1,ヘビ・リュウ,Snake/Dragon,2335,taboo_time_weather,493,426.304,1.15645,3.7766,0.002
drop_30pct,1,ヘビ・リュウ,Snake/Dragon,2335,actors,785,508.984,1.54229,14.7517,0.002
drop_30pct,1,ヘビ・リュウ,Snake/Dragon,2335,actions,109,203.962,0.53441,-7.4649,0.002
drop_30pct,1,ヘビ・リュウ,Snake/Dragon,2335,strict_boundary_interface,696,455.146,1.52918,13.7552,0.002
drop_30pct,1,ユウレイ,Yurei,1641,hydrology,96,213.64,0.44935,-9.2195,0.002
drop_30pct,1,ユウレイ,Yurei,1641,mobility,338,249.308,1.35575,5.9051,0.002
drop_30pct,1,ユウレイ,Yurei,1641,boundary,305,211.102,1.4448,7.5259,0.002
drop_30pct,1,ユウレイ,Yurei,1641,livelihood,160,242.452,0.65992,-5.8356,0.002
drop_30pct,1,ユウレイ,Yurei,1641,dwelling,415,376.458,1.10238,2.3019,0.01597
drop_30pct,1,ユウレイ,Yurei,1641,death_ritual,433,157.824,2.74356,26.023,0.002
drop_30pct,1,ユウレイ,Yurei,1641,taboo_time_weather,303,289.646,1.0461,0.8872,0.21357
drop_30pct,1,ユウレイ,Yurei,1641,actors,406,349.312,1.16228,3.3872,0.00399
drop_30pct,1,ユウレイ,Yurei,1641,actions,376,183.718,2.04661,16.2625,0.002
drop_30pct,1,ユウレイ,Yurei,1641,strict_boundary_interface,434,320.282,1.35506,7.1835,0.002
drop_30pct,1,カッパ,Kappa,1412,hydrology,846,210.356,4.02175,50.3548,0.002
drop_30pct,1,カッパ,Kappa,1412,mobility,152,217.994,0.69727,-5.1203,0.002
drop_30pct,1,カッパ,Kappa,1412,boundary,127,174.062,0.72963,-4.073,0.002
drop_30pct,1,カッパ,Kappa,1412,livelihood,366,226.542,1.61559,10.2805,0.002
drop_30pct,1,カッパ,Kappa,1412,dwelling,235,318.65,0.73749,-5.5362,0.002
drop_30pct,1,カッパ,Kappa,1412,death_ritual,94,126.726,0.74176,-3.2631,0.00399
drop_30pct,1,カッパ,Kappa,1412,taboo_time_weather,162,244.24,0.66328,-5.9297,0.002
drop_30pct,1,カッパ,Kappa,1412,actors,344,306.17,1.12356,2.5374,0.01198
drop_30pct,1,カッパ,Kappa,1412,actions,104,128.748,0.80778,-2.5207,0.01198
drop_30pct,1,カッパ,Kappa,1412,strict_boundary_interface,453,287.736,1.57436,11.6303,0.002
drop_30pct,1,タヌキ,Tanuki,1268,hydrology,73,164.278,0.44437,-8.0736,0.002
drop_30pct,1,タヌキ,Tanuki,1268,mobility,265,194.778,1.36052,5.6233,0.002
drop_30pct,1,タヌキ,Tanuki,1268,boundary,94,169.672,0.55401,-6.262,0.002
drop_30pct,1,タヌキ,Tanuki,1268,livelihood,152,190.682,0.79714,-3.0964,0.002
drop_30pct,1,タヌキ,Tanuki,1268,dwelling,296,295.392,1.00206,0.0411,0.49102
drop_30pct,1,タヌキ,Tanuki,1268,death_ritual,49,119.476,0.41012,-6.755,0.002
drop_30pct,1,タヌキ,Tanuki,1268,taboo_time_weather,324,236.084,1.37239,6.1179,0.002
drop_30pct,1,タヌキ,Tanuki,1268,actors,279,274.142,1.01772,0.3365,0.40918
drop_30pct,1,タヌキ,Tanuki,1268,actions,162,116.82,1.38675,4.7136,0.002
drop_30pct,1,タヌキ,Tanuki,1268,strict_boundary_interface,190,248.08,0.76588,-4.1195,0.002
drop_30pct,1,テング,Tengu,1224,hydrology,82,166.688,0.49194,-7.3492,0.002
drop_30pct,1,テング,Tengu,1224,mobility,129,175.584,0.73469,-4.0137,0.002
drop_30pct,1,テング,Tengu,1224,boundary,124,160.348,0.77332,-3.1565,0.002
drop_30pct,1,テング,Tengu,1224,livelihood,152,180.956,0.83998,-2.3542,0.01198
drop_30pct,1,テング,Tengu,1224,dwelling,184,274.284,0.67084,-6.6401,0.002
drop_30pct,1,テング,Tengu,1224,death_ritual,21,113.234,0.18546,-9.3491,0.002
drop_30pct,1,テング,Tengu,1224,taboo_time_weather,239,221.042,1.08124,1.3016,0.11377
drop_30pct,1,テング,Tengu,1224,actors,185,258.188,0.71653,-5.4471,0.002
drop_30pct,1,テング,Tengu,1224,actions,101,109.712,0.92059,-0.8998,0.19361
drop_30pct,1,テング,Tengu,1224,strict_boundary_interface,196,232.666,0.84241,-2.723,0.00599
drop_30pct,1,オニ,Oni,807,hydrology,66,108.166,0.61017,-4.3596,0.002
drop_30pct,1,オニ,Oni,807,mobility,171,120.856,1.41491,5.2472,0.002
drop_30pct,1,オニ,Oni,807,boundary,103,107.624,0.95704,-0.4824,0.33134
drop_30pct,1,オニ,Oni,807,livelihood,124,125.32,0.98947,-0.1331,0.47904
drop_30pct,1,オニ,Oni,807,dwelling,220,186.126,1.18199,2.8618,0.00599
drop_30pct,1,オニ,Oni,807,death_ritual,60,74.234,0.80825,-1.8442,0.03393
drop_30pct,1,オニ,Oni,807,taboo_time_weather,159,147.492,1.07802,1.1404,0.13373
drop_30pct,1,オニ,Oni,807,actors,187,175.754,1.06399,0.9654,0.17964
drop_30pct,1,オニ,Oni,807,actions,52,70.5,0.73759,-2.2821,0.01198
drop_30pct,1,オニ,Oni,807,strict_boundary_interface,163,159.228,1.02369,0.3454,0.38523
drop_30pct,1,ヤマノカミ,Yama-no-kami,722,hydrology,60,105.558,0.56841,-4.943,0.002
drop_30pct,1,ヤマノカミ,Yama-no-kami,722,mobility,46,104.316,0.44097,-6.2303,0.002
drop_30pct,1,ヤマノカミ,Yama-no-kami,722,boundary,85,91.154,0.93249,-0.6951,0.26547
drop_30pct,1,ヤマノカミ,Yama-no-kami,722,livelihood,141,116.958,1.20556,2.52,0.00399
drop_30pct,1,ヤマノカミ,Yama-no-kami,722,dwelling,121,164.964,0.73349,-3.9757,0.002
drop_30pct,1,ヤマノカミ,Yama-no-kami,722,death_ritual,12,63.342,0.18945,-6.6132,0.002
drop_30pct,1,ヤマノカミ,Yama-no-kami,722,taboo_time_weather,116,129.508,0.8957,-1.3739,0.0998
drop_30pct,1,ヤマノカミ,Yama-no-kami,722,actors,147,156.774,0.93766,-0.9281,0.19162
drop_30pct,1,ヤマノカミ,Yama-no-kami,722,actions,29,60.978,0.47558,-4.3508,0.002
drop_30pct,1,ヤマノカミ,Yama-no-kami,722,strict_boundary_interface,135,139.898,0.96499,-0.4921,0.34531
drop_30pct,1,イヌガミ,Inugami,552,hydrology,20,70.03,0.28559,-6.9813,0.002
drop_30pct,1,イヌガミ,Inugami,552,mobility,106,83.006,1.27702,2.7371,0.00599
drop_30pct,1,イヌガミ,Inugami,552,boundary,55,72.404,0.75963,-2.1955,0.01796
drop_30pct,1,イヌガミ,Inugami,552,livelihood,64,82.206,0.77853,-2.295,0.01198
drop_30pct,1,イヌガミ,Inugami,552,dwelling,199,128.126,1.55316,6.9406,0.002
drop_30pct,1,イヌガミ,Inugami,552,death_ritual,32,51.0,0.62745,-2.7397,0.00599
drop_30pct,1,イヌガミ,Inugami,552,taboo_time_weather,88,98.17,0.8964,-1.2621,0.11377
drop_30pct,1,イヌガミ,Inugami,552,actors,82,116.116,0.70619,-3.6357,0.002
drop_30pct,1,イヌガミ,Inugami,552,actions,25,49.606,0.50397,-3.9296,0.002
drop_30pct,1,イヌガミ,Inugami,552,strict_boundary_interface,116,108.77,1.06647,0.7652,0.24152
drop_30pct,1,ネコ,Neko,466,hydrology,30,64.89,0.46232,-4.8867,0.002
drop_30pct,1,ネコ,Neko,466,mobility,48,71.71,0.66936,-3.1659,0.00399
drop_30pct,1,ネコ,Neko,466,boundary,33,62.72,0.52615,-3.9702,0.002
drop_30pct,1,ネコ,Neko,466,livelihood,45,77.75,0.57878,-4.2039,0.002
drop_30pct,1,ネコ,Neko,466,dwelling,132,113.028,1.16785,2.0453,0.01996
drop_30pct,1,ネコ,Neko,466,death_ritual,104,43.222,2.40618,9.7254,0.002
drop_30pct,1,ネコ,Neko,466,taboo_time_weather,92,87.404,1.05258,0.5514,0.30539
drop_30pct,1,ネコ,Neko,466,actors,84,105.194,0.79852,-2.2955,0.01796
drop_30pct,1,ネコ,Neko,466,actions,28,37.824,0.74027,-1.6179,0.06387
drop_30pct,1,ネコ,Neko,466,strict_boundary_interface,60,94.28,0.6364,-3.9353,0.002
drop_30pct,1,ヒノタマ,Hitodama,249,hydrology,10,33.14,0.30175,-4.4172,0.002
drop_30pct,1,ヒノタマ,Hitodama,249,mobility,31,38.462,0.80599,-1.3169,0.1018
drop_30pct,1,ヒノタマ,Hitodama,249,boundary,38,31.936,1.18988,1.0809,0.16567
drop_30pct,1,ヒノタマ,Hitodama,249,livelihood,23,38.45,0.59818,-2.5697,0.01198
drop_30pct,1,ヒノタマ,Hitodama,249,dwelling,52,56.77,0.91598,-0.7191,0.2475
drop_30pct,1,ヒノタマ,Hitodama,249,death_ritual,42,23.962,1.75278,3.8891,0.002
drop_30pct,1,ヒノタマ,Hitodama,249,taboo_time_weather,79,43.848,1.80168,5.9236,0.002
drop_30pct,1,ヒノタマ,Hitodama,249,actors,22,53.816,0.4088,-4.9371,0.002
drop_30pct,1,ヒノタマ,Hitodama,249,actions,42,25.224,1.66508,3.7811,0.002
drop_30pct,1,ヒノタマ,Hitodama,249,strict_boundary_interface,46,49.182,0.9353,-0.4982,0.33333
drop_30pct,2,その他,Other,19084,hydrology,2830,3316.41,0.85333,-13.715,0.002
drop_30pct,2,その他,Other,19084,mobility,2649,2770.356,0.95619,-3.8254,0.002
drop_30pct,2,その他,Other,19084,boundary,2765,2472.058,1.1185,10.5642,0.002
drop_30pct,2,その他,Other,19084,livelihood,2748,2714.682,1.01227,1.0669,0.1497
drop_30pct,2,その他,Other,19084,dwelling,4835,4717.96,1.02481,2.946,0.002
drop_30pct,2,その他,Other,19084,death_ritual,1665,1479.6,1.1253,7.928,0.002
drop_30pct,2,その他,Other,19084,taboo_time_weather,3848,3942.278,0.97609,-2.549,0.00599
drop_30pct,2,その他,Other,19084,actors,3156,3223.914,0.97893,-2.0578,0.02794
drop_30pct,2,その他,Other,19084,actions,1803,1706.594,1.05649,3.844,0.002
drop_30pct,2,その他,Other,19084,strict_boundary_interface,3688,3844.204,0.95937,-4.1872,0.002
drop_30pct,2,キツネ,Kitsune,3618,hydrology,348,644.622,0.53985,-13.9772,0.002
drop_30pct,2,キツネ,Kitsune,3618,mobility,682,507.704,1.3433,8.6134,0.002
drop_30pct,2,キツネ,Kitsune,3618,boundary,255,464.12,0.54943,-11.5894,0.002
drop_30pct,2,キツネ,Kitsune,3618,livelihood,659,509.078,1.2945,7.7636,0.002
drop_30pct,2,キツネ,Kitsune,3618,dwelling,862,904.984,0.9525,-1.8182,0.05389
drop_30pct,2,キツネ,Kitsune,3618,death_ritual,117,262.46,0.44578,-10.3076,0.002
drop_30pct,2,キツネ,Kitsune,3618,taboo_time_weather,709,724.392,0.97875,-0.6647,0.25749
drop_30pct,2,キツネ,Kitsune,3618,actors,532,586.074,0.90774,-2.6246,0.00399
drop_30pct,2,キツネ,Kitsune,3618,actions,224,367.504,0.60952,-8.6704,0.002
drop_30pct,2,キツネ,Kitsune,3618,strict_boundary_interface,596,710.556,0.83878,-5.1296,0.002
drop_30pct,2,ヘビ・リュウ,Snake/Dragon,2335,hydrology,956,410.354,2.3297,31.0482,0.002
drop_30pct,2,ヘビ・リュウ,Snake/Dragon,2335,mobility,301,327.478,0.91915,-1.6799,0.06387
drop_30pct,2,ヘビ・リュウ,Snake/Dragon,2335,boundary,315,305.094,1.03247,0.6418,0.26547
drop_30pct,2,ヘビ・リュウ,Snake/Dragon,2335,livelihood,346,327.872,1.05529,1.1221,0.15369
drop_30pct,2,ヘビ・リュウ,Snake/Dragon,2335,dwelling,546,569.9,0.95806,-1.191,0.12176
drop_30pct,2,ヘビ・リュウ,Snake/Dragon,2335,death_ritual,98,178.446,0.54919,-6.6718,0.002
drop_30pct,2,ヘビ・リュウ,Snake/Dragon,2335,taboo_time_weather,591,481.48,1.22747,5.8199,0.002
drop_30pct,2,ヘビ・リュウ,Snake/Dragon,2335,actors,440,389.526,1.12958,2.9876,0.002
drop_30pct,2,ヘビ・リュウ,Snake/Dragon,2335,actions,126,204.53,0.61605,-6.0787,0.002
drop_30pct,2,ヘビ・リュウ,Snake/Dragon,2335,strict_boundary_interface,698,463.018,1.5075,12.8633,0.002
drop_30pct,2,ユウレイ,Yurei,1641,hydrology,129,283.8,0.45455,-11.1166,0.002
drop_30pct,2,ユウレイ,Yurei,1641,mobility,317,242.566,1.30686,5.0561,0.002
drop_30pct,2,ユウレイ,Yurei,1641,boundary,301,207.738,1.44894,7.2561,0.002
drop_30pct,2,ユウレイ,Yurei,1641,livelihood,148,218.11,0.67856,-5.2618,0.002
drop_30pct,2,ユウレイ,Yurei,1641,dwelling,455,397.398,1.14495,3.3154,0.002
drop_30pct,2,ユウレイ,Yurei,1641,death_ritual,282,124.904,2.25773,16.0403,0.002
drop_30pct,2,ユウレイ,Yurei,1641,taboo_time_weather,353,332.568,1.06144,1.2622,0.11377
drop_30pct,2,ユウレイ,Yurei,1641,actors,242,262.042,0.92352,-1.3977,0.08383
drop_30pct,2,ユウレイ,Yurei,1641,actions,377,184.588,2.04239,15.8645,0.002
drop_30pct,2,ユウレイ,Yurei,1641,strict_boundary_interface,351,324.302,1.08232,1.72,0.0519
drop_30pct,2,カッパ,Kappa,1412,hydrology,1100,287.928,3.8204,58.9178,0.002
drop_30pct,2,カッパ,Kappa,1412,mobility,120,205.92,0.58275,-6.9706,0.002
drop_30pct,2,カッパ,Kappa,1412,boundary,126,172.528,0.73032,-4.0512,0.002
drop_30pct,2,カッパ,Kappa,1412,livelihood,167,191.652,0.87137,-1.9557,0.03194
drop_30pct,2,カッパ,Kappa,1412,dwelling,247,334.26,0.73895,-5.7563,0.002
drop_30pct,2,カッパ,Kappa,1412,death_ritual,89,107.874,0.82504,-2.1204,0.02595
drop_30pct,2,カッパ,Kappa,1412,taboo_time_weather,171,285.628,0.59868,-7.5528,0.002
drop_30pct,2,カッパ,Kappa,1412,actors,321,237.374,1.3523,6.4572,0.002
drop_30pct,2,カッパ,Kappa,1412,actions,102,130.254,0.78309,-2.8704,0.00798
drop_30pct,2,カッパ,Kappa,1412,strict_boundary_interface,400,293.86,1.36119,7.6944,0.002
drop_30pct,2,タヌキ,Tanuki,1268,hydrology,125,219.174,0.57032,-7.5667,0.002
drop_30pct,2,タヌキ,Tanuki,1268,mobility,252,184.036,1.3693,5.7096,0.002
drop_30pct,2,タヌキ,Tanuki,1268,boundary,96,167.352,0.57364,-6.1163,0.002
drop_30pct,2,タヌキ,Tanuki,1268,livelihood,113,170.876,0.6613,-5.0446,0.002
drop_30pct,2,タヌキ,Tanuki,1268,dwelling,309,310.95,0.99373,-0.1296,0.46707
drop_30pct,2,タヌキ,Tanuki,1268,death_ritual,39,97.392,0.40044,-6.4317,0.002
drop_30pct,2,タヌキ,Tanuki,1268,taboo_time_weather,339,266.598,1.27158,4.8619,0.002
drop_30pct,2,タヌキ,Tanuki,1268,actors,198,205.348,0.96422,-0.5631,0.30938
drop_30pct,2,タヌキ,Tanuki,1268,actions,141,116.19,1.21353,2.5828,0.00399
drop_30pct,2,タヌキ,Tanuki,1268,strict_boundary_interface,202,253.434,0.79705,-3.686,0.002
drop_30pct,2,テング,Tengu,1224,hydrology,123,213.594,0.57586,-6.7754,0.002
drop_30pct,2,テング,Tengu,1224,mobility,118,168.206,0.70152,-4.3718,0.002
drop_30pct,2,テング,Tengu,1224,boundary,117,157.038,0.74504,-3.4971,0.002
drop_30pct,2,テング,Tengu,1224,livelihood,110,165.942,0.66288,-4.737,0.002
drop_30pct,2,テング,Tengu,1224,dwelling,205,290.422,0.70587,-6.2495,0.002
drop_30pct,2,テング,Tengu,1224,death_ritual,19,95.836,0.19826,-8.1836,0.002
drop_30pct,2,テング,Tengu,1224,taboo_time_weather,257,250.602,1.02553,0.4348,0.33733
drop_30pct,2,テング,Tengu,1224,actors,232,199.268,1.16426,2.5591,0.00998
drop_30pct,2,テング,Tengu,1224,actions,111,110.476,1.00474,0.0533,0.47505
drop_30pct,2,テング,Tengu,1224,strict_boundary_interface,209,237.698,0.87927,-2.1203,0.01597
drop_30pct,2,オニ,Oni,807,hydrology,105,141.434,0.7424,-3.3391,0.002
drop_30pct,2,オニ,Oni,807,mobility,153,115.3,1.32697,3.9474,0.002
drop_30pct,2,オニ,Oni,807,boundary,122,105.52,1.15618,1.7417,0.0479
drop_30pct,2,オニ,Oni,807,livelihood,136,114.396,1.18885,2.3092,0.01597
drop_30pct,2,オニ,Oni,807,dwelling,235,196.496,1.19595,3.2094,0.002
drop_30pct,2,オニ,Oni,807,death_ritual,50,61.45,0.81367,-1.5739,0.05988
drop_30pct,2,オニ,Oni,807,taboo_time_weather,168,167.54,1.00275,0.0428,0.50699
drop_30pct,2,オニ,Oni,807,actors,146,133.84,1.09085,1.1515,0.13772
drop_30pct,2,オニ,Oni,807,actions,52,71.03,0.73209,-2.3563,0.00998
drop_30pct,2,オニ,Oni,807,strict_boundary_interface,189,162.434,1.16355,2.4293,0.01597
drop_30pct,2,ヤマノカミ,Yama-no-kami,722,hydrology,72,137.632,0.52313,-6.2841,0.002
drop_30pct,2,ヤマノカミ,Yama-no-kami,722,mobility,44,98.62,0.44616,-6.0193,0.002
drop_30pct,2,ヤマノカミ,Yama-no-kami,722,boundary,82,89.6,0.91518,-0.8716,0.19561
drop_30pct,2,ヤマノカミ,Yama-no-kami,722,livelihood,144,99.838,1.44234,5.2414,0.002
drop_30pct,2,ヤマノカミ,Yama-no-kami,722,dwelling,121,172.834,0.70009,-4.6139,0.002
drop_30pct,2,ヤマノカミ,Yama-no-kami,722,death_ritual,12,54.26,0.22116,-5.8217,0.002
drop_30pct,2,ヤマノカミ,Yama-no-kami,722,taboo_time_weather,131,145.894,0.89791,-1.4678,0.08782
drop_30pct,2,ヤマノカミ,Yama-no-kami,722,actors,143,120.822,1.18356,2.3519,0.01397
drop_30pct,2,ヤマノカミ,Yama-no-kami,722,actions,32,61.532,0.52005,-3.9953,0.002
drop_30pct,2,ヤマノカミ,Yama-no-kami,722,strict_boundary_interface,129,142.68,0.90412,-1.3801,0.09182
drop_30pct,2,イヌガミ,Inugami,552,hydrology,30,97.206,0.30862,-8.3829,0.002
drop_30pct,2,イヌガミ,Inugami,552,mobility,97,79.33,1.22274,2.1374,0.01996
drop_30pct,2,イヌガミ,Inugami,552,boundary,55,70.962,0.77506,-2.0162,0.02395
drop_30pct,2,イヌガミ,Inugami,552,livelihood,51,72.83,0.70026,-2.7293,0.00599
drop_30pct,2,イヌガミ,Inugami,552,dwelling,201,134.194,1.49783,6.4511,0.002
drop_30pct,2,イヌガミ,Inugami,552,death_ritual,25,42.532,0.58779,-2.8218,0.00599
drop_30pct,2,イヌガミ,Inugami,552,taboo_time_weather,94,112.746,0.83373,-2.0714,0.01996
drop_30pct,2,イヌガミ,Inugami,552,actors,68,87.27,0.77919,-2.4287,0.00798
drop_30pct,2,イヌガミ,Inugami,552,actions,23,49.948,0.46048,-4.4645,0.002
drop_30pct,2,イヌガミ,Inugami,552,strict_boundary_interface,112,111.644,1.00319,0.038,0.51297
drop_30pct,2,ネコ,Neko,466,hydrology,31,82.916,0.37387,-6.6893,0.002
drop_30pct,2,ネコ,Neko,466,mobility,44,68.434,0.64296,-3.2786,0.002
drop_30pct,2,ネコ,Neko,466,boundary,34,61.576,0.55216,-3.734,0.002
drop_30pct,2,ネコ,Neko,466,livelihood,43,68.71,0.62582,-3.4362,0.002
drop_30pct,2,ネコ,Neko,466,dwelling,136,119.656,1.13659,1.7416,0.05788
drop_30pct,2,ネコ,Neko,466,death_ritual,128,36.036,3.552,16.3529,0.002
drop_30pct,2,ネコ,Neko,466,taboo_time_weather,117,97.592,1.19887,2.301,0.01397
drop_30pct,2,ネコ,Neko,466,actors,64,79.712,0.80289,-1.9161,0.04192
drop_30pct,2,ネコ,Neko,466,actions,34,37.934,0.89629,-0.6732,0.27345
drop_30pct,2,ネコ,Neko,466,strict_boundary_interface,67,95.814,0.69927,-3.1636,0.002
drop_30pct,2,ヒノタマ,Hitodama,249,hydrology,30,43.93,0.6829,-2.3639,0.01796
drop_30pct,2,ヒノタマ,Hitodama,249,mobility,28,37.05,0.75574,-1.6776,0.05589
drop_30pct,2,ヒノタマ,Hitodama,249,boundary,37,31.414,1.17782,1.0,0.17565
drop_30pct,2,ヒノタマ,Hitodama,249,livelihood,23,34.014,0.67619,-2.0495,0.02595
drop_30pct,2,ヒノタマ,Hitodama,249,dwelling,57,59.946,0.95086,-0.4437,0.35329
drop_30pct,2,ヒノタマ,Hitodama,249,death_ritual,36,19.21,1.87402,3.8949,0.002
drop_30pct,2,ヒノタマ,Hitodama,249,taboo_time_weather,80,50.682,1.57847,4.7239,0.002
drop_30pct,2,ヒノタマ,Hitodama,249,actors,24,40.81,0.58809,-2.9582,0.002
drop_30pct,2,ヒノタマ,Hitodama,249,actions,41,25.42,1.6129,3.6066,0.002
drop_30pct,2,ヒノタマ,Hitodama,249,strict_boundary_interface,49,50.356,0.97307,-0.2095,0.44711
drop_30pct,3,その他,Other,19084,hydrology,2517,2914.326,0.86366,-12.5431,0.002
drop_30pct,3,その他,Other,19084,mobility,1860,1924.106,0.96668,-2.4645,0.00798
drop_30pct,3,その他,Other,19084,boundary,3039,2766.152,1.09864,9.4502,0.002
drop_30pct,3,その他,Other,19084,livelihood,2965,3039.438,0.97551,-2.313,0.01397
drop_30pct,3,その他,Other,19084,dwelling,4726,4613.05,1.02448,2.8523,0.00399
drop_30pct,3,その他,Other,19084,death_ritual,1306,1203.922,1.08479,4.8885,0.002
drop_30pct,3,その他,Other,19084,taboo_time_weather,1181,1080.102,1.09342,4.9743,0.002
drop_30pct,3,その他,Other,19084,actors,3854,4016.74,0.95948,-4.6955,0.002
drop_30pct,3,その他,Other,19084,actions,1621,1576.784,1.02804,1.8501,0.04192
drop_30pct,3,その他,Other,19084,strict_boundary_interface,3185,3316.77,0.96027,-3.9719,0.002
drop_30pct,3,キツネ,Kitsune,3618,hydrology,320,564.664,0.56671,-12.4688,0.002
drop_30pct,3,キツネ,Kitsune,3618,mobility,335,322.138,1.03993,0.8337,0.20359
drop_30pct,3,キツネ,Kitsune,3618,boundary,292,537.896,0.54286,-13.213,0.002
drop_30pct,3,キツネ,Kitsune,3618,livelihood,760,581.37,1.30726,8.9826,0.002
drop_30pct,3,キツネ,Kitsune,3618,dwelling,851,883.768,0.96292,-1.403,0.08782
drop_30pct,3,キツネ,Kitsune,3618,death_ritual,101,231.234,0.43679,-10.0515,0.002
drop_30pct,3,キツネ,Kitsune,3618,taboo_time_weather,155,197.432,0.78508,-3.3072,0.002
drop_30pct,3,キツネ,Kitsune,3618,actors,641,727.746,0.8808,-3.881,0.002
drop_30pct,3,キツネ,Kitsune,3618,actions,239,346.028,0.6907,-6.706,0.002
drop_30pct,3,キツネ,Kitsune,3618,strict_boundary_interface,425,619.21,0.68636,-9.9464,0.002
drop_30pct,3,ヘビ・リュウ,Snake/Dragon,2335,hydrology,622,354.83,1.75295,16.6685,0.002
drop_30pct,3,ヘビ・リュウ,Snake/Dragon,2335,mobility,228,220.448,1.03426,0.5507,0.32136
drop_30pct,3,ヘビ・リュウ,Snake/Dragon,2335,boundary,500,355.298,1.40727,8.87,0.002
drop_30pct,3,ヘビ・リュウ,Snake/Dragon,2335,livelihood,378,366.958,1.03009,0.6633,0.26148
drop_30pct,3,ヘビ・リュウ,Snake/Dragon,2335,dwelling,538,556.744,0.96633,-0.9428,0.2016
drop_30pct,3,ヘビ・リュウ,Snake/Dragon,2335,death_ritual,98,142.858,0.686,-4.2709,0.002
drop_30pct,3,ヘビ・リュウ,Snake/Dragon,2335,taboo_time_weather,156,131.296,1.18816,2.2753,0.01597
drop_30pct,3,ヘビ・リュウ,Snake/Dragon,2335,actors,780,480.118,1.6246,16.8993,0.002
drop_30pct,3,ヘビ・リュウ,Snake/Dragon,2335,actions,101,188.308,0.53636,-7.085,0.002
drop_30pct,3,ヘビ・リュウ,Snake/Dragon,2335,strict_boundary_interface,544,401.178,1.35601,8.5421,0.002
drop_30pct,3,ユウレイ,Yurei,1641,hydrology,130,247.62,0.525,-8.7846,0.002
drop_30pct,3,ユウレイ,Yurei,1641,mobility,272,157.668,1.72514,9.6345,0.002
drop_30pct,3,ユウレイ,Yurei,1641,boundary,219,224.452,0.97571,-0.3997,0.36128
drop_30pct,3,ユウレイ,Yurei,1641,livelihood,162,243.928,0.66413,-5.9115,0.002
drop_30pct,3,ユウレイ,Yurei,1641,dwelling,436,388.566,1.12207,2.7721,0.00798
drop_30pct,3,ユウレイ,Yurei,1641,death_ritual,321,111.07,2.89007,22.803,0.002
drop_30pct,3,ユウレイ,Yurei,1641,taboo_time_weather,94,92.924,1.01158,0.1221,0.48303
drop_30pct,3,ユウレイ,Yurei,1641,actors,401,331.25,1.21057,4.3927,0.002
drop_30pct,3,ユウレイ,Yurei,1641,actions,364,174.134,2.09034,16.7835,0.002
drop_30pct,3,ユウレイ,Yurei,1641,strict_boundary_interface,313,276.132,1.13352,2.4851,0.00798
drop_30pct,3,カッパ,Kappa,1412,hydrology,1087,264.4,4.1112,61.1586,0.002
drop_30pct,3,カッパ,Kappa,1412,mobility,126,143.436,0.87844,-1.652,0.06986
drop_30pct,3,カッパ,Kappa,1412,boundary,104,178.016,0.58422,-6.0946,0.002
drop_30pct,3,カッパ,Kappa,1412,livelihood,338,221.094,1.52876,8.7432,0.002
drop_30pct,3,カッパ,Kappa,1412,dwelling,244,326.9,0.74641,-5.4866,0.002
drop_30pct,3,カッパ,Kappa,1412,death_ritual,55,89.144,0.61698,-3.9746,0.002
drop_30pct,3,カッパ,Kappa,1412,taboo_time_weather,48,81.244,0.59081,-4.25,0.002
drop_30pct,3,カッパ,Kappa,1412,actors,295,287.29,1.02684,0.5344,0.29741
drop_30pct,3,カッパ,Kappa,1412,actions,101,120.53,0.83797,-2.1118,0.01996
drop_30pct,3,カッパ,Kappa,1412,strict_boundary_interface,446,250.264,1.78212,15.39,0.002
drop_30pct,3,タヌキ,Tanuki,1268,hydrology,113,185.006,0.61079,-6.2472,0.002
drop_30pct,3,タヌキ,Tanuki,1268,mobility,148,122.536,1.20781,2.7191,0.00399
drop_30pct,3,タヌキ,Tanuki,1268,boundary,161,191.846,0.83921,-2.5136,0.00399
drop_30pct,3,タヌキ,Tanuki,1268,livelihood,144,189.944,0.75812,-3.6734,0.002
drop_30pct,3,タヌキ,Tanuki,1268,dwelling,304,304.24,0.99921,-0.0161,0.51497
drop_30pct,3,タヌキ,Tanuki,1268,death_ritual,37,79.812,0.46359,-5.0379,0.002
drop_30pct,3,タヌキ,Tanuki,1268,taboo_time_weather,51,72.97,0.69892,-2.7015,0.00798
drop_30pct,3,タヌキ,Tanuki,1268,actors,256,257.804,0.993,-0.1261,0.49301
drop_30pct,3,タヌキ,Tanuki,1268,actions,143,106.476,1.34303,3.8083,0.002
drop_30pct,3,タヌキ,Tanuki,1268,strict_boundary_interface,198,213.518,0.92732,-1.1746,0.14371
drop_30pct,3,テング,Tengu,1224,hydrology,120,182.578,0.65725,-5.287,0.002
drop_30pct,3,テング,Tengu,1224,mobility,59,110.874,0.53214,-5.2554,0.002
drop_30pct,3,テング,Tengu,1224,boundary,158,186.566,0.84689,-2.3501,0.00998
drop_30pct,3,テング,Tengu,1224,livelihood,148,184.848,0.80066,-2.9678,0.002
drop_30pct,3,テング,Tengu,1224,dwelling,188,282.932,0.66447,-6.9869,0.002
drop_30pct,3,テング,Tengu,1224,death_ritual,8,75.328,0.1062,-8.4579,0.002
drop_30pct,3,テング,Tengu,1224,taboo_time_weather,55,68.902,0.79824,-1.7245,0.04192
drop_30pct,3,テング,Tengu,1224,actors,178,243.342,0.73148,-4.8753,0.002
drop_30pct,3,テング,Tengu,1224,actions,104,101.178,1.02789,0.2863,0.37924
drop_30pct,3,テング,Tengu,1224,strict_boundary_interface,174,205.3,0.84754,-2.4136,0.00998
drop_30pct,3,オニ,Oni,807,hydrology,96,124.004,0.77417,-2.7525,0.002
drop_30pct,3,オニ,Oni,807,mobility,118,78.522,1.50276,4.6942,0.002
drop_30pct,3,オニ,Oni,807,boundary,122,120.922,1.00891,0.1152,0.47305
drop_30pct,3,オニ,Oni,807,livelihood,115,127.432,0.90244,-1.2547,0.0998
drop_30pct,3,オニ,Oni,807,dwelling,228,191.92,1.18799,2.9909,0.00399
drop_30pct,3,オニ,Oni,807,death_ritual,38,49.71,0.76443,-1.7627,0.03593
drop_30pct,3,オニ,Oni,807,taboo_time_weather,22,44.818,0.49087,-3.431,0.002
drop_30pct,3,オニ,Oni,807,actors,184,166.836,1.10288,1.4659,0.07186
drop_30pct,3,オニ,Oni,807,actions,49,64.542,0.7592,-2.0356,0.01996
drop_30pct,3,オニ,Oni,807,strict_boundary_interface,165,140.038,1.17825,2.5135,0.00998
drop_30pct,3,ヤマノカミ,Yama-no-kami,722,hydrology,63,123.624,0.50961,-6.1554,0.002
drop_30pct,3,ヤマノカミ,Yama-no-kami,722,mobility,21,66.162,0.3174,-5.849,0.002
drop_30pct,3,ヤマノカミ,Yama-no-kami,722,boundary,86,101.868,0.84423,-1.7365,0.04192
drop_30pct,3,ヤマノカミ,Yama-no-kami,722,livelihood,143,116.04,1.23233,2.7685,0.00798
drop_30pct,3,ヤマノカミ,Yama-no-kami,722,dwelling,121,168.91,0.71636,-4.3428,0.002
drop_30pct,3,ヤマノカミ,Yama-no-kami,722,death_ritual,8,42.654,0.18756,-5.5639,0.002
drop_30pct,3,ヤマノカミ,Yama-no-kami,722,taboo_time_weather,60,40.502,1.48141,3.3324,0.002
drop_30pct,3,ヤマノカミ,Yama-no-kami,722,actors,142,146.156,0.97156,-0.4306,0.39321
drop_30pct,3,ヤマノカミ,Yama-no-kami,722,actions,18,56.762,0.31711,-5.6478,0.002
drop_30pct,3,ヤマノカミ,Yama-no-kami,722,strict_boundary_interface,114,122.656,0.92943,-0.9044,0.1996
drop_30pct,3,イヌガミ,Inugami,552,hydrology,30,86.392,0.34725,-7.2115,0.002
drop_30pct,3,イヌガミ,Inugami,552,mobility,39,51.622,0.75549,-1.7802,0.04391
drop_30pct,3,イヌガミ,Inugami,552,boundary,43,76.878,0.55933,-4.2988,0.002
drop_30pct,3,イヌガミ,Inugami,552,livelihood,57,81.44,0.6999,-3.0075,0.002
drop_30pct,3,イヌガミ,Inugami,552,dwelling,201,131.504,1.52847,6.7374,0.002
drop_30pct,3,イヌガミ,Inugami,552,death_ritual,28,34.706,0.80678,-1.1122,0.16168
drop_30pct,3,イヌガミ,Inugami,552,taboo_time_weather,21,32.374,0.64867,-2.1034,0.01397
drop_30pct,3,イヌガミ,Inugami,552,actors,81,108.192,0.74867,-2.9553,0.00599
drop_30pct,3,イヌガミ,Inugami,552,actions,22,45.296,0.48569,-3.9819,0.002
drop_30pct,3,イヌガミ,Inugami,552,strict_boundary_interface,66,92.866,0.7107,-3.17,0.002
drop_30pct,3,ネコ,Neko,466,hydrology,33,73.754,0.44743,-5.4315,0.002
drop_30pct,3,ネコ,Neko,466,mobility,41,48.488,0.84557,-1.1665,0.13373
drop_30pct,3,ネコ,Neko,466,boundary,73,69.454,1.05106,0.4545,0.34132
drop_30pct,3,ネコ,Neko,466,livelihood,37,77.874,0.47513,-5.2507,0.002
drop_30pct,3,ネコ,Neko,466,dwelling,134,116.914,1.14614,1.8404,0.03593
drop_30pct,3,ネコ,Neko,466,death_ritual,75,29.71,2.5244,8.6263,0.002
drop_30pct,3,ネコ,Neko,466,taboo_time_weather,31,25.892,1.19728,1.0554,0.17166
drop_30pct,3,ネコ,Neko,466,actors,82,99.76,0.82197,-1.9871,0.03393
drop_30pct,3,ネコ,Neko,466,actions,30,35.406,0.84731,-0.9565,0.20359
drop_30pct,3,ネコ,Neko,466,strict_boundary_interface,89,83.61,1.06447,0.6639,0.27345
drop_30pct,3,ヒノタマ,Hitodama,249,hydrology,29,38.802,0.74738,-1.7527,0.04192
drop_30pct,3,ヒノタマ,Hitodama,249,mobility,24,25.0,0.96,-0.2093,0.47505
drop_30pct,3,ヒノタマ,Hitodama,249,boundary,47,34.652,1.35634,2.3009,0.02196
drop_30pct,3,ヒノタマ,Hitodama,249,livelihood,22,38.634,0.56945,-2.8232,0.00998
drop_30pct,3,ヒノタマ,Hitodama,249,dwelling,53,58.552,0.90518,-0.8408,0.21357
drop_30pct,3,ヒノタマ,Hitodama,249,death_ritual,32,16.852,1.89888,3.783,0.002
drop_30pct,3,ヒノタマ,Hitodama,249,taboo_time_weather,9,14.544,0.61881,-1.5425,0.07186
drop_30pct,3,ヒノタマ,Hitodama,249,actors,22,50.766,0.43336,-4.604,0.002
drop_30pct,3,ヒノタマ,Hitodama,249,actions,47,23.556,1.99525,5.4017,0.002
drop_30pct,3,ヒノタマ,Hitodama,249,strict_boundary_interface,46,43.458,1.05849,0.4192,0.36727
drop_30pct,4,その他,Other,19084,hydrology,2655,3060.204,0.86759,-12.2902,0.002
drop_30pct,4,その他,Other,19084,mobility,2646,2732.652,0.96829,-2.9224,0.00599
drop_30pct,4,その他,Other,19084,boundary,3647,3365.274,1.08372,8.6171,0.002
drop_30pct,4,その他,Other,19084,livelihood,1597,1746.128,0.9146,-6.1441,0.002
drop_30pct,4,その他,Other,19084,dwelling,4225,4178.852,1.01104,1.2418,0.11577
drop_30pct,4,その他,Other,19084,death_ritual,2371,2548.654,0.93029,-6.1113,0.002
drop_30pct,4,その他,Other,19084,taboo_time_weather,3887,3907.484,0.99476,-0.569,0.31337
drop_30pct,4,その他,Other,19084,actors,4079,4220.998,0.96636,-3.976,0.002
drop_30pct,4,その他,Other,19084,actions,1690,1640.828,1.02997,1.9276,0.04192
drop_30pct,4,その他,Other,19084,strict_boundary_interface,4027,4153.122,0.96963,-3.3267,0.002
drop_30pct,4,キツネ,Kitsune,3618,hydrology,375,597.784,0.62732,-10.7027,0.002
drop_30pct,4,キツネ,Kitsune,3618,mobility,661,492.46,1.34224,8.533,0.002
drop_30pct,4,キツネ,Kitsune,3618,boundary,352,647.882,0.54331,-13.794,0.002
drop_30pct,4,キツネ,Kitsune,3618,livelihood,518,309.484,1.67375,13.6892,0.002
drop_30pct,4,キツネ,Kitsune,3618,dwelling,810,801.826,1.01019,0.3585,0.36727
drop_30pct,4,キツネ,Kitsune,3618,death_ritual,153,461.434,0.33158,-17.0894,0.002
drop_30pct,4,キツネ,Kitsune,3618,taboo_time_weather,642,708.886,0.90565,-2.9761,0.002
drop_30pct,4,キツネ,Kitsune,3618,actors,707,758.178,0.9325,-2.2252,0.01597
drop_30pct,4,キツネ,Kitsune,3618,actions,264,356.252,0.74105,-5.5855,0.002
drop_30pct,4,キツネ,Kitsune,3618,strict_boundary_interface,627,773.928,0.81015,-6.4518,0.002
drop_30pct,4,ヘビ・リュウ,Snake/Dragon,2335,hydrology,592,372.61,1.58879,13.1512,0.002
drop_30pct,4,ヘビ・リュウ,Snake/Dragon,2335,mobility,287,320.446,0.89563,-2.0843,0.02794
drop_30pct,4,ヘビ・リュウ,Snake/Dragon,2335,boundary,536,426.594,1.25646,6.1398,0.002
drop_30pct,4,ヘビ・リュウ,Snake/Dragon,2335,livelihood,201,208.336,0.96479,-0.5886,0.30739
drop_30pct,4,ヘビ・リュウ,Snake/Dragon,2335,dwelling,479,503.474,0.95139,-1.2964,0.10579
drop_30pct,4,ヘビ・リュウ,Snake/Dragon,2335,death_ritual,189,299.174,0.63174,-7.3758,0.002
drop_30pct,4,ヘビ・リュウ,Snake/Dragon,2335,taboo_time_weather,600,477.092,1.25762,6.6429,0.002
drop_30pct,4,ヘビ・リュウ,Snake/Dragon,2335,actors,654,504.738,1.29572,7.8667,0.002
drop_30pct,4,ヘビ・リュウ,Snake/Dragon,2335,actions,121,195.726,0.61821,-6.0129,0.002
drop_30pct,4,ヘビ・リュウ,Snake/Dragon,2335,strict_boundary_interface,611,501.85,1.2175,5.7693,0.002
drop_30pct,4,ユウレイ,Yurei,1641,hydrology,139,261.456,0.53164,-8.7875,0.002
drop_30pct,4,ユウレイ,Yurei,1641,mobility,333,239.446,1.39071,6.5547,0.002
drop_30pct,4,ユウレイ,Yurei,1641,boundary,399,280.376,1.42309,8.2262,0.002
drop_30pct,4,ユウレイ,Yurei,1641,livelihood,96,140.75,0.68206,-3.9427,0.002
drop_30pct,4,ユウレイ,Yurei,1641,dwelling,396,350.724,1.12909,2.7581,0.00399
drop_30pct,4,ユウレイ,Yurei,1641,death_ritual,1215,241.846,5.02386,74.1767,0.002
drop_30pct,4,ユウレイ,Yurei,1641,taboo_time_weather,335,327.44,1.02309,0.4703,0.33733
drop_30pct,4,ユウレイ,Yurei,1641,actors,415,343.906,1.20673,4.574,0.002
drop_30pct,4,ユウレイ,Yurei,1641,actions,393,180.148,2.18154,18.1894,0.002
drop_30pct,4,ユウレイ,Yurei,1641,strict_boundary_interface,532,353.934,1.50311,10.9672,0.002
drop_30pct,4,カッパ,Kappa,1412,hydrology,1085,271.994,3.98906,58.614,0.002
drop_30pct,4,カッパ,Kappa,1412,mobility,96,205.09,0.46809,-8.8443,0.002
drop_30pct,4,カッパ,Kappa,1412,boundary,156,221.35,0.70477,-5.1726,0.002
drop_30pct,4,カッパ,Kappa,1412,livelihood,96,126.166,0.7609,-2.9195,0.00399
drop_30pct,4,カッパ,Kappa,1412,dwelling,219,298.378,0.73397,-5.4461,0.002
drop_30pct,4,カッパ,Kappa,1412,death_ritual,93,189.21,0.49152,-8.1517,0.002
drop_30pct,4,カッパ,Kappa,1412,taboo_time_weather,158,281.436,0.56141,-8.3251,0.002
drop_30pct,4,カッパ,Kappa,1412,actors,361,309.094,1.16793,3.5672,0.002
drop_30pct,4,カッパ,Kappa,1412,actions,99,126.246,0.78418,-2.7743,0.00399
drop_30pct,4,カッパ,Kappa,1412,strict_boundary_interface,354,308.166,1.14873,3.2541,0.00399
drop_30pct,4,タヌキ,Tanuki,1268,hydrology,132,194.324,0.67928,-5.2018,0.002
drop_30pct,4,タヌキ,Tanuki,1268,mobility,239,181.97,1.3134,4.8372,0.002
drop_30pct,4,タヌキ,Tanuki,1268,boundary,186,232.672,0.79941,-3.5309,0.002
drop_30pct,4,タヌキ,Tanuki,1268,livelihood,106,111.182,0.95339,-0.5452,0.32535
drop_30pct,4,タヌキ,Tanuki,1268,dwelling,272,275.086,0.98878,-0.2148,0.43114
drop_30pct,4,タヌキ,Tanuki,1268,death_ritual,57,166.54,0.34226,-8.8991,0.002
drop_30pct,4,タヌキ,Tanuki,1268,taboo_time_weather,317,265.022,1.19613,3.4785,0.002
drop_30pct,4,タヌキ,Tanuki,1268,actors,262,270.398,0.96894,-0.6035,0.30339
drop_30pct,4,タヌキ,Tanuki,1268,actions,136,110.606,1.22959,2.7181,0.00599
drop_30pct,4,タヌキ,Tanuki,1268,strict_boundary_interface,251,274.084,0.91578,-1.5963,0.04391
drop_30pct,4,テング,Tengu,1224,hydrology,142,191.644,0.74096,-4.1283,0.002
drop_30pct,4,テング,Tengu,1224,mobility,109,163.406,0.66705,-4.6791,0.002
drop_30pct,4,テング,Tengu,1224,boundary,170,221.904,0.7661,-3.9228,0.002
drop_30pct,4,テング,Tengu,1224,livelihood,92,106.23,0.86605,-1.5062,0.05988
drop_30pct,4,テング,Tengu,1224,dwelling,192,256.566,0.74835,-4.8121,0.002
drop_30pct,4,テング,Tengu,1224,death_ritual,31,152.948,0.20268,-10.7972,0.002
drop_30pct,4,テング,Tengu,1224,taboo_time_weather,249,246.956,1.00828,0.1421,0.45309
drop_30pct,4,テング,Tengu,1224,actors,240,253.126,0.94814,-0.9891,0.16966
drop_30pct,4,テング,Tengu,1224,actions,68,104.182,0.6527,-3.7612,0.002
drop_30pct,4,テング,Tengu,1224,strict_boundary_interface,234,257.518,0.90867,-1.6975,0.0499
drop_30pct,4,オニ,Oni,807,hydrology,107,130.328,0.82101,-2.2353,0.00998
drop_30pct,4,オニ,Oni,807,mobility,142,113.454,1.25161,3.0464,0.002
drop_30pct,4,オニ,Oni,807,boundary,158,146.46,1.07879,1.121,0.1517
drop_30pct,4,オニ,Oni,807,livelihood,80,72.496,1.10351,0.9314,0.18962
drop_30pct,4,オニ,Oni,807,dwelling,198,173.212,1.14311,2.1224,0.02395
drop_30pct,4,オニ,Oni,807,death_ritual,78,105.626,0.73845,-2.9216,0.00399
drop_30pct,4,オニ,Oni,807,taboo_time_weather,169,165.552,1.02083,0.3186,0.4012
drop_30pct,4,オニ,Oni,807,actors,165,174.322,0.94652,-0.8411,0.22555
drop_30pct,4,オニ,Oni,807,actions,57,67.648,0.8426,-1.3467,0.11377
drop_30pct,4,オニ,Oni,807,strict_boundary_interface,187,175.944,1.06284,0.9591,0.2016
drop_30pct,4,ヤマノカミ,Yama-no-kami,722,hydrology,77,128.812,0.59777,-5.2413,0.002
drop_30pct,4,ヤマノカミ,Yama-no-kami,722,mobility,46,97.226,0.47312,-5.8327,0.002
drop_30pct,4,ヤマノカミ,Yama-no-kami,722,boundary,87,121.722,0.71474,-3.4929,0.002
drop_30pct,4,ヤマノカミ,Yama-no-kami,722,livelihood,123,64.566,1.90503,8.1343,0.002
drop_30pct,4,ヤマノカミ,Yama-no-kami,722,dwelling,107,154.444,0.69281,-4.5015,0.002
drop_30pct,4,ヤマノカミ,Yama-no-kami,722,death_ritual,17,88.422,0.19226,-8.0085,0.002
drop_30pct,4,ヤマノカミ,Yama-no-kami,722,taboo_time_weather,148,145.626,1.0163,0.234,0.40918
drop_30pct,4,ヤマノカミ,Yama-no-kami,722,actors,185,157.646,1.17352,2.6256,0.00998
drop_30pct,4,ヤマノカミ,Yama-no-kami,722,actions,26,58.292,0.44603,-4.3941,0.002
drop_30pct,4,ヤマノカミ,Yama-no-kami,722,strict_boundary_interface,137,153.078,0.89497,-1.5934,0.05988
drop_30pct,4,イヌガミ,Inugami,552,hydrology,35,89.352,0.39171,-6.6723,0.002
drop_30pct,4,イヌガミ,Inugami,552,mobility,100,78.536,1.2733,2.6487,0.00998
drop_30pct,4,イヌガミ,Inugami,552,boundary,55,94.598,0.58141,-4.6911,0.002
drop_30pct,4,イヌガミ,Inugami,552,livelihood,48,49.224,0.97513,-0.1843,0.47705
drop_30pct,4,イヌガミ,Inugami,552,dwelling,198,120.594,1.64187,7.815,0.002
drop_30pct,4,イヌガミ,Inugami,552,death_ritual,45,72.108,0.62406,-3.5533,0.002
drop_30pct,4,イヌガミ,Inugami,552,taboo_time_weather,92,111.964,0.82169,-2.1945,0.01597
drop_30pct,4,イヌガミ,Inugami,552,actors,91,115.25,0.78959,-2.6167,0.00998
drop_30pct,4,イヌガミ,Inugami,552,actions,22,46.966,0.46842,-3.9734,0.002
drop_30pct,4,イヌガミ,Inugami,552,strict_boundary_interface,111,121.096,0.91663,-1.0688,0.17166
drop_30pct,4,ネコ,Neko,466,hydrology,46,77.998,0.58976,-4.1011,0.002
drop_30pct,4,ネコ,Neko,466,mobility,42,66.788,0.62886,-3.3618,0.00599
drop_30pct,4,ネコ,Neko,466,boundary,81,83.52,0.96983,-0.3088,0.39521
drop_30pct,4,ネコ,Neko,466,livelihood,32,43.352,0.73814,-1.8919,0.03593
drop_30pct,4,ネコ,Neko,466,dwelling,124,104.952,1.18149,2.1102,0.02994
drop_30pct,4,ネコ,Neko,466,death_ritual,124,59.548,2.08235,9.3903,0.002
drop_30pct,4,ネコ,Neko,466,taboo_time_weather,114,96.778,1.17795,1.9845,0.03194
drop_30pct,4,ネコ,Neko,466,actors,77,103.698,0.74254,-2.9787,0.002
drop_30pct,4,ネコ,Neko,466,actions,27,36.462,0.7405,-1.5672,0.05389
drop_30pct,4,ネコ,Neko,466,strict_boundary_interface,98,102.86,0.95275,-0.5618,0.30539
drop_30pct,4,ヒノタマ,Hitodama,249,hydrology,32,40.494,0.79024,-1.545,0.06986
drop_30pct,4,ヒノタマ,Hitodama,249,mobility,27,36.526,0.7392,-1.7474,0.04591
drop_30pct,4,ヒノタマ,Hitodama,249,boundary,58,42.648,1.35997,2.4581,0.01198
drop_30pct,4,ヒノタマ,Hitodama,249,livelihood,11,22.086,0.49805,-2.427,0.01796
drop_30pct,4,ヒノタマ,Hitodama,249,dwelling,51,52.892,0.96423,-0.2925,0.3992
drop_30pct,4,ヒノタマ,Hitodama,249,death_ritual,48,35.49,1.35249,2.3067,0.01996
drop_30pct,4,ヒノタマ,Hitodama,249,taboo_time_weather,73,49.764,1.46692,3.7331,0.002
drop_30pct,4,ヒノタマ,Hitodama,249,actors,28,52.646,0.53185,-3.9535,0.002
drop_30pct,4,ヒノタマ,Hitodama,249,actions,45,24.644,1.826,4.5811,0.002
drop_30pct,4,ヒノタマ,Hitodama,249,strict_boundary_interface,61,54.42,1.12091,1.0166,0.17365
drop_30pct,5,その他,Other,19084,hydrology,3052,3387.99,0.90083,-9.7753,0.002
drop_30pct,5,その他,Other,19084,mobility,2688,2874.028,0.93527,-6.1257,0.002
drop_30pct,5,その他,Other,19084,boundary,3109,2892.182,1.07497,7.271,0.002
drop_30pct,5,その他,Other,19084,livelihood,2377,2419.44,0.98246,-1.4423,0.08583
drop_30pct,5,その他,Other,19084,dwelling,1536,1298.678,1.18274,11.0315,0.002
drop_30pct,5,その他,Other,19084,death_ritual,1841,1662.602,1.1073,7.1412,0.002
drop_30pct,5,その他,Other,19084,taboo_time_weather,1739,1684.53,1.03234,2.1651,0.01597
drop_30pct,5,その他,Other,19084,actors,3629,3834.58,0.94639,-5.8008,0.002
drop_30pct,5,その他,Other,19084,actions,1418,1390.194,1.02,1.1661,0.13373
drop_30pct,5,その他,Other,19084,strict_boundary_interface,3417,3628.238,0.94178,-6.0178,0.002
drop_30pct,5,キツネ,Kitsune,3618,hydrology,414,681.738,0.60727,-12.6595,0.002
drop_30pct,5,キツネ,Kitsune,3618,mobility,701,522.974,1.34041,8.6396,0.002
drop_30pct,5,キツネ,Kitsune,3618,boundary,308,551.146,0.55884,-12.4669,0.002
drop_30pct,5,キツネ,Kitsune,3618,livelihood,595,468.044,1.27125,7.0814,0.002
drop_30pct,5,キツネ,Kitsune,3618,dwelling,139,258.028,0.5387,-8.8813,0.002
drop_30pct,5,キツネ,Kitsune,3618,death_ritual,125,309.096,0.40441,-11.8944,0.002
drop_30pct,5,キツネ,Kitsune,3618,taboo_time_weather,224,318.618,0.70304,-6.0764,0.002
drop_30pct,5,キツネ,Kitsune,3618,actors,645,713.158,0.90443,-3.0673,0.00399
drop_30pct,5,キツネ,Kitsune,3618,actions,225,311.124,0.72318,-5.4983,0.002
drop_30pct,5,キツネ,Kitsune,3618,strict_boundary_interface,548,684.908,0.80011,-6.3529,0.002
drop_30pct,5,ヘビ・リュウ,Snake/Dragon,2335,hydrology,1014,420.732,2.41009,33.5201,0.002
drop_30pct,5,ヘビ・リュウ,Snake/Dragon,2335,mobility,324,343.706,0.94267,-1.1988,0.13772
drop_30pct,5,ヘビ・リュウ,Snake/Dragon,2335,boundary,506,369.806,1.36828,8.334,0.002
drop_30pct,5,ヘビ・リュウ,Snake/Dragon,2335,livelihood,325,299.912,1.08365,1.6538,0.05988
drop_30pct,5,ヘビ・リュウ,Snake/Dragon,2335,dwelling,100,155.602,0.64267,-4.9207,0.002
drop_30pct,5,ヘビ・リュウ,Snake/Dragon,2335,death_ritual,137,201.318,0.68052,-4.9638,0.002
drop_30pct,5,ヘビ・リュウ,Snake/Dragon,2335,taboo_time_weather,412,208.974,1.97154,14.8517,0.002
drop_30pct,5,ヘビ・リュウ,Snake/Dragon,2335,actors,713,469.528,1.51855,13.1377,0.002
drop_30pct,5,ヘビ・リュウ,Snake/Dragon,2335,actions,98,166.628,0.58814,-5.7378,0.002
drop_30pct,5,ヘビ・リュウ,Snake/Dragon,2335,strict_boundary_interface,756,449.124,1.68328,17.2672,0.002
drop_30pct,5,ユウレイ,Yurei,1641,hydrology,162,287.89,0.56271,-8.8525,0.002
drop_30pct,5,ユウレイ,Yurei,1641,mobility,335,248.286,1.34925,5.8611,0.002
drop_30pct,5,ユウレイ,Yurei,1641,boundary,213,230.018,0.92601,-1.2938,0.10579
drop_30pct,5,ユウレイ,Yurei,1641,livelihood,103,192.044,0.53634,-7.0029,0.002
drop_30pct,5,ユウレイ,Yurei,1641,dwelling,149,107.648,1.38414,4.3026,0.002
drop_30pct,5,ユウレイ,Yurei,1641,death_ritual,413,149.068,2.77055,26.124,0.002
drop_30pct,5,ユウレイ,Yurei,1641,taboo_time_weather,124,144.736,0.85673,-1.8458,0.03393
drop_30pct,5,ユウレイ,Yurei,1641,actors,275,313.724,0.87657,-2.4672,0.00798
drop_30pct,5,ユウレイ,Yurei,1641,actions,365,157.82,2.31276,19.2216,0.002
drop_30pct,5,ユウレイ,Yurei,1641,strict_boundary_interface,311,296.912,1.04745,0.9547,0.18962
drop_30pct,5,カッパ,Kappa,1412,hydrology,764,261.758,2.91873,36.0043,0.002
drop_30pct,5,カッパ,Kappa,1412,mobility,150,214.878,0.69807,-5.1506,0.002
drop_30pct,5,カッパ,Kappa,1412,boundary,148,184.52,0.80208,-2.9884,0.00399
drop_30pct,5,カッパ,Kappa,1412,livelihood,135,163.918,0.82358,-2.5072,0.00998
drop_30pct,5,カッパ,Kappa,1412,dwelling,49,84.734,0.57828,-4.1776,0.002
drop_30pct,5,カッパ,Kappa,1412,death_ritual,79,117.918,0.66996,-4.0541,0.002
drop_30pct,5,カッパ,Kappa,1412,taboo_time_weather,79,128.272,0.61588,-4.8766,0.002
drop_30pct,5,カッパ,Kappa,1412,actors,351,277.584,1.26448,5.2939,0.002
drop_30pct,5,カッパ,Kappa,1412,actions,75,106.196,0.70624,-3.5002,0.002
drop_30pct,5,カッパ,Kappa,1412,strict_boundary_interface,299,259.67,1.15146,2.9507,0.00599
drop_30pct,5,タヌキ,Tanuki,1268,hydrology,140,222.446,0.62937,-6.5782,0.002
drop_30pct,5,タヌキ,Tanuki,1268,mobility,266,196.01,1.35707,5.6479,0.002
drop_30pct,5,タヌキ,Tanuki,1268,boundary,182,201.942,0.90125,-1.5929,0.06587
drop_30pct,5,タヌキ,Tanuki,1268,livelihood,135,155.806,0.86646,-1.8647,0.03194
drop_30pct,5,タヌキ,Tanuki,1268,dwelling,63,82.214,0.76629,-2.2318,0.01397
drop_30pct,5,タヌキ,Tanuki,1268,death_ritual,45,112.046,0.40162,-6.6374,0.002
drop_30pct,5,タヌキ,Tanuki,1268,taboo_time_weather,86,114.502,0.75108,-2.834,0.002
drop_30pct,5,タヌキ,Tanuki,1268,actors,260,248.484,1.04635,0.8201,0.21557
drop_30pct,5,タヌキ,Tanuki,1268,actions,118,95.166,1.23994,2.5137,0.00998
drop_30pct,5,タヌキ,Tanuki,1268,strict_boundary_interface,235,243.24,0.96612,-0.6015,0.2994
drop_30pct,5,テング,Tengu,1224,hydrology,131,220.15,0.59505,-6.5313,0.002
drop_30pct,5,テング,Tengu,1224,mobility,128,175.964,0.72742,-4.1046,0.002
drop_30pct,5,テング,Tengu,1224,boundary,163,194.228,0.83922,-2.4717,0.00798
drop_30pct,5,テング,Tengu,1224,livelihood,130,153.578,0.84648,-2.0654,0.02395
drop_30pct,5,テング,Tengu,1224,dwelling,55,79.09,0.69541,-2.92,0.002
drop_30pct,5,テング,Tengu,1224,death_ritual,20,106.784,0.18729,-9.1877,0.002
drop_30pct,5,テング,Tengu,1224,taboo_time_weather,88,110.62,0.79552,-2.2422,0.01198
drop_30pct,5,テング,Tengu,1224,actors,261,241.464,1.08091,1.4119,0.09182
drop_30pct,5,テング,Tengu,1224,actions,64,89.994,0.71116,-2.8778,0.002
drop_30pct,5,テング,Tengu,1224,strict_boundary_interface,215,231.794,0.92755,-1.3137,0.11178
drop_30pct,5,オニ,Oni,807,hydrology,110,143.528,0.7664,-3.1381,0.002
drop_30pct,5,オニ,Oni,807,mobility,171,120.67,1.41709,5.1765,0.002
drop_30pct,5,オニ,Oni,807,boundary,163,125.7,1.29674,3.8145,0.002
drop_30pct,5,オニ,Oni,807,livelihood,130,104.392,1.24531,2.8142,0.00798
drop_30pct,5,オニ,Oni,807,dwelling,72,55.414,1.29931,2.2869,0.02196
drop_30pct,5,オニ,Oni,807,death_ritual,54,69.844,0.77315,-2.0684,0.01796
drop_30pct,5,オニ,Oni,807,taboo_time_weather,39,72.096,0.54095,-4.187,0.002
drop_30pct,5,オニ,Oni,807,actors,176,159.734,1.10183,1.4077,0.08782
drop_30pct,5,オニ,Oni,807,actions,52,57.242,0.90842,-0.7141,0.26148
drop_30pct,5,オニ,Oni,807,strict_boundary_interface,180,155.034,1.16104,2.4345,0.01198
drop_30pct,5,ヤマノカミ,Yama-no-kami,722,hydrology,83,133.506,0.62169,-4.9412,0.002
drop_30pct,5,ヤマノカミ,Yama-no-kami,722,mobility,46,104.26,0.4412,-6.2067,0.002
drop_30pct,5,ヤマノカミ,Yama-no-kami,722,boundary,81,106.014,0.76405,-2.6637,0.00399
drop_30pct,5,ヤマノカミ,Yama-no-kami,722,livelihood,170,90.728,1.87373,9.4584,0.002
drop_30pct,5,ヤマノカミ,Yama-no-kami,722,dwelling,11,45.888,0.23971,-5.4226,0.002
drop_30pct,5,ヤマノカミ,Yama-no-kami,722,death_ritual,10,59.116,0.16916,-6.4812,0.002
drop_30pct,5,ヤマノカミ,Yama-no-kami,722,taboo_time_weather,77,63.608,1.21054,1.852,0.03792
drop_30pct,5,ヤマノカミ,Yama-no-kami,722,actors,158,143.578,1.10045,1.3851,0.08583
drop_30pct,5,ヤマノカミ,Yama-no-kami,722,actions,14,49.44,0.28317,-5.386,0.002
drop_30pct,5,ヤマノカミ,Yama-no-kami,722,strict_boundary_interface,133,134.206,0.99101,-0.1251,0.47106
drop_30pct,5,イヌガミ,Inugami,552,hydrology,33,94.226,0.35022,-7.5314,0.002
drop_30pct,5,イヌガミ,Inugami,552,mobility,107,83.602,1.27987,2.7667,0.00599
drop_30pct,5,イヌガミ,Inugami,552,boundary,56,80.07,0.69939,-3.1191,0.00399
drop_30pct,5,イヌガミ,Inugami,552,livelihood,49,66.696,0.73468,-2.3091,0.00599
drop_30pct,5,イヌガミ,Inugami,552,dwelling,22,34.388,0.63976,-2.2596,0.00998
drop_30pct,5,イヌガミ,Inugami,552,death_ritual,32,47.22,0.67768,-2.2962,0.01397
drop_30pct,5,イヌガミ,Inugami,552,taboo_time_weather,22,49.106,0.44801,-4.2135,0.002
drop_30pct,5,イヌガミ,Inugami,552,actors,81,104.336,0.77634,-2.7323,0.00599
drop_30pct,5,イヌガミ,Inugami,552,actions,19,39.448,0.48165,-3.578,0.002
drop_30pct,5,イヌガミ,Inugami,552,strict_boundary_interface,100,103.816,0.96324,-0.4433,0.32535
drop_30pct,5,ネコ,Neko,466,hydrology,48,86.284,0.5563,-4.8027,0.002
drop_30pct,5,ネコ,Neko,466,mobility,48,70.536,0.6805,-3.0895,0.00399
drop_30pct,5,ネコ,Neko,466,boundary,78,72.56,1.07497,0.7072,0.2495
drop_30pct,5,ネコ,Neko,466,livelihood,38,61.706,0.61582,-3.3195,0.002
drop_30pct,5,ネコ,Neko,466,dwelling,35,33.4,1.0479,0.2968,0.41517
drop_30pct,5,ネコ,Neko,466,death_ritual,103,40.562,2.53932,10.4445,0.002
drop_30pct,5,ネコ,Neko,466,taboo_time_weather,42,40.654,1.03311,0.2148,0.41916
drop_30pct,5,ネコ,Neko,466,actors,69,93.856,0.73517,-2.8884,0.002
drop_30pct,5,ネコ,Neko,466,actions,23,30.552,0.75281,-1.375,0.0998
drop_30pct,5,ネコ,Neko,466,strict_boundary_interface,91,90.364,1.00704,0.0757,0.48303
drop_30pct,5,ヒノタマ,Hitodama,249,hydrology,33,43.752,0.75425,-1.8268,0.04192
drop_30pct,5,ヒノタマ,Hitodama,249,mobility,29,38.086,0.76143,-1.6111,0.06188
drop_30pct,5,ヒノタマ,Hitodama,249,boundary,37,35.814,1.03312,0.2095,0.43114
drop_30pct,5,ヒノタマ,Hitodama,249,livelihood,19,29.736,0.63896,-2.1344,0.02196
drop_30pct,5,ヒノタマ,Hitodama,249,dwelling,20,15.916,1.2566,1.0935,0.16567
drop_30pct,5,ヒノタマ,Hitodama,249,death_ritual,39,22.426,1.73905,3.7338,0.002
drop_30pct,5,ヒノタマ,Hitodama,249,taboo_time_weather,26,22.284,1.16676,0.7931,0.2475
drop_30pct,5,ヒノタマ,Hitodama,249,actors,31,48.974,0.63299,-2.888,0.002
drop_30pct,5,ヒノタマ,Hitodama,249,actions,44,21.196,2.07586,5.4567,0.002
drop_30pct,5,ヒノタマ,Hitodama,249,strict_boundary_interface,39,46.694,0.83523,-1.2743,0.11178
