{
  "epochs": [
    1,
    2,
    3,
    4,
    5,
    6,
    7,
    8,
    9,
    10,
    11,
    12,
    13,
    14,
    15,
    16,
    17,
    18,
    19,
    20,
    21,
    22,
    23,
    24,
    25,
    26,
    27,
    28,
    29,
    30,
    31,
    32,
    33,
    34,
    35,
    36,
    37,
    38,
    39,
    40,
    41,
    42,
    43,
    44,
    45,
    46,
    47,
    48,
    49,
    50,
    51,
    52,
    53,
    54,
    55,
    56,
    57,
    58,
    59,
    60,
    61,
    62,
    63,
    64,
    65,
    66,
    67,
    68,
    69,
    70,
    71,
    72,
    73,
    74,
    75,
    76,
    77,
    78,
    79,
    80,
    81,
    82,
    83,
    84,
    85,
    86,
    87,
    88,
    89,
    90,
    91,
    92,
    93,
    94,
    95,
    96,
    97,
    98,
    99,
    100
  ],
  "losses": {
    "topic": [
      2.932916372250288,
      2.325943396641658,
      2.193428513331291,
      2.1484121756675916,
      2.112341474264096,
      2.0902834305396447,
      2.071946006554824,
      2.0576495635203824,
      2.0674405159094396,
      2.049207002688677,
      2.033753425647051,
      2.0349412911977525,
      2.0284511064871764,
      2.020798542560675,
      2.0259820987016726,
      2.020831438211294,
      2.0027594688611154,
      1.9992309044568966,
      2.002471639559819,
      1.9931215811998417,
      2.0076221319345326,
      1.9903945739452655,
      1.9927934561020288,
      1.983611638729389,
      1.9841894553257868,
      1.9792561775598772,
      1.9847107728322346,
      1.984382607997992,
      1.9813601909539638,
      1.978765035286928,
      1.975813443844135,
      1.9617085915345411,
      1.9683689765441112,
      1.9746839174857507,
      1.9688391471520448,
      1.960276784040989,
      1.9629374620241997,
      1.956148508267525,
      1.9643637186441667,
      1.9603728667283669,
      1.9642370511323979,
      1.9698169965010424,
      1.9557592349174695,
      1.9657333202851124,
      1.949735742348891,
      1.9565737400299463,
      1.9409979856931245,
      1.948834403967246,
      1.940755287806193,
      1.9605703231615899,
      1.9506508845549364,
      1.94614393894489,
      1.9383059648367076,
      1.935006028566605,
      1.9383555161647308,
      1.9323703723076062,
      1.9321893392465053,
      1.9384495264444597,
      1.9220546911924312,
      1.9225609791584504,
      1.9330852001141279,
      1.9216619638296275,
      1.9227915024146056,
      1.918619217016758,
      1.9302742786896534,
      1.9210082445389185,
      1.9188494070982323,
      1.9168745768375886,
      1.91456423050318,
      1.9228261342415442,
      1.923138297521151,
      1.9163237045972774,
      1.9099777325605736,
      1.9174628869081154,
      1.9095857510199914,
      1.9142854519379444,
      1.915060770817292,
      1.9141769409179688,
      1.9081669037158673,
      1.904083258066422,
      1.9040829310050378,
      1.9014152594101734,
      1.905430304698455,
      1.904846692696596,
      1.89516853980529,
      1.901251991589864,
      1.9057629964290521,
      1.9020681870289338,
      1.8922336773994641,
      1.8867590885895948,
      1.8896070841031196,
      1.8962211028123512,
      1.897939642270406,
      1.8956170082092285,
      1.8951862286298702,
      1.8890029008571918,
      1.8964289335104136,
      1.898271496479328,
      1.8857272007526495,
      1.897607528246366
    ],
    "location": [
      4.710211680485652,
      4.369860233404697,
      4.22051956714728,
      4.148713876039554,
      4.083598277507684,
      4.03754429328136,
      4.000085738989023,
      3.958328907306378,
      3.9319169643597727,
      3.891466941588964,
      3.865540938499646,
      3.8400979164319162,
      3.825046270321577,
      3.804183452557295,
      3.7838436517959986,
      3.7629559957064114,
      3.735600917767256,
      3.728280947758601,
      3.711801357758351,
      3.6865711334424143,
      3.6837055622003017,
      3.6596915477361436,
      3.65623986415374,
      3.6474020970173373,
      3.643657128016154,
      3.618321247589894,
      3.6181271259601298,
      3.5940010853302784,
      3.5875504995003724,
      3.5624158688080616,
      3.550042708714803,
      3.534057800586407,
      3.5208775936028895,
      3.5288271414927945,
      3.517622642028026,
      3.5050022907746143,
      3.4968036993955955,
      3.4818547627864738,
      3.493220329284668,
      3.4840356019827037,
      3.460726737976074,
      3.4477747097993507,
      3.448529390188364,
      3.4391343776996317,
      3.421108398682032,
      3.4289712600218945,
      3.413894060330513,
      3.3860194438543076,
      3.39896760842739,
      3.3919076308225975,
      3.3712333226815248,
      3.3726326257754593,
      3.3518286240406527,
      3.3532770169086947,
      3.3488370332962427,
      3.34124327928592,
      3.3125392412528014,
      3.3246017602773814,
      3.3226723976624317,
      3.304665039747189,
      3.3091588815053306,
      3.3030812740325928,
      3.2724558940300574,
      3.270749012629191,
      3.264686798438048,
      3.2392466924129386,
      3.2484262600923195,
      3.2469031443962684,
      3.2665405762501254,
      3.2325248412596874,
      3.2063176937592335,
      3.226020562343108,
      3.205318652666532,
      3.195474508481148,
      3.1899055517636814,
      3.192156210923806,
      3.206709146499634,
      3.1932291312095447,
      3.198049172376975,
      3.162003089220096,
      3.1809526895865416,
      3.168259675686176,
      3.1636375402792907,
      3.1354265274145665,
      3.1496941370841784,
      3.174118757247925,
      3.1393911960797434,
      3.1060648331275353,
      3.1218601006727953,
      3.147479589168842,
      3.1403581545903134,
      3.1209970315297446,
      3.1557276248931885,
      3.1153489626370945,
      3.1401900144723744,
      3.122137412046775,
      3.1411788646991434,
      3.108193874359131,
      3.143013740197206,
      3.129436798584767
    ],